date,momentum_14,momentum_21,momentum_28,momentum_42,momentum_90,volatility_14,volatility_21,volatility_28,volatility_42,volatility_90,usd_volume,strev_weekly,Multi_Factor_Portfolio
2020-02-12,0.02458595350746806,-0.0012094002008994804,0.006996724107763664,-0.07371741289419317,-0.057980390146329955,-0.1500731916296527,-0.12166420843548502,-0.12243860630505977,-0.11393462107216513,-0.13473124837770048,-0.07785404265148874,-0.07897593128684774,-0.020264905125238177
2020-02-19,-0.170421100441886,-0.13881363990017972,-0.14699032872128265,-0.1154289918038166,-0.12487281753589216,-0.13840032845471223,-0.11826597146385154,-0.11824183017970159,-0.12402106912221446,-0.11195195314936947,-0.11269290685744292,-0.12415701238100538,-0.13930537568061144
2020-02-26,0.020973319983090856,0.01610023303608997,0.01614872913307618,0.026108121795039862,0.030636973146896174,0.025092235761310762,0.026842362565847207,0.02656047772531426,0.031055803964209136,0.029152519450923123,0.008387337656783365,0.027075506394939757,0.021993475418838608
2020-03-04,-0.13270238866352346,-0.11147487348265187,-0.10920601696859526,-0.12690564853135794,-0.13830228828178415,-0.13511923549321775,-0.13555793010869396,-0.13571579613946796,-0.13859057598411795,-0.13727502980987066,-0.09536875380824048,-0.13851941622379985,-0.12371824318558253
2020-03-11,-0.358178504575065,-0.36442601526023877,-0.35180203419539136,-0.36354128813565023,-0.3564695985837826,-0.3622225711739706,-0.36156033193202053,-0.36229337833030073,-0.3389147213142787,-0.35700045789953383,-0.35472958777571434,-0.35107264810007077,-0.35888348815002563
2020-03-18,0.14756371979770316,0.16116831206910226,0.1575940772456746,0.16296736531621492,0.13214052489312,0.14143750099859775,0.14114764637054297,0.1398832578863201,0.13706332108330702,0.16528057486858963,0.20410882385082652,0.18661823050736964,0.152286799864363
2020-03-25,-0.0037294478553401562,0.006591193387348038,-0.008622453789544711,-0.007936925139147245,-0.007059693126541425,-0.002895029440418203,-0.002666209112045624,-0.002683181186104082,-0.0027942078065412916,-0.0061694934556592515,-0.012095861497521924,0.008462339747593233,-0.0041514653046451
2020-04-01,0.15651954420162262,0.1574528770116541,0.15702505115319942,0.20744582037757256,0.19106975203992144,0.17677779062243043,0.16792370094276451,0.16894124857505657,0.16946736214112948,0.1776703133551305,0.1580115289848774,0.15712105101544832,0.17390260895679402
2020-04-08,-0.09096284518486975,-0.09762429652521185,-0.09843332862622603,-0.10030042434464802,-0.14408175421829114,-0.09827746361411964,-0.10033850365339976,-0.13372131802115747,-0.13424282978868013,-0.08373983955905662,-0.09476000100931566,-0.10366135430016034,-0.10628052977984936
2020-04-15,0.27692259450661466,0.08477547028996309,0.09212740612840967,0.2632940325166334,0.27663713347984303,0.059321626998210426,0.058895146956706765,0.05866398353083349,0.0826471902516204,0.08236992106148319,0.08488852060380535,0.3824018494342963,0.19875132738429277
2020-04-22,0.14912458242530244,0.1414031512136962,0.14481950254923423,0.1681793669423823,0.16517256112820994,0.1574412433894845,0.15884642025707005,0.15816384026876498,0.17661151935641395,0.17731811146955953,0.19176533150158384,0.15793065189135852,0.15373983285176504
2020-04-29,0.014144900809430837,-0.012115733638193297,-0.012971048755099135,-0.029115998959448424,0.017623812100492915,-0.0014137918240764752,-0.025100424310870655,-0.004220247867229906,-0.0037530076337881912,-0.005469000699533325,0.00378411701963905,-0.007564523441966396,-0.004486813688563421
2020-05-06,-0.040543601861229,-0.027923918198297235,-0.027233116574092116,-0.023013650827321416,-0.04799994879853779,-0.02189073489506741,-0.020727156555646727,-0.0200814656633707,-0.04057153630032889,-0.037807386879987775,0.0029387076036070238,-0.01723495150743464,-0.03334284725189551
2020-05-13,0.04252804340752565,0.06175268014626222,0.055628703212365016,0.060006063833723984,0.04480358672095838,0.04110730916753774,0.025970838382726544,0.02700819732471335,0.02758225345831654,0.034605780681143186,0.029002546328103486,0.03462189225664048,0.05294381546416705
2020-05-20,-0.009520515355919615,0.03529134635228619,0.0670009740301124,0.04092705553851611,0.011911631503948042,0.011362396791629287,-0.002935271022754019,-0.003809080296062057,-0.005290162942190655,0.009476983746604276,-0.02100278258797848,0.0047472103238339735,0.029122098413788627
2020-05-27,0.09792133124747983,0.08644720373702897,0.0791507995837717,0.0815455925197617,0.07823817555025617,0.07963296542892132,0.07804394989075071,0.089987827806066,0.10614269087129559,0.09301232603323373,0.06894713699621628,0.05191207785878316,0.08466062052765969
2020-06-03,0.13657032220992654,0.18502794691408364,0.182913070358056,0.16072092200685198,0.1310361041987219,0.055565297454156864,0.014352933115338595,0.013756926368223631,0.020243254773105613,0.011959688013433976,0.017990451524456854,0.07682145866334524,0.159253673137528
2020-06-10,-0.08811189167974448,-0.08713539802468159,-0.08211484361289513,-0.08268995467760208,-0.09791713848899561,-0.059520689243632,-0.07298428061386851,-0.05940141689254534,-0.0603545451309307,-0.0686368171950195,-0.04826059583812246,-0.0592448436114114,-0.0875938452967838
2020-06-17,-0.007391014923356471,-0.006075458999408603,-0.005565189852601425,-0.00623643526374592,-0.008578911092573992,-0.01594897104677335,-0.014864212528285955,-0.015008195695793869,-0.015327880865328446,-0.016783410928079612,-0.013364100124067382,-0.01280914506342336,-0.006769402026337282
2020-06-24,-0.038056195552372586,-0.038305887970750845,-0.043039090648241594,-0.02842472877058777,-0.027492537143406204,-0.03141031813139302,-0.03128416272303239,-0.030532462772346298,-0.030254376211876034,-0.050013964514886884,-0.01259260102131818,-0.028591300172384718,-0.0350636880170718
2020-07-01,0.09311292362371777,0.0450850380513942,0.038064515393394574,0.03112849951781771,0.033915852546707065,0.07413040939690878,0.0909954830251491,0.09064326365246916,0.08762144120764029,0.09445038723436805,0.042704599161032926,0.1024314849539873,0.04826136582660627
2020-07-08,-0.02555821291752481,-0.019090898143896164,-0.0197086434975504,-0.00010655807476200136,-0.0029911966237341596,-0.020156159620867496,-0.02029594457285415,-0.03730252406631873,-0.036351075590595645,-0.017952775745982766,-0.030693045657749603,-0.026138478106953227,-0.01349110185149351
2020-07-15,0.04811887593635381,0.0532444555071061,0.04315527876780927,0.10792426168955163,0.12002950243750858,0.04983852220302083,0.04990805722809125,0.05108958764770769,0.05029231992042137,0.05114838431620321,0.051481905829259024,0.056123175323072816,0.07449447486766589
2020-07-22,0.07897939657644258,0.10938429982805692,0.12186617768555963,0.02513387313758269,0.037089985910232194,0.15968307290767522,0.11972139626833539,0.118212294108315,0.16317310956021985,0.16396729737880372,0.17615682537544608,0.12874514296130393,0.07449074662757481
2020-07-29,0.1109748801811153,0.1134318476763588,0.13898501654203718,0.12129932200809346,0.09853679025093263,0.11634209641028015,0.11558212796389511,0.11402268784141649,0.11405534765938759,0.09856247931131802,0.10051474940467296,0.06398886966140042,0.11664557133170747
2020-08-05,-0.03962720970396563,-0.026965794469710206,-0.044841851379893896,-0.04333527216596894,-0.009426792431370661,-0.02918304673527125,-0.045280023967815705,-0.04575033102261455,-0.04688141429793415,-0.04392018013533579,-0.02452413917384278,-0.015464314845781627,-0.03283938403018187
2020-08-12,0.03437725356472392,0.06340611758483666,0.06761416239654658,0.035642246240361636,0.11380343457207452,0.0907963882899325,0.0887752329576176,0.034173797628253566,0.033987490967313995,0.028226546155165635,0.025806104751823534,0.03303085680418658,0.06296864287170867
2020-08-19,-0.03544930223839581,-0.04056537182990224,-0.04618389798499378,-0.04353103984971733,-0.05208754365227604,-0.01304178249081621,-0.04142356926856072,-0.009434526505340053,-0.009140124663287074,-0.04083742473655475,-0.03591309033607387,-0.03761142601510071,-0.04356343111105704
2020-08-26,0.5816730155583023,0.31350515980527216,0.1966729582869139,0.24631836846519492,0.27061850428899975,0.047273974272483504,0.04522286640041741,0.041327486850099876,0.03857202700953681,0.03775273803262629,0.0344707080196316,0.19814812823629693,0.3217576012809366
2020-09-02,-0.09036676972282955,-0.08914801545434213,-0.10997594772833767,-0.12000835376880685,-0.11765583623697878,-0.14144619958380963,-0.14220026442251027,-0.14023609617780447,-0.14122517943861443,-0.14015772595032844,-0.14378632270518116,-0.09681603960556155,-0.10543098458225901
2020-09-09,-0.02241416147380034,-0.035977946896444464,-0.05027812083236824,0.006974893027819657,-0.0037802140805982274,0.035849948864430436,0.034865208918133384,0.06415110497667796,0.06270145795379942,0.06117320518455627,0.061861516534625884,0.0359108038692586,-0.021095110051078322
2020-09-16,-0.21927561753935992,-0.22002515856469035,-0.25558409767826384,-0.2628952220865907,-0.22476288495948032,-0.1196056772305399,-0.11933534795388087,-0.12423073232381102,-0.12309411244142661,-0.12034361293656212,-0.08863098538271794,-0.1965110866070921,-0.23650859616567704
2020-09-23,0.1365764450387343,0.16448425856591517,0.15381522099507072,0.14235302678234854,0.172145257016,0.0921614857775228,0.09221457418796156,0.09304265541234148,0.0917071345006876,0.09183397513951289,0.08293981007494172,0.14046627788859614,0.15387484167961377
2020-09-30,-0.04181365831783292,-0.03675739360144336,-0.0322997486020863,-0.0370606040710265,-0.04969638213298243,-0.0335374646871137,-0.033616744208397865,-0.032700182131382156,-0.032887965229776155,-0.03252851658530889,-0.021886482781208905,-0.03441276238512191,-0.039525557345074305
2020-10-07,0.09160130846020256,0.09569534834320162,0.10328137205438037,0.08699817660724524,0.1128331557229907,0.08034310131574968,0.08158313115960551,0.08235722824919833,0.08693261131606779,0.08460040097102887,0.08702936608147564,0.09272924807120239,0.09808187223760409
2020-10-14,0.026074130007920984,0.03703399211557078,0.006654860212394589,-0.19915317664422233,-0.10000107860092569,0.0394348811837937,0.03928735581385706,0.04017891232618043,0.03888716903314007,0.03953605941214536,0.08404581187986603,0.02745197695190398,-0.04587825458185234
2020-10-21,-0.024663070355492357,-0.0365131538725549,0.02099354774363754,-0.046332647099362315,-0.08110800529216507,0.01589973165618626,0.015435486644966034,-0.000943569230878084,-0.0024265707313532864,-0.0012093785463570175,0.02739110626776209,-0.061837877344419465,-0.03352466577518742
2020-10-28,0.13093737648194845,0.11749796329285332,0.06740525068785914,-0.0407012547594014,0.027015194018261617,-0.03974995502002004,-0.04260880442758787,-0.04417156265624467,0.00617713684660693,0.003969323155357217,0.04469299067895324,0.14428168960400328,0.06043090594430424
2020-11-04,0.11386765468529027,0.13223468042390418,0.2045607071732908,0.47800102124076504,0.3477224800704117,0.08228347510685881,0.08233652099805062,0.08106422159758704,0.07965516132654223,0.13051369337029411,0.11539395873372615,0.3403159718193365,0.25527730871873244
2020-11-11,0.19233214557046202,0.1812220900914177,0.25564594938155727,0.29202204450978525,0.43678082742140695,0.06587445747353296,0.06533548761000113,0.062504845516348,0.05899416787809407,0.1035597640822469,0.10192539699796982,0.046774677494745495,0.27160061139492586
2020-11-18,-0.03169103248486752,-0.039337632032678094,0.016543011198835236,-0.05366772381011069,-0.09864236308769932,0.15528240127283108,0.15689079013665794,0.1574604642959535,0.15958555954917752,0.1595157803871558,0.08333253432580597,0.11201474593358032,-0.041359148043304074
2020-11-25,0.2847933934383284,0.25454178209714,0.2665402695827522,0.20451845086859324,0.24124658507799124,-0.03711215726052651,-0.03308416894579426,-0.031208960264135676,-0.02977279048924193,0.047495155316480644,0.019487239566055845,0.22373062800654325,0.25032809621296104
2020-12-02,0.0845793289942326,0.07474935850393379,0.10280091781964004,0.13464741163348246,0.3530228988072526,-0.03382530840947975,-0.03235449819041481,-0.03214339652573532,-0.03204286683701016,-0.03842252427252439,-0.03889934208827924,-0.020524521379243668,0.14995998315170833
2020-12-09,0.17122313026751124,0.19886202241199755,0.17500553240386138,0.18123511499222655,0.3325855055886189,0.1137006210009624,0.11364803256231679,0.11363855734103193,0.11393291302491154,0.11216022475627668,0.1389012858519612,0.1152589373443048,0.21178226113284315
2020-12-16,0.12397049279412878,0.10601865540731521,0.0891096271033559,0.05962573300775242,0.17962996908904547,-0.07004496590215786,-0.07109436410747173,-0.07684081119430536,-0.07440293082242154,-0.06986254963450379,0.04729035417323496,-0.07938034394361493,0.11167089548031957
2020-12-23,0.058471594485071644,0.0656615700082051,0.12219105846702966,0.0861843136966277,0.04350673545265843,0.19107879983629858,0.20088904422055623,0.23362168930896518,0.20020138837877233,0.2336603900036299,0.25129840724077945,0.1708024065677991,0.07520305442191852
2020-12-30,0.2334314394915315,0.2240874433771727,0.2423747309057086,0.26551759578131184,0.2579057232868123,0.35224863035163834,0.35662465191041065,0.3226795298109363,0.3687205875349155,0.32331671893649894,0.3379405520452388,0.29026835557165226,0.24466338656850745
2021-01-06,0.023763924572194155,0.06979227767844871,0.0870399342033668,0.08694347452691131,0.14081925700772693,0.020974653093684417,-0.01955156219711446,-0.05263746107432419,0.0017237965692772188,0.001870442258866966,-0.010922655016288125,0.04883420770240612,0.08167177359772959
2021-01-13,0.10583976993523359,0.16777164733562866,0.19667767525381485,0.27850124051185454,0.3105187908449539,0.14498964228191852,0.07037148715799768,0.14379245197772056,0.11553224945786122,0.06682431111764182,0.025053391301947867,0.18114780698194985,0.21186182477629711
2021-01-20,0.07848431338259584,0.024651024773967214,0.018880356662056758,-0.02962476968969415,-0.022567409624071118,0.07314304780070532,-0.07157780319270701,-0.0703399379739802,-0.06793452978452104,-0.06434050775405951,-0.1264680270124155,-0.06830192512368412,0.013964703100970907
2021-01-27,0.40852004769061606,0.37962823982315597,0.346522233724675,0.38472094508156873,0.40514927335880446,0.2343088381897106,0.2636633033636161,0.26373626454038535,0.26329930147042063,0.2662641555459785,0.26999032765584646,0.2582412889406735,0.3849081479357641
2021-02-03,0.2934692106818111,0.32545467367676684,0.2682496946464975,0.2483296565631363,0.27481921055687,0.35437851638648976,0.45230181011539194,0.40924772521380137,0.401281665777606,0.33217264995613266,0.1537680391151424,0.5323606405424001,0.28206448922501637
2021-02-10,0.03857538088502727,-0.0026068038238342348,-0.02547374289352143,0.015712496637512376,0.008496214099101116,0.22645834367915096,0.2245896249934914,0.22198702828551964,0.26898480011613196,0.20760878539103406,0.17301392683230438,0.12991740546791633,0.006940708980857021
2021-02-17,0.1757543575517823,0.133129570055733,0.08411227039383938,0.008678066903013712,-0.00455227719798513,-0.10041175184849149,-0.09671683141140286,-0.10223966125531388,-0.11149323544468494,0.006651405735090678,-0.01697596900831867,-0.11153166680817957,0.07942439754127666
2021-02-24,-0.031240976233345864,-0.032703309496775274,-0.013598085862191443,-0.0026009272841308554,-0.006889146604852714,0.018106688180369906,0.0224997538170448,0.0026918192723472197,0.0012662647428376599,-0.008063631832755477,-0.009066947474455423,-0.0040116455353590135,-0.017406489096259234
2021-03-03,0.13685455468515745,0.13371092719826932,0.11967949145728571,0.09669829144938695,0.04694246823290492,0.08985593750471967,0.08889380253521972,0.08849672739760653,0.09393991935969,0.09564908636473984,0.11689304362878836,0.07799023452813955,0.10677714660460089
2021-03-10,-0.008727932825541369,-0.01333164800489021,-0.017159745644387853,-0.027948795378861534,-0.03191871605501709,0.019433915182436246,-0.0035475344317791387,0.0181048024774588,0.026931772417008427,0.03905921899306194,0.03669152553630293,0.0008029981501643524,-0.01981736758173961
2021-03-17,-0.12612278574412605,-0.09128819393824163,-0.0957351629587853,-0.09186917452199957,-0.11744377057437877,-0.11937688881588639,-0.11434061763499269,-0.13670516251421552,-0.11685207698120899,-0.11052261515725402,-0.11526872539599943,-0.13778915003243017,-0.10449181754750628
2021-03-24,0.1796841516672077,0.1736611185862991,0.20387985249719018,0.20853081071364266,0.22141215460091604,0.1814104978173058,0.19071840673870655,0.19115407460801048,0.18789912532061123,0.1896883562925476,0.16344775899904795,0.20974851133418154,0.19743361761305114
2021-03-31,0.12530746765911405,0.11470460359828721,0.04196927132358015,0.1558162474082613,0.09361623567776382,0.10335258080270462,0.08379669592664812,0.10831479870243281,0.005166626025767434,0.05576357213150276,0.001087042660269172,0.10483596948061266,0.10628276513340132
2021-04-07,0.21732949071157787,0.19887136406135553,0.23469673199275828,0.35288215948042395,0.28023111143112533,0.1494916628535547,0.19023861973336417,0.1863342064806282,0.19933831708314198,0.1867564527139139,0.209879196855708,0.16096806701709762,0.25680217153544826
2021-04-14,0.17222236659763934,0.19184748512450653,0.17818144520526544,0.12401429875598127,0.040415359525003025,-0.10300308041936469,-0.10256018741307991,-0.025022926728213626,-0.03154449903836734,-0.03221304904475578,-0.0709862034252091,0.07695674162787096,0.14133619104167913
2021-04-21,0.08971273547047495,0.06341703976948865,0.06248347860093831,0.06615207214513331,0.07309314656130964,0.19039735621901255,0.19562539480305374,0.19443891057691773,0.19683807431703376,0.11289993698904323,0.07454853201461097,0.21934267875999408,0.07097169450946897
2021-04-28,0.7821266994015669,0.8566703742483504,0.8026486989281761,0.8990476567877611,0.3509383911904679,0.08700338738641525,0.08422240132480519,0.08736248087705538,0.08842777214575298,0.21339891441806366,0.22481108835545227,1.1021341722252296,0.7382863641112645
2021-05-05,-0.08713721399307216,-0.09252412772456162,-0.09982212945702569,-0.09652547579570504,-0.08902759458837922,-0.013170713440232662,-0.013248851625413888,-0.01641216203394715,-0.01711660230844415,0.0179050441233178,-0.059430429118404376,0.0010692880551522836,-0.09300730831174875
2021-05-12,-0.3218198067597648,-0.32427014197317483,-0.34169547425884045,-0.34425358487795593,-0.3695984030717578,-0.3543335949072474,-0.35463719403938043,-0.35775306632519205,-0.36108197764768973,-0.30217335257747674,-0.32795018975189355,-0.33833372325426714,-0.3403274821882988
2021-05-19,0.2635994905536955,0.23303870093587614,0.2677693055753563,0.263625284819044,0.2397892063408846,0.15731792714634155,0.15611340167879242,0.1567361198864656,0.15627207014435524,0.1227490426739603,0.12450891323887356,0.15303327082833135,0.2535643976449713
2021-05-26,-0.023910974467414678,-0.11231735743473219,-0.12314530055085288,-0.13087099518459394,-0.10336125837585183,-0.0005235639567840004,-0.0011424764009836785,-0.0022654308265810264,-0.00259289711171652,-0.0021595514446648596,-0.05117465728768951,-0.021401645884222453,-0.09872117720268911
2021-06-02,-0.046962606708772045,-0.07940410344669532,-0.08784220718048667,-0.08532263058859707,-0.07858492024183517,-0.06019942290121617,-0.05509132700389199,-0.05458333386111315,-0.05343046025859431,-0.053195042134701886,-0.02846946333031391,-0.07726866087245052,-0.07562329363327726
2021-06-09,-0.07607504535966153,-0.06734900482528612,-0.0923504313545411,-0.09915411029975972,-0.09895248559707137,-0.06112577742106398,-0.05436232504213633,-0.05888892298467817,-0.058043747313893154,-0.057744627079253194,-0.02598099752176211,-0.10644003119052381,-0.08677621548726397
2021-06-16,-0.14002417453305915,-0.15891011746325476,-0.16366202331563817,-0.23778830347011345,-0.2447602241679795,-0.18498167909928892,-0.1746707026171893,-0.1539140681496984,-0.14228786780983532,-0.14187969736973427,-0.14194888542570064,-0.23539441167552255,-0.189028968590009
2021-06-23,0.10276922528480928,0.15101952059405377,0.14072123283098179,0.16922531616992809,0.34693728193876033,0.15595736065647703,0.15458266270813048,0.18602696132755547,0.15667096659517288,0.13258143619608279,0.08431263483223139,0.22306508971020556,0.18213451536370667
2021-06-30,0.016607268148238558,0.014469042250738019,0.015050280359213832,0.01597300870434984,-0.05599856685433149,0.018084405832306954,0.01682976389129112,0.016043506858274773,-0.009851139724134924,0.017139741332416282,-0.011009347473786625,0.011398012865163086,0.0012202065216417534
2021-07-07,-0.10751832122773969,-0.11332377255127207,-0.12207762921691377,-0.12632531439303088,-0.13132894091174446,-0.08154906133233697,-0.08048530065606868,-0.08004083378062975,-0.07993974394599641,-0.09720658666303106,-0.07975282015822932,-0.11661350644497287,-0.12011479566014019
2021-07-14,-0.06235149965252668,-0.03985145331491626,-0.024513440548041665,-0.009778442286400877,-0.055379635866623644,-0.026479783975915498,-0.014171545623966756,-0.019583518788563313,-0.02086344626869105,-0.009335796307401209,-0.017145662245391855,-0.055499677512291096,-0.03837489433370182
2021-07-21,0.14907381320488036,0.12067122979228871,0.1284158418593644,0.13645815507089837,0.12515028900438577,0.15226957546200443,0.13565291109364275,0.14137655907461955,0.14142326116813106,0.15023422648069068,0.19865001529112422,0.11879979762984043,0.13195386578636353
2021-07-28,0.0952206418810709,0.10639110379931777,0.11424585598387475,0.05567326512643177,0.07397771231041929,0.08326875838058205,0.07685619769306491,0.05616501688182296,0.08569484565349281,0.0681760099917231,0.04981646262059684,0.08920390455815094,0.08910171582022292
2021-08-04,0.1477236153837253,0.14808568437119304,0.16672177514216263,0.15305276723081684,0.1700861957025555,0.15894218248105335,0.1587895385896414,0.15681320366623183,0.15366471553013372,0.15399005521944406,0.154293258800921,0.15726517022468783,0.15713400756609067
2021-08-11,-0.019952964703874292,-0.04265339255672355,-0.04408473255911763,-0.036893666851130553,-0.031186237901869387,-0.0304499289652419,-0.029831087787439196,-0.028146042429361744,-0.02963486558660381,-0.021733998681552496,-0.025026605722604945,-0.025211803634179374,-0.034954198914543086
2021-08-18,0.2415364701243562,0.11486325830015279,0.17284774432963834,0.18132225032475482,0.08710417966784492,0.21587267601708982,0.20168698631294926,0.19982739087300108,0.21218263787685943,0.2182198671570693,0.08911214658732808,0.28486866845366793,0.15953478054934941
2021-08-25,0.04592593327644986,0.08590593641207973,0.09037425984774149,0.05276826668982239,0.019393878698318264,0.058513464851072935,0.03879055664013604,0.052433532422154025,0.037760896809165466,0.0051890168770819,0.05627538396178325,0.06839375325342772,0.058873654984882354
2021-09-01,-0.11726100091174325,-0.12499194537053383,-0.11085665565699054,-0.11921282924109353,-0.10807468186903199,-0.10035079789667326,-0.10053640729143407,-0.09825142254862182,-0.10109738543635201,-0.07682648514568491,-0.07320360581322084,-0.10427959913095515,-0.11607942260987865
2021-09-08,0.018176140402400034,0.006991658437619328,0.0058220051206438,0.01059298799965384,0.03885103906669426,0.017220771328898238,0.0681681241786475,0.017487424002410844,0.017310509766403845,0.042667886244983896,0.037138071741013204,0.06319257746678433,0.016086766205402253
2021-09-15,-0.13562876067937615,-0.16143216475414904,-0.16922245826672233,-0.16199179367988456,-0.1436952985250446,-0.14420866732856683,-0.14445360713573674,-0.14393596226656663,-0.14401750560577842,-0.13104324117298866,-0.11579924745086997,-0.17650935883248725,-0.15439409518103533
2021-09-22,-0.07360235208219199,-0.09588323373371471,-0.05020168540254262,-0.03637759611291117,-0.06420870460140676,-0.08138866441415263,-0.07318393632171771,-0.08696147490197215,-0.08653484696581745,-0.07267437537731646,-0.0587325229288593,-0.08452457781960598,-0.06405471438655347
2021-09-29,0.23292215767537877,0.2501911208811531,0.2331191754277841,0.24492684484229238,0.22296781460934895,0.2595032633980994,0.24543860412044288,0.2562746864908594,0.2438709630342411,0.24488393352694135,0.2980955941417199,0.23728300572024846,0.23682542268719148
2021-10-06,0.051200385785527436,0.015088963846783668,0.02397227095746598,0.051551535067694894,0.05524645081306938,0.004267571953769906,0.018946312650573564,0.019500450694812467,0.025708726015665387,0.010774115627897778,0.026903001660355873,0.017646252007151326,0.03941192129410828
2021-10-13,0.14571366031314334,0.13197207310624168,0.13972419308396386,0.13334629050039276,0.1515109454691718,0.10432915285618252,0.12316679641812738,0.12208164907415883,0.1274889826003576,0.12986608961056118,0.14089509276561507,0.06111492460680297,0.1404534324945827
2021-10-20,-0.06502756444750615,-0.09790654184358277,-0.0948404101240895,-0.08856140205034557,-0.06769468006370544,-0.05431017073511879,-0.07498167985642452,-0.0729792919972078,-0.08176948214363855,-0.11108508548650388,-0.09644071523551141,-0.09034648009553436,-0.0828061197058459
2021-10-27,0.1545995277752623,0.15900139350956027,0.15092940482822045,0.16468845226924175,0.1506436926045561,0.14143470171427983,0.12192373666630309,0.160583320870825,0.1667311516019615,0.17858663803947356,0.11628003564045587,0.07839576188875651,0.1559724941973682
2021-11-03,-0.007447047378618525,-0.005309273440262702,0.006882061718473478,0.01160406780634991,0.02126935237990068,0.025553518060663895,0.019205182740481015,0.018850361903888505,0.027405837207835168,0.02315928602780368,0.027479330573400563,0.0525891106364966,0.005399832217168569
2021-11-10,-0.11146024405036678,-0.10619274086522343,-0.10042862809604997,-0.08850274104317088,-0.08846090082592845,-0.054958814681490595,-0.047756647865971856,-0.048057321099118075,-0.048128115173246576,-0.043194519788458396,-0.07337807118195304,-0.012057969742500674,-0.0990090509761479
2021-11-17,0.005008781436824133,0.0042173518829861124,0.0007343008731902998,-0.001990303141574146,0.001810847204927614,-0.033661116300865,-0.049268364733786055,-0.04876546677242634,-0.04876789302595239,-0.007796082096289079,-0.02984054184953517,-0.0223703404766442,0.001956195651270803
2021-11-24,-0.01646035902919349,0.022345825839843275,0.03388982918639485,0.05725228373309082,0.05696476477908363,0.010382535931496382,0.008053630008032856,0.009301960323762421,0.008592573759644114,0.00979841840912906,0.02614082356421565,-0.007644238910950012,0.030798468901843817
2021-12-01,-0.13827212310744458,-0.15902081925526004,-0.11526551032136799,-0.056140374853159244,-0.07065803286242653,-0.15034096332471986,-0.12634085802795061,-0.12353699885962388,-0.12831514603471478,-0.09573207602436859,-0.07528970850215892,-0.17396013535223892,-0.1078713720799317
2021-12-08,-0.06631993951945722,-0.08202227121265084,-0.12340903150830257,-0.05897177555628986,-0.037457713455194046,-0.08517355278500184,-0.08578023805856157,-0.08579513647520516,-0.10416568149842381,-0.08558985519830839,-0.062009138335551876,-0.13556426220449808,-0.07363614625037891
2021-12-15,0.011203876453503209,0.011702663549204262,-0.008626282364139582,-0.02001849993435912,-0.022175947861908293,-0.014731749265471444,-0.014409390246150108,-0.01446242481709871,-0.014733485833631137,-0.014524813926906481,-0.008410466689771886,0.05141254890845946,-0.005582838031539906
2021-12-22,-0.03560985513761778,-0.0228198413299796,-0.01565321129333419,-0.018623509681529704,0.02808444208114251,-0.04711899639494007,-0.04565046501815896,-0.04673920447865705,-0.04640503458695254,-0.04582013160782471,-0.05667025075218377,0.015051370463338178,-0.012924395072263756
2021-12-29,-0.04744121928265023,-0.04834351223176068,-0.04004139496670467,-0.06684085639464714,-0.03448872638900048,-0.06060421832771493,-0.05982823809656647,-0.06051065123608963,-0.06008751587881547,-0.060652298404975866,-0.05195019449577712,-0.6999772535523129,-0.04743114185295264
2022-01-05,-0.062291135140975694,-0.05730923207069537,-0.027349271907250512,-0.04589609936422344,-0.09654481645411751,-0.015196820499269657,-0.014986476512936608,-0.01604597025218201,-0.016058207304789702,-0.01535114120637943,-0.008235178743250915,-0.6322277753256278,-0.05787811098745251
2022-01-12,-0.0801357150310255,-0.053354311696990536,-0.07391360471007442,-0.08606834470315618,-0.12654085935312068,-0.06460025956164574,-0.04466634157200836,-0.04451426560798008,-0.043008624882370075,-0.04428817896738286,-0.0634853900037505,-0.6487838199401873,-0.08400256709887347
2022-01-19,-0.21355654221815681,-0.16156028466361608,-0.2134337826318981,-0.18880254555186757,-0.20271773033644275,-0.22394430057693113,-0.22103831211790576,-0.19279828269769098,-0.19208929803957053,-0.19263611608902997,-0.1567399938217669,-0.6326924846334466,-0.19601417708039626
2022-01-26,-0.005879195353242489,0.022550326279967267,0.02078212226240626,0.008799088963213728,0.038212866888020926,0.026910383709510228,0.026573715459856827,0.02627136931614324,0.025855976265516972,0.02374785921670644,0.03737253045439096,-0.38738700720766206,0.016893041808073137
2022-02-02,0.21795057793431993,0.21412030301173277,0.20273533737601082,0.2106677422478644,0.1827561654901905,0.2164129703153194,0.2179346695607104,0.21666078554473303,0.21708712876664002,0.21792015886568178,0.20520897535821547,-0.7257258962392888,0.2056460252120237
2022-02-09,-0.011578540738410798,-0.01832664101750046,-0.020844361836129442,-0.032426906136066115,0.0005865658708570157,-0.030089540125992346,-0.023935446640368112,-0.0242019005025643,-0.023817960053868308,-0.023950863466702416,-0.021457743963972813,-0.45355292043000167,-0.016517976771449963
2022-02-16,-0.17954486169489783,-0.1675136850247836,-0.1719538340474585,-0.15582432026063991,-0.1667317792987567,-0.15761419047359548,-0.16243779148026444,-0.15770221460317232,-0.1579059147952708,-0.1575382714838968,-0.15977378924366847,-0.7291350256865686,-0.16831369606530733
2022-02-23,0.09580181857436997,0.10681105413503945,0.12487038429889123,0.13446672383907615,0.13552555035736757,0.13026695668407,0.13095041117973427,0.1307906464601229,0.1304386495603811,0.13075742220588538,0.16022965501251019,-0.396697351715474,0.11949510624094886
2022-03-02,-0.0555121629491946,-0.06936412194658782,-0.07502129295007473,-0.07887544416566039,-0.06109581617147922,-0.06206003582780146,-0.06333312017330771,-0.06328028910871421,-0.05074136911194403,-0.05057422745625517,-0.055606559039847486,-0.6495831752516295,-0.06797376763659936
2022-03-09,-0.005110862571218018,-0.01154051071758935,-0.01784457914118261,-0.022172855836488807,-0.015601013458273423,-0.021790214203723436,-0.016429800749290666,-0.016345292479272095,-0.016451449157545997,-0.014311998927468638,-0.009334759129348669,-0.6022327918742405,-0.014453964344950443
2022-03-16,0.17194603483286824,0.09338659158924226,0.10119912005045123,0.1775091844936088,0.1999843150668635,0.1904536456686191,0.10164532017401531,0.09880703022547221,0.09889400403538709,0.22236866526401217,0.06056124248611862,-0.7291975043581611,0.1488050492066068
2022-03-23,0.12052606519661745,0.16995688519581853,0.08892245122699693,0.1234560967965975,0.15523549503045442,0.16930178487527603,0.1690052911788944,0.16803044112517374,0.1515440471951513,0.08758277824864502,0.1025565803084004,-0.6303686013190044,0.13161939868929698
2022-03-30,-0.1719459812782768,-0.18859172890632364,-0.16237256112609583,-0.152917617893889,-0.11309182278105087,-0.06432176534900455,-0.06651871851266233,-0.06597467799778974,-0.08586923949942207,-0.11660008850367769,-0.08190988878839058,-0.6514088380855892,-0.15778394239712723
2022-04-06,-0.030924082598775268,-0.03361140022764023,-0.03126951365056913,-0.026191735919706357,0.0020747958766328756,-0.01141665300223086,-0.03466496402028123,-0.03447792101858471,-0.03423084187413921,-0.0020818026930935866,-0.031741246310582366,-0.4991188737617891,-0.023984387304011624
2022-04-13,-0.0016899621514539721,-0.019337480108323056,-0.011216970980333123,-0.008238215828188171,-0.015246597732049116,-0.003803937336531272,0.007201469206562838,-0.0029508436612479226,-0.0011043259778534785,0.01203295251745613,-0.0035746952897774942,-0.6577507310376373,-0.011145845360069488
2022-04-20,-0.08725966840451528,-0.08451101008013573,-0.10333758801827946,-0.10931011800429566,-0.11055412304936986,-0.08366626358090425,-0.08283332043527634,-0.056706338113230524,-0.08174082008987822,-0.05638683390421029,-0.057541851153054394,-0.7310678356209982,-0.09899450151131921
2022-04-27,-0.016538330949062048,0.0008191307090247837,-0.03210890070108337,-0.027225087398174436,-0.0055525569903330406,0.004086203396697551,0.00653685823467922,0.0022933672957428193,0.002846532791686762,0.000637001354992622,0.013078312748626126,-0.555559765164048,-0.016121149065925624
2022-05-04,-0.35400663550086103,-0.3112902196666974,-0.3257188237830481,-0.3963928727054264,-0.34130974608689546,-0.3056864114500566,-0.3058635566097465,-0.30504260909235326,-0.3404170693272398,-0.33720662805964896,-0.2809841170638609,-0.8092198548697498,-0.3457436595485857
2022-05-11,-0.02507725899396048,-0.04608850523242235,-0.021867331887231726,-0.02679079933181559,-0.042532404172594504,-0.0022023649969319884,-0.03136425041007901,-0.03153104975712376,-0.036103363591813965,-0.04025056378235342,-0.03238904344297984,-0.24642993475172453,-0.03247125992360493
2022-05-18,0.08490790070476516,0.040549682258021746,0.032598739477913224,0.033394258331073394,0.08280119948537903,0.08880842297529204,0.043659599438304775,0.04300914775170392,0.04146262250770821,0.038480346522213306,0.02974541865323245,-0.6610571112590501,0.054850356051430516
2022-05-25,-0.05326254300633935,-0.053318919988569274,-0.04080115525386368,-0.033848294967391085,-0.044934199340002916,-0.043305510954724014,-0.043945644338013026,-0.04385156570706941,-0.04340467171387437,-0.04257895465764569,-0.017660379600126255,-0.7605586012630456,-0.04523302251123326
2022-06-01,-0.0568710932368331,-0.02001455126080376,-0.020093751463793608,-0.0219772280128455,-0.028853731265537138,-0.029057132767009844,-0.02561835978157872,-0.026631471549575535,-0.02639822280473262,-0.026325092261996974,0.0037225890940870395,-0.6575793988781967,-0.029562071047962622
2022-06-08,-0.2817658809430668,-0.2690928598646791,-0.2611857719696812,-0.25379173807544253,-0.2640838048263085,-0.254133033106279,-0.26511639992141717,-0.2727920171176129,-0.26815248855301715,-0.2715782768593075,-0.2709390331221547,-0.7257301729314221,-0.26598401113583564
2022-06-15,-0.11611212074180183,-0.07854232441365519,-0.07455504454625024,-0.11476825818892794,-0.09950535335747947,-0.11686876820695541,-0.11714632713629611,-0.1168017481122785,-0.1245109825675479,-0.12602036499447222,-0.12667120986078398,-0.4296484781233183,-0.09669662024962294
2022-06-22,0.0031103197910554107,-0.013501413118824877,-0.002675269481826678,-0.013771323240183254,0.015102396852478751,-0.0003386889991883798,-0.0006876167199675685,-0.001127788038371354,-0.0012802030805273978,-0.0030273921121927497,0.019391999785960574,-0.5177142044472615,-0.00234705783946013
2022-06-29,0.010794993089923032,0.010772625087831784,0.02600956285984415,0.021221946554678083,0.04118509532311135,0.0158771208044016,0.017043853453834804,0.016549160997955507,0.02887559004159837,0.05095724130684714,0.0459757930214652,-0.7510457023628273,0.021996844583077678
2022-07-06,0.03498657662436248,-0.015580970244416962,-0.016283164304349874,0.04964072090084004,-0.020172768526898747,-0.011779066684202847,-0.014590046200387414,-0.01551999871216583,-0.015371976314491456,-0.04339043288203647,-0.031169396515544144,-0.8088241068259578,0.006518078889907387
2022-07-13,0.26304424942364,0.3264494601047671,0.26829999892657586,0.21717002709736039,0.2739203836827573,0.286200183726288,0.21606819585347417,0.22918405619590387,0.23169462177332584,0.23751584495592942,0.21572363801892783,-0.6049495917031974,0.2697768238470201
2022-07-20,0.04398113599245904,0.04832646345900344,0.11720693593063339,0.11766876900598422,0.11836549950134832,0.026185309348809284,0.026395313958513526,0.02682463860132396,0.026557288049070173,0.033982705974306,0.023052514883719084,-0.5884422263853595,0.0891097607778857
2022-07-27,0.03780032302592115,0.03710183191803757,0.03643265205052727,0.03278824289948762,0.030340498815754836,0.06021303480983347,0.06122048418418844,0.060942832850902046,0.06087809582429764,0.04009514176916723,-0.001419699374358665,-0.7723019727835798,0.03489270974194569
2022-08-03,0.10366885207368368,0.11065480927843092,0.11743447105847502,0.11203070819664183,0.11600493393591667,0.18455835009900723,0.18163557867995306,0.18971449543404728,0.19145340993205204,0.16693903251485537,0.07734577992729576,-0.8245333178009523,0.11195875490862964
2022-08-10,0.0027961904878055586,0.0018685401250062295,-0.008281061213957629,-0.012905301729832655,-0.030579643891540297,-0.04936166811395807,-0.010874600771810931,-0.01239985404580659,-0.03705941455807288,-0.03738765211037817,-0.020656940471042256,-0.6525970169285185,-0.009420255244503758
2022-08-17,-0.06384438279880637,-0.07736317040660404,-0.08675165831183904,-0.09293792760295808,-0.10318143056567824,-0.05844688119876002,-0.08180543437772403,-0.05449521905346373,-0.056482726165008844,-0.05720445105167402,-0.08814820259494136,-0.6368066240245112,-0.08481571393717716
2022-08-24,-0.09597778856864092,-0.09592859830568269,-0.08905683187629733,-0.07840333548248828,-0.07826592283078444,-0.08481698445440528,-0.075775051161248,-0.05734629358921925,-0.07701074286621683,-0.075539770354265,-0.062257521469680305,-0.5953167401524169,-0.08752649541277874
2022-08-31,0.04155801410395249,0.009797750247067213,0.018734899741636977,0.07520999398924852,0.09824113580368479,0.019900038528196183,0.014836869595687072,0.015229930327027626,0.015687995587734885,0.014208429380444027,-0.007567388653036832,-0.5644842135533579,0.048708358777117995
2022-09-07,0.005541899564166701,0.022211464117691277,0.00815543961422747,0.03179566116524272,0.012929787892567903,-0.002785697193440184,-0.0026256063313170657,-0.0028027143328523685,-0.0065266059404985,0.008612934602249019,0.03550471375438863,-0.8102326843418102,0.016126850470779212
2022-09-14,-0.18736632619964877,-0.1883003695681261,-0.1582991916688951,-0.16913213261436566,-0.24669068590695417,-0.16535008564203346,-0.15599867388792626,-0.14099495763557762,-0.1476039707316904,-0.14829122853373,-0.12761091414291006,-0.7923247337929634,-0.18995774119159797
2022-09-21,0.03811609273555317,0.03478904788198229,0.03972067459292666,0.07982766041737448,0.02064817435148169,0.0554541976763783,0.043996544055574134,0.039016518057607974,0.05560136618088457,0.04401228388206406,0.05517419874397839,-0.4104981686916481,0.04262032999586366
2022-09-28,0.06653855960351965,0.04169608639680639,0.06189871106383169,0.051133917122085315,0.010371668155335337,0.024490217743275623,0.047740255889459265,0.024240248200859616,0.034821208626192035,0.023471191974344795,0.03227140670192673,-0.7580717639750448,0.04632778846831568
2022-10-05,-0.07838854324530656,-0.08173850083189307,-0.07704850266663885,-0.06579237732390913,-0.09919454659743845,-0.06442382747662384,-0.06329001879261484,-0.07272027462401287,-0.05401563687904728,-0.06050920897488721,-0.04951348289366965,-0.797100839536061,-0.08043249413303721
2022-10-12,0.06344982790346715,0.06590762403742138,0.06122956943342039,0.0713697136969815,0.01721321141534697,0.003502745969271719,-0.018944968360878785,-0.006223415042902499,0.0025430735913617034,-0.01719538739801673,-0.003363291005546746,-0.5884293790900536,0.05583398929732748
2022-10-19,0.10471777113513525,0.06830478541997051,0.06601685256258841,0.05944563060262397,0.10023963017879445,0.13037409842009737,0.13056395630273657,0.1445536292306408,0.10095456632939126,0.13434112124392628,0.11937570138164029,-0.7262246888962881,0.07974493397982252
2022-10-26,0.007796673082033408,0.11123719884201799,0.11310992601435664,0.13145590522836648,0.13178386210306947,-0.028200258483767823,-0.024160087468209225,-0.025158093506221106,-0.026668910495575432,-0.024982947614942075,-0.024972848700522857,-0.6967462451745232,0.0990767130539688
2022-11-02,-0.3025499371884426,-0.29838249453742616,-0.3219731050158781,-0.3628799796979887,-0.34449175808594595,-0.23653421206402547,-0.23656242736561175,-0.23461166769342023,-0.23402365761790395,-0.23458320007107053,-0.23287893025704107,-0.709137020773438,-0.3260554549051363
2022-11-09,0.11234773007972453,0.1028044748665897,0.12665407774593185,0.11588648591653142,0.14866301053806702,0.07376172055513958,0.07409714992933528,0.07416689865528753,0.07473836401114284,0.07801518215006101,0.06551594475584538,-0.29407185632300714,0.1212711558293689
2022-11-16,0.02744986682632735,0.026700908026972437,-0.008947478003784693,0.024872185984401884,0.023306138375751732,0.03127829176850914,0.03127596335300091,0.030059884547224625,0.03037756940206774,0.0309825789481126,-0.00793406013358153,-0.743148982203871,0.01867632424193374
2022-11-23,0.03333824084501202,0.01620621784841435,0.030013292130951247,0.02973846051698325,0.001311328780765621,0.021950385985211998,0.022228442893545045,0.022418232983913863,0.02301666166302517,0.022245365472216564,0.050058671660059194,-0.7468856138043418,0.0221215080244253
2022-11-30,-0.05565163554313804,-0.032971497829878856,-0.06539265596310367,-0.04653126617049119,-0.041477528071583676,-0.04152711887603709,-0.03186530282599371,-0.03160408585358426,-0.031562086581084475,-0.031268164817889535,-0.0310084591110815,-0.8187856156381235,-0.048404916715639096
2022-12-07,0.004627438211036619,0.009941288725183588,0.03022244448116101,0.0003848001565553028,0.02983953945878837,0.014413704614189372,0.03599269353195033,0.01819366928905798,0.012159182335651393,0.014066482595204332,0.05524858842366314,-0.6380242012148332,0.01500310220654498
2022-12-14,-0.07319398865806036,-0.08554371257007098,-0.08926684427488352,-0.10397165375457885,-0.07533461254071852,-0.07821217889228717,-0.08084157274886099,-0.0747903038103329,-0.06844939287034933,-0.06839041112069212,-0.060547010696254934,-0.7974491000973103,-0.08546216235966246
2022-12-21,-0.02155953236157376,-0.028675053023661114,-0.02503907599250932,-0.03706022282424826,-0.01858407147214612,-0.026535182179170627,-0.026752618412703405,-0.019074721805674787,-0.01889908060059523,-0.025148159683862897,-0.01843265261939827,-0.5717657437554637,-0.026183591134827718
2022-12-28,0.022281202092041666,0.027769748287351174,0.027742586255852526,0.032298080233424634,0.047377041540745894,0.02498785566565086,0.02556209834888434,0.040615952749686574,0.03988886663025141,0.026829176495126256,0.03263716142216579,-0.64577061028693,0.03149373168188318
2023-01-04,0.09142831031561459,0.07989765938063498,0.08306949920418517,0.10646086212094533,0.08011932282830067,0.08290097833338377,0.08207921388229653,0.08236366074631112,0.09331388695672123,0.0818449718866406,0.07816268933209299,-0.7862076275906498,0.08819513076993615
2023-01-11,0.02540872901775927,0.07476955545772387,0.0650012214905771,0.08682010870965029,0.08234268952970751,0.07118333821262031,0.08089352329702286,0.07946495196011444,0.07953935828182769,0.06429655620249068,0.13160412262504248,-0.6494921676637858,0.06686846084108362
2023-01-18,0.13307700128664907,0.0712684981058536,0.06371351459701302,0.06826704452740358,0.07381701257510322,0.08646000141567434,0.08610776809769466,0.08589804952544819,0.0936264863529232,0.09209974595552546,0.10031257957700507,-0.7702102779858121,0.0820286142184045
2023-01-25,0.04793911911699455,0.044432354309103916,0.027858747485599588,0.046081053954374784,0.026995940677206735,0.056034351949101134,0.05600174392509694,0.05573290801394299,0.05510456829262215,0.05784148246098562,0.030976235860972624,-0.6882159469591868,0.038661443108655914
2023-02-01,-0.023291089901556348,-0.02353609141493382,-0.015843984898139065,-0.022621681414681988,-0.019715756551335274,-0.005119036014614841,-0.006021762302062385,-0.0052162365477126105,-0.005062066723303155,-0.0026470005357303664,-0.021494107404014917,-0.7821206812629159,-0.0210017208361293
2023-02-08,0.044567003318996476,0.04157597408037372,0.03859484376024729,0.03912882098593956,0.04617715033240118,0.0007971741113281198,0.003274587678163011,0.004688131332907661,0.0035219683522114704,-1.4129134543227131e-06,0.04669181845077971,-0.7537832774364385,0.04200875849559165
2023-02-15,-0.02994919637399423,-0.021846917678131628,-0.025323314778500753,-0.02771457514843583,-0.014339689552822372,-0.002500721928391119,0.00859353651081168,-0.013303705999737805,-0.011875783629744792,-0.01257419628473568,-0.008929807963753538,-0.7728201569420918,-0.023834738706376965
2023-02-22,-0.024546589695244883,-0.009777702109416982,-0.017652319382702862,-0.011021989083604054,-0.01713091386200401,-0.02021125484089145,-0.015872096086281616,-0.01451085724935516,-0.014783378816376015,-0.014588593717395326,-0.013027440609149702,-0.7265251993804606,-0.01602590282659456
2023-03-01,-0.14028086742682938,-0.13625884465526522,-0.21302762199684422,-0.192948241504668,-0.16322533445955445,-0.08704914693970313,-0.08226618616910017,-0.08245724610071509,-0.08221226033414335,-0.08171706005039008,-0.0821826406209222,-0.7262922632865705,-0.16914818200863227
2023-03-08,0.18797915575983942,0.16228874188091505,0.12075712023489646,0.3198500283761012,0.24932702319964928,0.0578502052542148,0.06153381733676231,0.06341766077240586,0.07205168336414536,0.07199222921376332,0.11300871279076453,-0.41957519779138663,0.2080404138902803
2023-03-15,0.051445927224727614,0.05252164064221585,0.044510381165790244,0.03872184936719767,0.0410466451092533,0.038126230991390654,0.055698113382291886,0.05461476881295105,0.054433100400137484,0.05284946235359909,0.1055559522161211,-0.7150169766912129,0.045649288701836946
2023-03-22,0.03915022114386123,0.03600157729414495,-0.00492439567938552,0.005393523989181786,0.03728537336478998,0.01179572664250186,0.01193164687204667,0.011880289036675777,0.011317274093588127,0.011313079218142643,0.03353812773838273,-0.781524710030408,0.022581260022518486
2023-03-29,0.12131057021317902,0.07311363974836607,0.07703612222281322,0.07942824544752275,0.16297376488535972,0.02485393526578672,0.025026046460675647,0.0250519158930752,0.025138437084414104,0.02535609559465943,0.01606994049246302,-0.7601663060739685,0.10277246850344816
2023-04-05,0.04744971868371366,0.09953492646596382,0.08334004329562474,0.08048948897508,0.11750846165098944,0.02843361751128464,0.011625961528048817,0.012480557780958043,0.012522513942106902,0.011652961983163594,0.037300856453108315,-0.8228107545961699,0.08566452781427433
2023-04-12,0.13033730966832435,0.08051603821530565,0.12822637338095794,0.13198221383335662,0.15371513997072425,-0.013596658073110102,-0.02780254659641506,-0.012318521803089559,-0.012737572314230467,-0.011927571888290467,-0.0162479293127586,-0.8014931545278426,0.12495541501373376
2023-04-19,-0.01314119830018529,-0.01377433569104292,-0.018417474595828383,-0.00569697325411319,-0.006021708018933992,-0.03335025311260409,-0.02670629677007633,-0.02658219286761653,-0.023973167802478483,-0.02387741928932596,-0.01949084902552663,-0.698042855505025,-0.011410337972020755
2023-04-26,-0.043116425207309586,-0.04287876965312676,-0.040945162440896764,-0.032171142878865515,-0.041185846409477395,0.013863785209194741,0.013997649745324223,0.014219916966447026,0.01614531641741178,0.01616317197951028,0.01724416943590186,-0.675562594397664,-0.040059469317935206
2023-05-03,-0.11418562351785229,-0.12493158756020921,-0.1419400549210952,-0.12720326871890775,-0.13868364626350693,-0.024279111292770633,-0.022076525921714427,-0.02256811670582789,-0.03664090310390004,-0.023756382610801534,-0.043450725189573644,-0.750122897465772,-0.12938883619631428
2023-05-10,-0.0017845744547031594,-0.006626297822282015,-0.005291538304708218,-0.007140891285501432,-0.007113300757075338,-0.0039843484373333245,-0.004680373924066938,-0.003458002530891794,-0.00480397870036414,0.0020806939393471805,-0.009112546808151153,-0.6160643835995411,-0.005591320524854033
2023-05-17,-0.033558568215849356,-0.030627891404148837,-0.029533312119869017,-0.03457519126440999,-0.03299914138631825,-0.028384883733759657,-0.028673230080268987,-0.029147864199002033,-0.033241116270383134,-0.03163168508674991,-0.030433610407411913,-0.8199655756655132,-0.03225882087811909
2023-05-24,0.022354301559701473,0.026729885096077762,0.025219487103114134,0.10994782836234591,0.10509957665894713,0.01982403753298228,0.017531446110280922,0.017273198113056068,0.020390410809790423,0.023575240467656286,0.03507255819936452,-0.7037417096365841,0.057870215756037284
2023-05-31,-0.052661131247956065,-0.08178693852022037,-0.05322653790771564,-0.046293161057044424,-0.0418458491801521,-0.04666490378271541,-0.04710323981054146,-0.04167101649781522,-0.04709811282781252,-0.03687997073101394,-0.02174837995797713,-0.8180976324657364,-0.05516272358261772
2023-06-07,-0.12999622525223245,-0.1252708362674465,-0.07985319088985592,-0.08356169014495443,-0.12620865648126872,-0.09302314027294434,-0.09298402569273607,-0.093268249803551,-0.09182300725545672,-0.08532842014208306,-0.07377709766175379,-0.5701051901894133,-0.10897811980715161
2023-06-14,0.18280079066675903,0.22720903559100092,0.23194206070545142,0.17474858336645915,0.19134564009810992,0.18330859837060007,0.18216107089229994,0.1813289892334706,0.11994772474231272,0.1662805957925496,0.16734666797752093,-0.4919237797271455,0.2016092220855561
2023-06-21,0.14354056131227047,0.00946545440785921,0.17211603649377577,0.161116812701675,0.20412036548936527,-0.010972275115276585,-0.013581154892136404,-0.013555326560557182,-0.013047769987535145,-0.012934409197783249,0.0028215568106877264,-0.6610010104718826,0.13807184608098913
2023-06-28,0.12854617689732387,0.13625121637205567,0.11653992152844284,0.13145019727685767,0.11147548822078285,0.04762324334715347,0.05293989831811406,0.050316120841433,0.049041438101300114,0.04652199611800961,0.03794245627905365,-0.7550838126499786,0.1248526000590926
2023-07-05,0.018610499263006883,0.019895421387006052,0.03440785224997675,0.02880208250010323,0.008998516446062654,-0.027620648807379185,-0.026022594220063342,-0.009379731536771537,-0.0077086429405791865,-0.0072166242976063714,-0.0056873485891412645,-0.7652558241396792,0.022142874369231114
2023-07-12,-0.07757641215625238,-0.06867250862083511,-0.08474520121638535,-0.0800365863069042,-0.057949564613110856,0.04588914102780414,-0.010065053395490388,-0.009496303070163846,-0.002041775750810599,-0.0009796895912020196,-0.012563735968695384,-0.7147334588895832,-0.07379605458269758
2023-07-19,-0.01579593638197184,-0.014482511390883395,-0.020604402677298028,-0.014418156457185766,-0.021773653278087456,-0.012249552258691277,-0.013158175060110402,-0.013174514442267058,-0.01662793196320414,-0.016230268728772868,-0.014721854670765474,-0.6757772167005397,-0.017414932037085298
2023-07-26,-0.01294960783580732,-0.046749784057363894,-0.052809438867894215,-0.04798704718608523,-0.04617298534577935,-0.023274029014448066,-0.012442478242263154,-0.017328893994284254,-0.01679441570066011,-0.012490675052401035,-0.010791275610141038,-0.7233435305753435,-0.041333772658586
2023-08-02,-0.0034096043358024034,0.016139125976540786,0.024999297572592383,0.027007141225967556,0.03784121374453674,0.0023189865453036537,0.0019443983626046095,0.002366547088770065,0.010598749823895214,0.0015149906285476557,0.013043091624267015,-0.6798386788878067,0.020515434836767016
2023-08-09,-0.057798595925712515,-0.05920531611042523,-0.05089569677233497,-0.11827393986021495,-0.12320359604131632,-0.0493254200781178,-0.048526455567169155,-0.04950781056473069,-0.04745596039041003,-0.05213044608023302,-0.030494617234772956,-0.8290535220768378,-0.0818754289420008
2023-08-16,-0.06492133513854155,-0.06322919142973694,-0.04388617468058918,-0.025801721786875346,-0.03250056008404269,-0.04611297585005025,-0.04767045908360336,-0.04892624296502368,-0.0495748807409763,-0.04713764183382143,-0.07615774225266306,-0.5781864320397221,-0.046067796623957144
2023-08-23,0.04582769244035602,0.04554611455903586,0.044419771481155945,-0.014406254142399363,0.09492587564023024,0.03993010310691014,0.040719348697382765,0.040791123534955474,0.04097179534457455,0.018413671203800396,0.028634888513604427,-0.6349783113634677,0.04326263999567575
2023-08-30,-0.043056348441282255,-0.04746693127782684,-0.0421267676977788,-0.04355351035608412,-0.08376939813150665,-0.0473450824575334,-0.044629649493450115,-0.04463689969420564,-0.04187704307634948,-0.041143410386340964,-0.05394208499429934,-0.7630021829822159,-0.051994591180895736
2023-09-06,0.00670754167700594,-0.006420060747978977,0.0038762795204809863,-0.007323002567212992,0.02647221724850551,-0.012921301008804342,-0.010575586329927205,-0.010919785197442565,-0.009509370612724239,-0.011119373995719023,0.009552335926254133,-0.6527705622527123,0.0046625950261600935
2023-09-13,0.03825578193795018,0.027288169031669734,0.03350186066955018,0.02411100718588157,0.08732944645333263,0.03142955456727755,0.062027641859124495,0.06512753648979443,0.02025121848922967,0.026941794261529563,0.027908010441479947,-0.7785666947067843,0.04209725305567686
2023-09-20,-0.02476017454655935,0.01150140498084757,-0.01265429750230939,-0.023209708483419,0.03767337153737852,-0.021810452478311496,-0.022011918582684628,-0.02170377475580941,-0.02108957025999483,-0.024299432599532576,-0.02346162971859711,-0.8028123784589037,-0.00228988080281233
2023-09-27,0.05910757646113985,0.07850642846772674,0.050791625981355774,0.033046940778129495,0.03426473963369221,0.02075381340434086,0.02130044948388268,0.022154201029381062,0.022470595148399723,0.021091773501168774,0.04530865790616823,-0.7014509894389713,0.051143462264408815
2023-10-04,-0.060222762085877436,-0.06208207635414165,-0.05373743780484901,-0.061706385927797675,-0.04241701143875905,-0.041886178372770644,-0.04190939392551118,-0.04164027947692087,-0.04112514267802624,-0.040834939939952394,-0.036549960309931434,-0.8334126369773461,-0.05603313472228497
2023-10-11,0.04874033210287222,0.029855905620357944,0.03731734374374462,0.023291685728652093,0.021420650137905037,0.0036529530213439965,0.01371030938672537,0.013545060958858724,0.015108299956375127,0.014610377226606333,0.03781316998096609,-0.6768115599756862,0.032125183466706383
2023-10-18,0.30700242021612645,0.27371497580916504,0.32946747384644653,0.29358091512620815,0.23565045396283263,0.09972747875639586,0.11352888552179476,0.11208138089162002,0.12794711310552628,0.12723134876847023,0.1954962978504751,-0.7753815388273788,0.28788324779215574
2023-10-25,0.10552990501817948,0.13541012613127162,0.09016239373330036,0.07137460499059001,0.06942973757135011,0.043454609099997196,0.04327685889263718,0.04106495247286524,0.0410398017257264,0.04388845396817506,0.02845053102630109,-0.6037364579768851,0.09438135348893832
2023-11-01,0.08741895161539623,0.09488403724698251,0.0942029447252733,0.09088263448869764,0.10248824545030642,0.045383856683691146,0.045454366845989934,0.04556936915848112,0.048194804758061635,0.10159793577825169,0.013344460573138638,-0.7526286585018721,0.09397536270533123
2023-11-08,0.016423484582359586,0.01708591276388227,0.014740094937889097,0.006779741591027327,-0.004397689817110695,0.04671451910414379,0.06628596397888739,0.06662117713785255,0.06771272547462712,0.06780292100440496,0.06877006037892153,-0.7954549639091035,0.010126308811609518
2023-11-15,0.018108306494576426,0.0012444270349931535,-0.0014042689583852867,-0.005951975775703269,-0.011444940152941112,-0.03362403876127907,-0.03460737851266407,-0.03569209586984307,-0.03639450573282886,-0.03588739648387666,-0.009562743113366672,-0.7673404157965726,0.00011030972850798213
2023-11-22,-0.027840241188608606,-0.01645501887326368,0.0025834659128758175,0.005656808463468201,0.008038469211766253,-0.025406240698656508,-0.017313803175508333,-0.017047412230001044,-0.014876625398249743,-0.01683111240061249,0.0005573204264889756,-0.6719119657447047,-0.005603303294752403
2023-11-29,0.043914142618725074,0.019543859380675037,0.027113837737820577,0.03445512293040396,0.03424369741453475,0.089446823447911,0.07260112215870462,0.07049573296818018,0.07542437322865683,0.07389369356334369,0.1380778429341749,-0.7425201469705213,0.031854132016431884
2023-12-06,0.22272384753167068,0.1412691534683706,0.2096270794897847,0.29352826924927256,0.3153975331647661,0.020490785120693862,-0.0009802965568098112,0.018857226256158915,0.01947147404988099,0.02653219011490632,-0.009444873879351888,-0.8121158373195044,0.23650917658077295
2023-12-13,0.04992769288688466,-0.04010993577673165,-0.05769677207003781,0.026985529149230806,0.1401027289878161,0.011487249080455536,0.011770520406359102,-0.0027776682449683924,-0.0034789859956732396,-0.004665974372422549,0.009365183351700087,0.1452446353804003,0.023841848635432417
2023-12-20,-0.01031926813224296,-0.030219205337213673,-0.02471370589179759,0.0029312991722142594,-0.011561304860394354,0.18771767485849225,0.1765126362276116,0.1808827918406588,0.18584362505683635,0.1854452874356926,0.02592651748816845,0.09577517290389759,-0.014776437009886864
2023-12-27,-0.11971477664914247,-0.10960129512875581,-0.11201569176175462,-0.10342640569390549,-0.10338658878139324,0.003999448763012813,-0.06652817564756154,-0.06695246020512441,-0.07170426962743934,-0.07232405212063717,-0.03931058588984285,-0.08611375313995079,-0.10962895160299034
2024-01-03,0.051699966599061876,0.10864111489403838,0.11664188490208546,0.10957130598484258,0.13975679439772787,0.0903884978741282,0.0889335727626244,0.1322208013342427,0.11929476270214585,0.1302707521411519,0.11127098896564051,0.09667206602420354,0.10526221335555123
2024-01-10,0.04687155359386916,0.021479130644871034,-0.027787377761135823,-0.03474809602448422,-0.029145885781931228,0.03297550276812241,0.028202902233418647,0.02666638530283631,-0.037923726511542855,-0.024092624821647562,-0.0585736761404982,-0.0006903106686929547,-0.004666135065762215
2024-01-17,-0.027829786066124934,-0.047229108052211206,-0.08200766780665272,-0.1251962818093134,-0.12691572509288226,-0.0838980400589469,-0.029317986410314224,-0.0346013628529414,-0.07531327877396306,-0.07549880921404462,-0.07948160078914553,-0.08981509316383057,-0.08183571376543691
2024-01-24,0.06604696948453959,0.0896221696847056,0.06410797801666611,0.031329069145779945,0.02924744177848703,0.05455333302153714,0.08493415714140716,0.06567977849521123,0.06044457570501524,0.04188615034085896,0.0481875194462365,0.031402412787562346,0.05607072562203566
2024-01-31,0.07674730570105101,0.10386883810169759,0.1072025188933396,0.051920484064603506,0.03343258666877266,0.024091063511502586,0.0657754708666414,0.06225506053130078,0.08375239957497069,0.02310377574852341,0.04686095913753864,0.004591493029374582,0.07463434668589287
2024-02-07,0.14229592116954765,0.13091596241434958,0.1272720787186502,0.11033058790532156,0.11123361406987943,0.12324558020564969,0.12803627192319603,0.1485755093790144,0.15115178242571015,0.1277035077920099,0.15958376020387413,0.10398726560418509,0.12440963285554969
2024-02-14,0.06876110011954756,0.10438781831661463,0.10053445629863811,0.08022484416681071,0.026068513058539772,0.032755986559065586,0.029807645916467663,0.07393469333769187,0.08538019324182425,0.023489732928450722,0.02094287540697273,0.03412545175310216,0.07599534639203015
2024-02-21,0.18028522043037268,0.181586308563544,0.18700930261854262,0.17785374606035032,0.20635918324366198,0.1659663496926041,0.13916696638721188,0.140174223548178,0.1468482871968399,0.13910493481166447,0.1738285633075274,0.1413047839060089,0.18661875218329432
2024-02-28,0.07700501694247815,0.0728041441228755,0.07293444215866071,0.06572569752456364,-0.005608195726594933,0.21053556822693206,0.13164775625718372,0.13841807825335067,0.12190162434129831,0.18754221182593694,0.07841684885721623,0.21564794440408075,0.056572221004396614
2024-03-06,0.21573811173434038,0.17646060738826375,0.16530257636407947,0.1672370510070132,0.2000203331700626,0.1768273848054104,0.18237673684451294,0.17896156529843915,0.17473630417820596,0.15816617256350038,0.09646843189667548,0.15876102994137725,0.18495173593275188
2024-03-13,-0.14038279581041654,-0.1581231130336383,-0.1480860163140362,-0.1389983801740939,-0.15181911876412266,-0.09623494551338593,-0.10036616355069537,-0.10331127421292575,-0.0949280344643274,-0.0988846341912311,-0.09060668194297093,-0.1169337370767616,-0.14748188481926153
2024-03-20,0.11652154821391594,0.11198183542466895,0.10098639830758062,0.09681369450677664,0.0980115754399393,0.11044037068132273,0.044678602851493714,0.04383632718765919,0.04310502652057691,0.03823714621545814,0.014893701731882225,0.04022799647013806,0.1048630103785763
2024-03-27,0.034141495558695674,0.017779544286362404,-0.026549534857713074,-0.026229272850347346,-0.031846468419537206,-0.008993053923225833,-0.02264187660885031,-0.02556487997963646,-0.027318891690002914,-0.028357322186637637,-0.04697698303995529,-0.05937010400409128,-0.006540847256507911
2024-04-03,0.10162813857782432,0.08806230563382486,0.08275805980942519,0.07767061796983771,0.07627010719399102,0.09910483849223913,0.07202328639440073,0.09409764080736932,0.0900634067781322,0.08876297041354017,0.07092646182625689,0.0665552013137812,0.08527784583698061
2024-04-10,-0.19066527903590721,-0.17950920500756568,-0.16991366246932618,-0.22212706480655064,-0.1902466602527526,-0.1262860901756307,-0.10682253306378348,-0.1398875116401715,-0.11701561399148491,-0.11912749320493074,-0.14249984796853235,-0.1836162516998643,-0.19049237431442048
2024-04-17,0.04637311140678824,0.045617823104737595,0.036314191039040454,0.06881943021349031,0.07580150702455635,0.05536933307339941,0.05788168743852588,0.05801251887909994,0.06583298979838942,0.06569256604838221,0.05168068790145707,0.060620187552846955,0.0545852125577226
2024-04-24,-0.047465203742544655,-0.06939829274032074,-0.06722738444108939,-0.06864558831090894,-0.09720332005328446,-0.06014764970767161,-0.057624585481376056,-0.05917241905875216,-0.06286463569239172,-0.06537162520201126,-0.08131605449805114,-0.06496341218202621,-0.06998795785762964
2024-05-01,0.017060940854675195,0.01189619949655903,0.006037950885614086,0.005146413517590992,0.035513098402981585,0.026496427251243647,0.004389481587817686,0.004417761032358854,0.00615605065293277,0.01042011346903876,0.03751943069684144,0.033043333116608974,0.015130920631484178
2024-05-08,-0.005292011987023511,0.009969326922902755,0.020437367794802045,0.019216760758489874,0.00582413838126907,0.00834767596660136,0.021607386291963654,-0.0016606660362683996,-0.0005250596665077809,-0.0005754475130179681,0.062120536271794195,-0.02636912449160975,0.010031116374088047
2024-05-15,0.0712584947742551,0.08271873803677383,0.15446801748739047,0.09973365906876734,0.07135437848577889,0.138874520866384,0.12098862736803406,0.10256932500107258,0.11367246302930711,0.1168784494816866,0.08764131122702633,0.1623220139189497,0.09590665757059313
2024-05-22,-0.032968924439786516,-0.01891222446177608,-0.005303448991561573,-0.010350113076744953,-0.04321366142611445,0.004556249390230575,0.0014057215864391043,0.0004212500429479314,-0.029152305346118783,-0.0069382672849663705,-0.010365158353937769,-0.04318865777498724,-0.022149674479196718
2024-05-29,0.026555848293465814,0.026885788766515338,0.017224518272281945,0.008719867405365976,0.08112776333127084,0.06280278305878527,0.053353767595363234,0.06129413116875454,0.06181651289480424,0.05326223347459118,0.045229630037248426,0.06678031082190022,0.03210275721377998
2024-06-05,-0.050306995365999724,-0.05084784469671025,-0.06656835040985362,-0.10375420857919267,-0.07866969876860877,-0.07981502098659303,-0.08514052975094932,-0.07143338803700638,-0.07083717233874855,-0.049815845334160676,-0.05599959649428319,-0.01762115362182702,-0.070029419564073
2024-06-12,-0.028474493160103247,-0.058097477607979106,-0.06750869937440217,-0.032824303773655285,-0.047018106833748616,-0.052577994853556284,-0.06643135238084014,-0.05478255745433458,-0.050228336972737306,-0.020403317598003345,-0.035635370245337784,-0.09230002898419519,-0.04678461614997769
2024-06-19,0.04987640457229835,0.04783038218025636,-0.011499279626580358,0.008234316823399257,-0.029988656316346087,-0.04350813537902714,-0.03487408324086324,-0.034242669390968976,-0.04599575070119348,-0.07000944952479507,-0.058499901914072276,0.026295542591200878,0.012890633526605506
2024-06-26,-0.02228091287668495,-0.020863483067531143,-0.017903280101296673,-0.02727521015382747,-0.013643572921696084,-0.02731983121842594,-0.02710039195467004,-0.026701660018863937,-0.014841923102001178,-0.022265948181849328,-0.015522214627423769,-0.024595250592263036,-0.020393291824207266
2024-07-03,-0.03531758258615466,-0.021875058830206226,-0.014494130466345857,-0.0007926691750438954,-0.03476845114892848,-0.05210682014598376,-0.05290217029882091,-0.052681415759647195,-0.052530400297802204,-0.05684596033319728,-0.04639384096347204,0.001871560794507201,-0.021449578441335826
2024-07-10,0.10183782268172957,0.0927038066011453,0.05952074797570104,0.08975667950683444,0.03719904552004455,0.09002682388608557,0.09026373237521608,0.089868446672641,0.08862590707753273,0.08845651693881237,0.10276969771217226,0.11470650875344932,0.07620362045709099
2024-07-17,-0.045669561437448554,-0.060781373004612886,0.0032460087267133886,-0.01532067082225825,-0.02262897534416522,-0.0380391251112049,0.0016108381005897612,0.001859816286870963,0.0013972915087106306,0.0005225743083896715,0.007025921792682059,-0.05298579156023392,-0.028230914376354305
2024-07-24,0.03439799777801779,-0.009247944330520464,0.029785761538727855,0.010299462553862375,0.08621163266035393,0.007471898218047482,-0.02008483333138781,-0.020082290993958984,-0.02042131405844614,-0.021489185048739614,-0.01823910656567138,0.02511042039259612,0.0302893820400883
2024-07-31,-0.22339362025277498,-0.18975539369641617,-0.18163856434677556,-0.1846207473067634,-0.18384180762788566,-0.17323895857582772,-0.17594638175882008,-0.17708308036897435,-0.17660579421861414,-0.17809929525579252,-0.19527079361579452,-0.26748116287617385,-0.19265002664612316
2024-08-07,0.08161560071724241,0.09835082036640602,0.08096447201625731,0.09812821206840343,0.08900008946907863,0.10485882783625577,0.10698177286143884,0.10661765145767808,0.08772189369440159,0.08696709728458989,0.09236508557288063,0.14655234690697694,0.08961183892747757
2024-08-14,0.11582631603708582,0.05635253120262988,0.1143312015884696,0.0770101565526729,0.07484512170753517,0.07358397104168021,0.07501579275785192,0.07543358052591015,0.07594484845959837,0.03469175208432412,0.02544201661861871,0.12253229539211676,0.08767306541767868
2024-08-21,-0.04139778776779801,-0.058857185804516154,-0.0525414506295941,-0.06732530586641235,-0.05644709709930925,-0.033285295871491344,-0.03399792103319581,-0.033622176844829106,-0.03380583909142138,-0.04106553571249059,-0.03739992759841411,-0.047468077861227184,-0.05531376543352597
2024-08-28,0.007699126202628857,0.031010571575679234,0.05478142850337279,0.04081739457842651,0.021778448381447178,-0.026222616367922166,-0.014659716270128223,-0.015255143127350438,-0.014518578438417399,-0.030236468697371618,-0.022338672287269237,-0.003901300235718023,0.031217393848310914
2024-09-04,0.07402759498675358,0.07153821409757252,0.05227077412964462,0.06537887573144863,0.06036756431515704,0.03126900849437821,0.03177931979161579,0.02730600448261204,0.027790447612741527,0.0039832210700449806,-0.018409295740200407,0.01933802196765241,0.06471660465211528
2024-09-11,0.020218322756102462,-0.016797311072186794,-0.0003702181419502149,-0.006093265500395198,0.01781653490060115,0.032727497888685196,0.020252229773174243,0.021687120773767395,0.033319393838606326,0.03261094621267305,0.057299450744705396,0.019955141759841803,0.0029548125884342807
2024-09-18,0.10605043204392212,0.08496593620314855,0.10390446733341363,0.0904972410470584,0.10194491770039234,0.032507723756799056,0.03337751399590125,0.04052612055733515,0.03374032569465886,0.05077953328465584,0.042273305810680506,0.10121786321383347,0.09747259886558701
2024-09-25,-0.07182454647047631,-0.09493142345580471,-0.06108508567527661,-0.10049971786100058,-0.11102233707762654,-0.058804689332951354,-0.058267418606805496,-0.059193752253544424,-0.05946413133782916,-0.06314428775205319,-0.05625332026516885,-0.06820712347687061,-0.08787262210803695
2024-10-02,-0.005090110479659462,0.00023275735443869264,-0.0013487879734250647,0.008447406950030312,-0.0052908995962709145,0.011342942845640136,0.013008247763069964,0.012276877433444744,0.012206188493088181,0.01091498641260279,0.0007616799253447465,0.0038416598054093376,-0.0006099267489772872
2024-10-09,0.10301755987592914,0.09223451886683869,0.08276269956768148,0.08232861531718358,0.10398593795532472,0.100370199744797,0.0993004336703822,0.0911246047526751,0.09245664065827278,0.07425211370999106,0.11000286671690068,0.08214838157914457,0.09286586631659152
2024-10-16,-0.010851684836232717,0.022030446233477677,0.00243725205072777,-0.030238275917408713,-0.03159245979550034,-0.026543885587226052,-0.02752020281695626,-0.02745375091053084,-0.027049408296922893,-0.02380420360479124,-0.0209167477114909,-0.02752362691797716,-0.009642944452987266
2024-10-23,0.0633992418513056,0.06755354681950024,0.07017631797347508,0.0457732589023678,0.031196533678309057,0.04417895644860767,0.0433724459094625,0.044162486463239115,0.043244732574796364,0.037398709667567906,0.0748537844397398,0.04005259344136655,0.05561977984499156
2024-10-30,0.08925093133665225,0.07774252900228872,0.12252347678054197,0.08737296685025926,0.07345661376677043,0.017600600056267984,0.017987256902352526,0.017760231911173766,0.017021572688696637,0.012220055739426215,0.03756382791949234,0.012142100625845965,0.09006930354730253
2024-11-06,0.10642029621731071,0.11210336163944007,0.10369463319008783,0.10224242670930224,0.048150001823328854,0.13695459137243293,0.13554849704256133,0.13459614594878072,0.13277917379619128,0.1303316837668141,0.18879448731892368,0.11602187894363834,0.09452214391589395
2024-11-13,-0.022846504742040176,-0.019681780043986637,-0.019720895414370318,-0.007108106023376125,-0.0068432128584183585,0.04727974700095539,0.04769857214629771,0.04995233960389305,0.05185794478009731,0.05162350155806002,0.01823629831017001,0.06281316074098833,-0.015240099816438325
2024-11-20,0.1463160647864306,0.1344616863853575,0.1258524808023088,0.1349426309124931,0.17626974828401987,0.06747862048775825,0.07530100289779583,0.13070402818704158,0.13068409234641193,0.12894323845108543,0.06848151799796048,0.25192773910620464,0.14356852223412198
2024-11-27,0.06788425874050624,0.06540449626810901,0.06758126974960132,0.06459712190689622,0.055072784258622734,0.11352621814870165,0.04657989091882958,0.04778230410942285,0.10714402283557234,0.10836817444369595,0.04174832893957381,0.09735385818629627,0.06410798618474711
2024-12-04,-0.04853312552313787,-0.07527398502132822,-0.039809193899719014,-0.06219963079555338,-0.00989155498550284,-0.02574740021930773,-0.027047764088436427,0.006102124091374495,0.002580749046881558,0.001360437416884349,0.007692535891124839,-0.033415782372777876,-0.04714149804504827
2024-12-11,-0.07188095533401898,-0.08911674752587037,-0.09632436549051028,-0.08566283347570142,-0.066575494780905,-0.03894275676141722,-0.03864210682137405,-0.03824175839171505,-0.038735392383977496,-0.03918107911689125,-0.02155102445132968,-0.12443816207649999,-0.08191207932140121
2024-12-18,0.05965732904415792,0.02819528881613197,0.029428529995923866,0.005354336930832652,0.03818293518805426,-0.005859716901350658,0.03186220605721611,0.029061724380031198,0.028550443610434136,0.029564646832458914,-0.015977363659551515,-0.014555234276162446,0.032163683995020134
2024-12-25,-0.09422855949612653,-0.11584860557100635,-0.11581021409203761,-0.10005954182823551,-0.0811248886666628,-0.025179338319312367,-0.02525960885071328,-0.02369030700852571,-0.028293732772582538,-0.030613073061574774,-0.04653632498516859,-0.06307872287517792,-0.10141436193081377
2025-01-01,-0.06718765126325194,-0.06436898407019516,-0.06808265311250063,-0.06043395478832718,-0.05386598697758033,-0.02889901193658264,-0.015075989399368704,-0.015426290518238456,-0.02319575828325187,-0.023776612631480204,6.075639702538555e-05,-0.036777334771939264,-0.06278784604237105
2025-01-08,0.05952243287795812,0.06534969705623972,0.07484248320271072,0.06883024738430163,0.054373276768362094,0.048766227109006195,0.03670944137050838,0.060430654733978836,0.047044800056377914,0.045640610688337815,0.049893403107662306,0.04932405739149778,0.06458362745791446
2025-01-15,-0.02827076120699388,-0.03641752756013064,-0.027044516392843568,0.03940450462473954,0.007946075695631123,-0.04327428505767365,-0.04135566491979948,-0.051870011844440664,-0.0452795722402422,-0.044554495227957576,0.0031613772863227927,-0.07174495299456732,-0.008876444967919487
2025-01-22,-0.06044309527604016,-0.031907053057658834,-0.022230144921224798,-0.08840893256151397,-0.08202196246431034,-0.035802785668333205,-0.036179237907978785,-0.034706304039660144,-0.03643784871718829,-0.03691637061330273,-0.012494847530949423,-0.08075031605347813,-0.057002237656149625
2025-01-29,-0.05996491005002026,-0.07415331007202783,-0.06185567739249675,-0.06024180305034029,-0.07874415404620037,-0.0806587494620748,-0.06201881992136401,-0.06483897850838173,-0.053541649541447404,-0.05976224283984454,-0.09065195443519708,-0.2137970627731803,-0.0669919709222171
2025-02-05,0.05349897571908027,0.031604599954509704,0.03423428251075933,0.03227860536941127,-0.009330571872696274,0.03923775100675107,0.03500357303508003,0.02967845198547918,0.028605992086558882,0.030338118792062472,-0.0022327958534856815,0.014738559635562394,0.02845717833621286
2025-02-12,-0.0448338861219187,-0.035117379397216965,-0.04987519309751232,-0.041753241606278815,-0.044688560365839534,-0.030882204248918445,-0.030323479551246015,-0.029354682910836805,-0.030254465393673494,-0.03478889850944386,-0.011307225204911907,0.05532562678937712,-0.04325365211775327
2025-02-19,-0.07377922223663846,-0.08602714085384437,-0.08932665615409778,-0.060040646721305754,-0.1110453178936829,-0.12579929685249905,-0.09498451214911346,-0.09628040471498531,-0.09775638702271908,-0.09493246984727488,-0.13381228149881694,-0.04849849352030685,-0.08404379677191386
2025-02-26,-0.03257846882259897,-0.014411156873230326,-0.010132480458442563,0.0315894186511584,0.06734803229829105,0.0856834648503031,0.10853493666975605,-0.018307327014410995,-0.01723907535489645,-0.014971969913872351,0.03918763538515761,-0.00913348791134254,0.008363068959035517
2025-03-05,-0.1024749848618226,-0.10111399898131883,-0.10265817967739788,-0.08527709657448726,-0.05870591375457449,-0.07666177093125534,-0.07475112545326693,-0.07339053024267453,-0.07637700961369945,-0.09849343123275883,-0.10004455224936377,-0.1328556707100184,-0.09004603476992022
2025-03-12,0.012182028132469293,0.01874628936601527,0.016546274423790357,0.041754503594250696,0.014058569530147108,0.05801402764223455,0.05890693997374999,0.045497133656310945,0.057890794885533156,0.05667343654229271,0.053709012364033866,0.06949419511040053,0.020657533009334546
2025-03-19,-0.010983581741834997,0.0071968296882130136,0.028759464055680892,-0.00020044090291073682,-0.012795728100301568,0.015467733176483688,0.015982276029851285,0.015027188363640654,0.021176296853650085,0.01744970698664858,-0.007974581765421178,-0.012677124042607542,0.002395308599769321
2025-03-26,-0.048008095878180695,-0.09230807622879193,-0.07718566189027322,-0.08730654299923321,-0.06437549181078536,-0.08836934349699234,-0.06405735963050013,-0.06613509172867271,-0.06390470988148071,-0.05950910181340248,-0.07022567375694452,-0.13589780342485955,-0.07383677376145288
2025-04-02,-0.04820263211892252,-0.0708606818044546,-0.05259560939112055,0.02411722448866719,0.012330857518431479,-0.028371291475550994,-0.005494447051004117,0.012821325804395852,0.002265196114200103,-0.07020137788056652,-0.022679116215216476,-0.011804333247617359,-0.027042168261479798
2025-04-09,-0.005754733597103011,0.0004326614218636629,-0.0009407590981759355,-0.008467595935770837,0.0018113332916763515,-0.025334428952555738,-0.02304417389513602,-0.022404920791765894,-0.02332383117699793,-0.011323362441992777,-0.006970571087971881,-0.012523741780183706,-0.0025838187835019537
2025-04-16,0.05452116269592058,0.09850446724019188,0.139502361864344,0.08527152746351557,0.08543376231950425,0.10589858700823837,0.1033172516310917,0.09702813917381885,0.0982081318195243,0.06871004241752222,0.12786483466405796,0.2928970163277518,0.09264665631669528
2025-04-23,-0.01819260561734661,-0.020566323545772945,-0.013587927738011407,0.0024494440474071844,-0.012377470232212813,-0.012173375854697133,-0.027806040888871925,-0.012737870435754098,-0.026394021475024263,-0.026016994871593053,0.002006148604720384,0.002284534806978142,-0.012454976617187318
2025-04-30,-0.06425881914329132,-0.0428102547290303,-0.041962616387855554,-0.047373821547989296,0.02856245068228589,-0.006043514887401026,-0.006179627204688035,-0.007041265023405055,-0.006584308086715805,-0.006662788893406353,0.018541650782469506,0.01691168493989332,-0.03356861222517612
2025-05-07,0.2692041918500882,0.21263451082914436,0.17282569501488562,0.12831263722506192,0.05656504319697318,0.18619821909354456,0.15667194812414326,0.16188072318274876,0.15283518276020902,0.11138364329748011,0.327311345657766,0.2281993886961087,0.16790841562323067
2025-05-14,0.03168696131347221,0.03949815096818606,0.037070480931469224,0.03527096009279899,-0.0004797342175313409,0.017186450760555385,0.01738640569589528,0.018228357223215294,0.00027605340308518335,-0.0002845526294575941,0.023751028044438256,0.024239905228746743,0.028609363817679034
2025-05-21,0.07345011326424775,0.07754579320326017,0.0411684742007281,0.055312691346655236,0.02779394315847491,0.02278286443880622,0.023479003213467145,0.024148410384560587,-0.006838191395826243,0.0033711340191549533,0.0010958579815373896,0.07107077063406407,0.05505420303467323
2025-05-28,-0.07454731438079236,-0.055516924909358216,-0.05669857424673938,-0.08488565850459996,-0.0414487998387739,-0.03861646187073618,-0.04087247512381198,-0.041254557173801734,-0.0477973975221613,-0.04212896996029708,-0.029324783027731817,-0.10501085220392882,-0.06261945437605276
2025-06-04,0.0918168343701611,0.07923953562641813,0.08148683620508806,0.07839636014208562,0.06633904118775877,0.06715744910794408,0.01709229397350808,0.026668138662741286,0.043115120303911236,0.020660053257194135,0.0471645581863999,0.04867699317917694,0.07945572150630234
2025-06-11,-0.0916454870150358,-0.12620450805499014,-0.11401894379751501,-0.10881982625710715,-0.07202116795560852,-0.019004592022158907,-0.01500328973337358,-0.017015913612214537,0.0021931668538699226,-0.013940714105228302,-0.05971200035647107,-0.07289037841665878,-0.10254198661605134
2025-06-18,-0.011175157816232593,-0.012042192035366947,-0.0034681059966387164,-0.016286656415803576,-0.013950828595328658,0.0002650605383466018,0.013516434064239156,-0.012288957718670272,0.01912428972891602,0.014007790121234629,-0.0002004098698456699,-0.030407427444426302,-0.0113845881718741
2025-06-25,0.05791388181932355,0.052631196423113015,0.05438221234474623,0.06113191256070154,0.05697190760658036,0.01734008729958604,0.0349301056295587,0.03580513280977996,0.03718104453914867,0.03559462089574749,0.029892546822894384,0.02604605384233421,0.05660622215089294
2025-07-02,0.015324233601945207,0.013960625237891704,0.020340542711788565,0.03747886336316527,0.04803699427167684,0.0326915978560898,0.032383695384919226,0.037137655220889396,0.04226709620827993,0.03809509092193068,0.04198522607979778,0.006017475722799356,0.02702825183729352
2025-07-09,0.014295782024593147,-0.017632656810236534,-0.003922837856700588,0.007049819209534331,0.0764798148997401,0.013826419322003283,0.046886085961923854,0.045484324106232765,0.055356074852053364,0.05447312836761501,0.12623388783978345,0.10944868528348678,0.015253984293386093
2025-07-16,0.016615024707400793,0.008873514392836191,0.02629225069809226,-0.010566364104978736,-0.010519613705987451,0.03478538185907551,0.03415509203600548,0.06692279363685348,0.065875960414676,0.03367436482907643,0.03820201389459477,0.04215813456592694,0.006138962397472612
2025-07-23,-0.022433612368883752,-0.021944436937234368,-0.021921076465074945,-0.008708225843251207,-0.013549069560221644,-0.017875004116832568,-0.018216514547825694,-0.005336416062825214,-0.018516002474826536,-0.00540710679061577,-0.016882524081029186,-0.014348835461949146,-0.017711284234933185
