date,strategy,total_assets,asset_1_symbol,asset_1_weight,asset_1_score,asset_2_symbol,asset_2_weight,asset_2_score,asset_3_symbol,asset_3_weight,asset_3_score,asset_4_symbol,asset_4_weight,asset_4_score,asset_5_symbol,asset_5_weight,asset_5_score,asset_6_symbol,asset_6_weight,asset_6_score,asset_7_symbol,asset_7_weight,asset_7_score,asset_8_symbol,asset_8_weight,asset_8_score
2020-10-14,Custom_Risk_0,8,BTC,0.23501425539657103,0.9611562164382579,ETC,0.17832660808394776,0.5105614932016316,ETH,0.1368607329576278,0.23713596395693723,DCR,0.11582561108382507,0.21210927409848496,BNB,0.09606272286482444,0.05818242207765945,BCH,0.13193827719831644,-0.03783101229028299,GNO,0.07006048029895032,-0.6275221805216359,AAVE,0.035911312115937115,-1.3137921769610525
2020-10-21,Custom_Risk_0,8,BTC,0.1891994207910241,0.6030863808777506,ETH,0.1489334244160827,0.24062648757181632,BCH,0.117860759301633,0.23640308311791858,ETC,0.18692638227624697,0.2355260381173182,BNB,0.13473690715683315,0.2240697237698498,DCR,0.1147075684158373,-0.17110658963647907,AAVE,0.04636325383189309,-0.425499473644381,GNO,0.0612722838104497,-0.9431056501737933
2020-10-28,Custom_Risk_0,8,BTC,0.18415801973717708,0.551224025704326,GNO,0.05106269016762035,0.39055788414469195,ETH,0.14285467443910357,0.13325837683603614,ETC,0.1639477957008379,0.03108915919552907,DCR,0.11950697556432013,-0.0008797357982242744,BCH,0.13746715222843778,-0.014513211447834323,BNB,0.1720115674871863,-0.060656761436549786,INJ,0.028991124675316966,-0.5142902374816004
2020-11-04,Custom_Risk_0,8,BTC,0.21325072573177328,0.7190732557715556,BCH,0.14184256197283263,0.4213693008952581,BNB,0.16473154846488477,0.3508399670018599,ETC,0.14721294842133278,0.3099606346659377,ETH,0.13713786913184495,0.23611251588803728,DCR,0.10545450040283909,-0.12460813021151916,AAVE,0.06549022739123019,-0.27256070032858526,INJ,0.02487961848326226,-0.694697586346843
2020-11-11,Custom_Risk_0,8,BTC,0.14166530896452775,0.8881439567169539,ETH,0.1333388026187325,0.4011472628838597,BCH,0.146810604354619,0.257550391364769,BNB,0.1740463863861578,0.24464363366141,ETC,0.14923537804133963,0.241899039739395,DCR,0.1003805502832079,0.04905624494052335,GNO,0.09677970535351953,-0.08400172468458579,INJ,0.05774326399789576,-0.5316905261822122
2020-11-18,Custom_Risk_0,8,BTC,0.13397576224533717,0.7366211664112134,ETH,0.13145248987900854,0.4106659537757534,BCH,0.14736266322161898,0.3018787431127724,BNB,0.21085123778799897,0.23732073846640023,GNO,0.12295264855814715,0.14582877429232732,ETC,0.13176791236457894,-0.04032871344054049,DCR,0.08235517308683903,-0.05236010588421339,AAVE,0.03928211285647127,-0.8093944016892065
2020-11-25,Custom_Risk_0,8,BTC,0.24156788970747464,0.8674476594719558,ETH,0.1447227571317976,0.0877002019031945,AAVE,0.07660215907573867,0.07575752252276152,BNB,0.16421479285696242,0.0009154587285942345,DCR,0.08962430176667341,-0.027018090254682332,ETC,0.1152239414154432,-0.11556496979302794,INJ,0.06319719376063304,-0.1251157365466597,GNO,0.10484696428527712,-0.273832236991801
2020-12-02,Custom_Risk_0,8,BTC,0.18887219778344227,0.9153520326279574,ETH,0.1380300456595286,0.4026683348017259,ETC,0.11261924071143081,0.307033161522793,BNB,0.15092501056133464,0.22897012709696946,BCH,0.08891984213757131,-0.0624822811663813,DCR,0.12841434391589426,-0.12971331601794583,GNO,0.09206941533084523,-0.17252553317471372,INJ,0.10014990389995285,-0.6267417492559175
2020-12-09,Custom_Risk_0,8,BTC,0.17373338464323396,0.9349479044866704,ETH,0.13614260083361893,0.46534151040065735,BNB,0.17417163892206236,0.3463916751691194,BCH,0.11864376635503743,0.060033232553141816,ETC,0.1235704171771175,0.028699252509677455,DCR,0.09061126099194326,-0.0445174774848136,AAVE,0.08431603756831847,-0.23122386814945559,GNO,0.09881089350866815,-0.4735449734260956
2020-12-16,Custom_Risk_0,8,BTC,0.16135034754143895,0.7258138124240959,BNB,0.17740598736372212,0.33179112342319395,ETH,0.12396018879231077,0.3146807745848884,ETC,0.12394082078682439,0.17718471850364437,GNO,0.12067682756546773,-0.029253638682780664,BCH,0.15468415399613966,-0.08130376020049075,AAVE,0.07532637997744691,-0.17073682220861472,DCR,0.06265529397664943,-0.3288106450250521
2020-12-23,Custom_Risk_0,8,BTC,0.1734504167052407,0.5501658897416284,ETH,0.14767327598441504,0.384249432292743,ETC,0.11127164899381566,0.26304983990634767,BNB,0.15174303721108537,0.09372686727971316,BCH,0.09483425795114132,0.06553958154678358,AAVE,0.11668146325029272,-0.02704738277265123,GNO,0.11280351677551134,-0.10666888137880892,DCR,0.09154238312849787,-0.26628949401293184
2020-12-30,Custom_Risk_0,8,BTC,0.20575844119449974,0.6706324853534619,BNB,0.14194965084818795,0.061327045772219466,ETC,0.11019903688273683,0.039861386075363325,AAVE,0.12144271259787316,0.0364281931222078,ETH,0.1568529971876323,0.001853878175241297,INJ,0.05120972193915693,-0.0028427252952250015,GNO,0.1039255881155296,-0.14400641328680092,DCR,0.1086618512343834,-0.23283186330937822
2021-01-06,Custom_Risk_0,8,BTC,0.1815256751344344,0.9848181493666615,BNB,0.19128322049552812,0.7129855660864206,BCH,0.1068346358965301,0.013744267443905014,DCR,0.11603514855415582,-0.06383088787868507,ETC,0.14451693656040276,-0.13805235900521048,ETH,0.1028292612294449,-0.22448496089012018,INJ,0.058243578261566765,-0.32850932857016496,GNO,0.09873154386793716,-0.3734602911825794
2021-01-13,Custom_Risk_0,8,BTC,0.16663832057763525,0.982930678211508,ETH,0.10925816161012032,0.5915806389866847,BNB,0.2129246222915882,0.5269157161902075,DCR,0.11708353889424858,0.12936629381102244,GNO,0.09890686993056821,0.12294594605892306,ETC,0.10667157734059089,-0.19517181904613712,BCH,0.07828618654694859,-0.5922236011773296,AAVE,0.11023072280829996,-0.7594441052614276
2021-01-20,Custom_Risk_0,8,BTC,0.16936449988616764,1.0603466716715482,ETH,0.13711450778454237,0.3791362550689392,BNB,0.17137919640501256,0.3360970856964456,DCR,0.12852722059444513,0.26860930306437236,ETC,0.10618974672901421,-0.03995424889266397,BCH,0.0767789682009955,-0.2435820387399706,AAVE,0.1137469737198944,-0.27431397148890596,GNO,0.09689888667992813,-0.4372903569698963
2021-01-27,Custom_Risk_0,8,BTC,0.1514389804485489,0.7710389917165658,BNB,0.17058995717224773,0.29188785149709306,ETH,0.08878262581543858,0.28618482369230547,ETC,0.1990106066901527,0.1344610178990943,BCH,0.11874530928581091,-0.08009972593147804,GNO,0.10112257949127523,-0.12857514635356948,DCR,0.10976005537478813,-0.159302572037449,INJ,0.060549885721737834,-0.302148836953188
2021-02-03,Custom_Risk_0,8,BTC,0.14812992762125035,0.7594335198937834,ETC,0.1814233875714356,0.49053293816067406,BNB,0.16595154819185626,0.3555614157524508,ETH,0.0981558287331115,0.08476512200068716,BCH,0.13336758450011793,0.06126735635132188,DCR,0.09723387831489173,-0.17259433803142477,AAVE,0.07401984138314072,-0.2109277062659806,GNO,0.10171800368419581,-0.3242705473367746
2021-02-10,Custom_Risk_0,8,BTC,0.14019069783146798,0.7349292513574581,ETH,0.1502245169705381,0.44210113071612245,ETC,0.15005699664380623,0.20049638799259176,BCH,0.18064664759353177,0.11884999994745538,GNO,0.11507071278126783,0.10454649771383322,AAVE,0.08999481228135212,-0.056730264628892954,DCR,0.0944941413576286,-0.14406047468515748,INJ,0.07932147454040739,-0.5611094975656883
2021-02-17,Custom_Risk_0,8,BTC,0.14474260407431444,0.8171610483882864,ETH,0.20464187493153305,0.5503046690756312,AAVE,0.10849851083086623,0.32905758393668044,GNO,0.14593546900105722,0.07247678385853695,BNB,0.06706250362053254,-0.20126190971372704,INJ,0.08125470005384644,-0.2509808640750106,DCR,0.11329855604822733,-0.2618691481037327,BCH,0.13456578143962278,-0.34437339403050476
2021-02-24,Custom_Risk_0,8,BTC,0.1621856453697722,0.6561687761848061,ETH,0.16792440276661275,0.3718687292795122,BCH,0.09065333144892011,0.17206416143943978,AAVE,0.17307957845567312,0.15448381841265996,DCR,0.1361075104170709,0.08067490329785514,GNO,0.11622181798768039,-0.010861131607979496,ETC,0.06436052269006587,-0.036105217489917546,INJ,0.08946719086420465,-0.3436856611874946
2021-03-03,Custom_Risk_0,8,BTC,0.1733333278121835,0.5807871662236064,ETH,0.1470108697833032,0.39815583979321056,ETC,0.12378590216760395,0.07617122065063758,BCH,0.12721478785342355,-0.027398026692514673,DCR,0.1439875592568814,-0.06412553372803578,INJ,0.10140136845668059,-0.10295546274215717,GNO,0.13642161257335123,-0.1328102799422874,BNB,0.04684457209657271,-0.18878433823902752
2021-03-10,Custom_Risk_0,8,BTC,0.15536413534845145,0.6174828818303477,INJ,0.09838113509359915,0.21690134704043462,BCH,0.16332064993535858,0.08025859646312963,AAVE,0.10843834419867321,0.07191908317510662,GNO,0.10482338655026284,0.014244500086559059,DCR,0.11644667449948105,-0.056773823952198293,ETH,0.11238121640639083,-0.07885922657234914,ETC,0.14084445796778294,-0.11425368526696485
2021-03-17,Custom_Risk_0,8,BTC,0.15964674803741077,0.5650133604774692,DCR,0.1607862898439786,0.40391506518398534,ETH,0.1386506176814589,0.2817890446708568,AAVE,0.09534336600865678,0.15062378158513912,BCH,0.13938824880556897,0.0890911718095612,INJ,0.11764965859645245,-0.0843989014099713,BNB,0.08113700714943783,-0.30013968583331363,ETC,0.10739806387703572,-0.44498510409121617
2021-03-24,Custom_Risk_0,8,BTC,0.15229560896846903,0.8034669642233291,ETH,0.15172440711972537,0.6308715547780637,DCR,0.15081049768173982,0.33607656616806164,AAVE,0.10385964969591395,0.2871844008428084,BCH,0.1258829289031353,0.050845699360505967,ETC,0.09686359079596231,-0.44210897847379477,GNO,0.08247555836825864,-0.5171597421670355,BNB,0.1360877584667956,-0.5647626916047948
2021-03-31,Custom_Risk_0,8,BTC,0.16801227021528684,1.2948372757666113,BCH,0.1530523470240207,0.3955759975156861,ETH,0.13196831757228566,0.34376383127647914,DCR,0.1299702678166072,0.14614460031181123,GNO,0.09486144029466459,0.114033188425124,ETC,0.1179440879863326,-0.2546632705806818,BNB,0.10147291421309165,-0.40352448457158013,AAVE,0.10271835487771082,-0.6567843934027587
2021-04-07,Custom_Risk_0,8,BTC,0.2039257374116629,1.1185557132000934,ETH,0.12527632460888716,0.6129712128005201,DCR,0.16144033005316352,0.5162923094508938,AAVE,0.09195801831042763,-0.14511209610270454,GNO,0.13316575979501336,-0.19625560830164374,BCH,0.09857420358372919,-0.3128500739456014,BNB,0.08674796150720265,-0.3804725709459668,ETC,0.09891166472991354,-0.5325880104552849
2021-04-14,Custom_Risk_0,8,BTC,0.21875231294322922,0.8843700462592391,DCR,0.17303284405473054,0.3621065219607849,ETH,0.1274269973469591,0.2808776100040176,GNO,0.13253744082205346,0.22339756233834734,ETC,0.08982315461594308,0.1904900104058187,BCH,0.08770194237812413,-0.369727053924109,INJ,0.07609582799416134,-0.39243724931224305,AAVE,0.09462947984479897,-0.47438971672565494
2021-04-21,Custom_Risk_0,8,BTC,0.2182322167857758,0.9594315910783329,ETH,0.16883766150244273,0.6477517991465536,BNB,0.08897759299426157,0.19386046272567356,GNO,0.1185301866783963,0.14162003184713162,DCR,0.1254493525064575,0.13157824196706752,AAVE,0.11340342036429853,0.03799409679695415,BCH,0.08009399924549905,-0.31518671595953,INJ,0.08647556992286846,-0.7746532458552332
2021-04-28,Custom_Risk_0,8,BTC,0.21741945005567162,0.9112238841509973,ETH,0.1723436980481339,0.6141509279040888,DCR,0.12686233277307155,0.3479389620768032,BNB,0.12416952181776324,0.23462963256639557,BCH,0.08847308920854975,0.10280201563541988,ETC,0.07019080581891773,-0.21035975615692892,AAVE,0.10174418840276876,-0.6203425904410174,GNO,0.09879691387512349,-0.6332250833994959
2021-05-05,Custom_Risk_0,8,BTC,0.17439193601525166,0.6192066877420106,ETH,0.14267287750218183,0.5829388450481254,DCR,0.17448403504926568,0.2759329675109466,BNB,0.14391727619069514,0.149897354466628,GNO,0.11168606988576169,0.011053343558753218,INJ,0.09099412497620196,-0.0953544120488598,AAVE,0.09756658021373439,-0.09668849618555037,BCH,0.06428710016690775,-0.593086864844264
2021-05-12,Custom_Risk_0,8,BTC,0.15544195473137176,0.6678269278267164,ETH,0.13194986130670963,0.24057403592349863,BNB,0.13865954339668146,0.11062297834271681,INJ,0.12592589471846907,0.02284526913006038,DCR,0.1817025176901729,-0.0065665648624348705,ETC,0.04768638146781132,-0.17869133883298277,BCH,0.056587014515180896,-0.19742453827078082,GNO,0.16204683217360302,-0.24730629358339715
2021-05-19,Custom_Risk_0,8,BTC,0.23503357261699473,0.5565007289522179,ETH,0.12323994080832622,0.51144643855429,BNB,0.11345246798748923,0.24817870534827896,GNO,0.14298140157713884,0.19827768714578275,DCR,0.12272499190256486,0.1462580687810962,BCH,0.08904028429427899,-0.16356342437371058,ETC,0.07415685140889017,-0.3469296712917245,INJ,0.09937048940431696,-0.46703228420005105
2021-05-26,Custom_Risk_0,8,BTC,0.23986421764828103,1.0416111908536438,ETH,0.12712867206066658,0.41621782965891185,AAVE,0.09579191732541459,0.08038223688793314,INJ,0.09523878906553511,0.034504424046234994,DCR,0.12140382471720035,-0.08160772879824799,GNO,0.11739623539903613,-0.12310608131951266,BNB,0.1044429979390479,-0.20740193216224886,BCH,0.09873334584481831,-0.46729246798722585
2021-06-02,Custom_Risk_0,8,BTC,0.22564894435223865,1.035523810924409,ETH,0.12995376613327045,0.5913218403702871,ETC,0.10115746797463594,0.25961630395788904,GNO,0.1082120591028835,0.10240358934871056,AAVE,0.09656463005235559,-0.20619356512856185,BCH,0.11187961507357021,-0.28327718025632886,DCR,0.13095609742177872,-0.3928960179963322,INJ,0.09562741988926697,-0.5297874463782072
2021-06-09,Custom_Risk_0,8,BTC,0.14990045981897093,0.5984041140766889,DCR,0.11003741004982608,0.42936026266183025,ETH,0.12001356714775538,0.22336527912906687,ETC,0.13564806194151524,0.022210414109257087,AAVE,0.0926482975598835,-0.104729220459363,GNO,0.13066392956599412,-0.19038952528373798,BCH,0.1549277020620539,-0.22347911678674678,BNB,0.1061605718540008,-0.2355878078436866
2021-06-16,Custom_Risk_0,8,ETH,0.1391657135643411,0.5040431131288097,BTC,0.11313454460486126,0.426715573729758,GNO,0.17284753470965833,0.11361531769688676,ETC,0.11730500423019237,0.04117055354454202,DCR,0.10976718883747989,-0.02121957551616664,BNB,0.11843518438456896,-0.08101691114806638,AAVE,0.10166083817407832,-0.25283530750912464,BCH,0.12768399149481968,-0.3047680853148128
2021-06-23,Custom_Risk_0,8,BTC,0.16183045971959364,0.8957659110693021,ETH,0.13983791822180944,0.42173404052130553,GNO,0.14966708856379402,0.08739943255130106,ETC,0.10210257489772036,-0.06296206777928132,BCH,0.12818955139371904,-0.07567769780596029,DCR,0.11478998596539196,-0.1696144453498477,AAVE,0.09496058033791319,-0.2752213072604434,BNB,0.1086218409000583,-0.3215741835880298
2021-06-30,Custom_Risk_0,8,BTC,0.17126533642106134,1.4079257397761593,ETH,0.13463436657063652,0.5628070551319282,GNO,0.1413840411849814,0.39306695995522123,BNB,0.11424864900197285,0.3174649733695963,BCH,0.13285161161594689,0.08695599192150744,DCR,0.11185314568674194,-0.20498810245445453,INJ,0.09918612936061502,-0.6422613052894813,AAVE,0.09457672015804403,-0.7165234203282597
2021-07-07,Custom_Risk_0,8,BTC,0.1490994444072434,1.0466466111034225,ETH,0.12014203898630141,0.48027863500904894,DCR,0.11762497615654442,0.3585508965961707,GNO,0.12929215631491314,0.31719771743664726,BCH,0.1583993744595594,0.20193235267629267,BNB,0.15048615773171864,-0.16388409269104007,ETC,0.0729748465764665,-0.2241568531633183,INJ,0.10198100536725302,-0.7219935917737332
2021-07-14,Custom_Risk_0,8,ETH,0.10243965251777168,0.5102068980655388,BTC,0.18835452687015403,0.3982495803793226,DCR,0.08699126051596899,0.26731477701310813,GNO,0.11164920560408774,0.17295209456781296,BCH,0.16418657484386345,-0.1323273372637107,BNB,0.14430112734016493,-0.17336915091642557,ETC,0.12790026906562513,-0.2489024759531964,AAVE,0.07417738324236411,-0.31942349360476247
2021-07-21,Custom_Risk_0,8,BTC,0.18198379564771464,0.7928660742026581,BCH,0.16371890537001046,0.2019380176181541,BNB,0.12476035421941008,0.16094614030014462,ETH,0.11698439206110123,0.060992898866805895,INJ,0.08004348176899348,-0.059484508966145544,ETC,0.13693247513581008,-0.2298032477169708,GNO,0.10978076485863277,-0.24381297163010707,AAVE,0.08579583093832711,-0.24836798953638733
2021-07-28,Custom_Risk_0,8,BTC,0.15762419909848785,0.6257969739533704,GNO,0.12962825213556797,0.6170089072869929,BNB,0.12845805664790164,0.4389571721861585,ETH,0.13963254535915376,0.2809246642134154,BCH,0.1430686824989977,-0.11181586060818573,ETC,0.12328540792288567,-0.2326235184491891,AAVE,0.09120798548013151,-0.43540255668801,INJ,0.08709487085687388,-0.4492911435667726
2021-08-04,Custom_Risk_0,8,BTC,0.10957781596935813,1.2111882994249221,BNB,0.22820147520148867,0.21426292091177912,GNO,0.1293273867262793,0.16629288110196627,BCH,0.13376147516073453,0.13879452818568933,ETH,0.1276645269209743,0.011892534144405886,ETC,0.11488663487841183,-0.06701865563757609,DCR,0.06774318658443179,-0.09951951807727699,AAVE,0.08883749855832138,-0.6923634831511865
2021-08-11,Custom_Risk_0,8,BTC,0.14067975543736508,0.9712944855262464,ETH,0.12115560609366822,0.6830532965309374,BCH,0.140449361778167,0.3218313445506598,GNO,0.12102666893817247,0.2683856238326577,BNB,0.17755222963593956,0.22724763994182035,DCR,0.09409101312697495,-0.23540793694102166,ETC,0.1063860098953285,-0.33198095942668965,AAVE,0.09865935509438431,-0.37442949236768647
2021-08-18,Custom_Risk_0,8,BTC,0.14955857044197815,0.839578493417095,GNO,0.13220507374052426,0.6610573557637944,ETH,0.10907995370720729,0.6400434738499238,BNB,0.1574017694517762,0.18225031556392335,AAVE,0.09864241034510694,-0.012845261068020947,BCH,0.11679771372967272,-0.16039831764981471,DCR,0.13398721417103893,-0.5441590175385472,INJ,0.1023272944126955,-0.603503387169416
2021-08-25,Custom_Risk_0,8,BTC,0.17306621332698632,1.0557235932360205,ETH,0.14207705390448183,0.6486899224335676,BCH,0.1331148678951722,0.4053119790879976,BNB,0.11883140904252054,0.00858596954817506,AAVE,0.12718281101533066,-0.0573137198518863,DCR,0.12277750292209466,-0.0612680238451814,ETC,0.09552896923862064,-0.1301000401721503,INJ,0.08742117265479311,-0.8104316213828926
2021-09-01,Custom_Risk_0,8,BTC,0.17865125582890848,0.8340573557674377,BNB,0.1098122351064033,0.4073665472312113,GNO,0.07391988953760815,0.4009035491871949,BCH,0.14487173418286667,0.13638266569895297,DCR,0.1299620355023202,0.021998388167505198,ETH,0.13172120777024315,-0.06389826532399162,AAVE,0.11011321973129362,-0.4734321651276705,ETC,0.1209484223403564,-0.5130546176470107
2021-09-08,Custom_Risk_0,8,BTC,0.17073157299824906,0.5512818934424184,ETH,0.12513871328354806,0.44744300054299346,DCR,0.13424421950475712,0.3095572071268065,BNB,0.13356632080205613,0.279680885691284,AAVE,0.10773046069046457,-0.0008291250227484004,GNO,0.10995033523309351,-0.22852452041453997,ETC,0.09925811022241447,-0.29847784921839293,BCH,0.11938026726541708,-0.5190857449093259
2021-09-15,Custom_Risk_0,8,BTC,0.17495196330465415,0.888801869930579,ETH,0.137957093052766,0.5844361809128118,BCH,0.12170555147843526,0.3027918374029215,BNB,0.13061966083826432,0.09618126460233557,DCR,0.1343774850742124,0.043079624108112155,ETC,0.10857128307299023,-0.23096715108273835,INJ,0.0801146552993954,-0.27567002058125945,GNO,0.11170230787928223,-0.2974795429810429
2021-09-22,Custom_Risk_0,8,BTC,0.1669521088332743,0.5911941780334456,ETH,0.1176729249670661,0.4191172017188539,AAVE,0.08407631929495298,0.18280683769070116,BCH,0.13607324240431984,0.13613524392031798,GNO,0.1281965899904607,-0.0030404760421482713,BNB,0.13231407573830128,-0.09391932195756669,DCR,0.1066826233487874,-0.1984775523006351,ETC,0.12803211542283743,-0.4179820987956229
2021-09-29,Custom_Risk_0,8,BTC,0.165332272132526,0.8649572486140119,ETH,0.11686007771144248,0.38908029298188507,BCH,0.13646798852077602,0.31693539275048216,GNO,0.14262199978528123,0.24580829679676627,ETC,0.12549220924178578,0.13817228899268175,DCR,0.10090250434484321,-0.08368670938330891,BNB,0.11666415558205666,-0.09037481655110696,AAVE,0.0956587926812886,-0.22955874464862575
2021-10-06,Custom_Risk_0,8,BTC,0.14362694424084857,0.5818440203241058,BNB,0.1236768789685695,0.40130598722412186,GNO,0.14296346144942737,0.22507459884895079,ETH,0.12832609917531473,0.22122050987472727,ETC,0.14358169189634215,0.06818663958896137,BCH,0.13036547030469398,-0.12261669128362251,AAVE,0.10802645084514206,-0.29959891130864647,INJ,0.07943300311966163,-0.4610998593460524
2021-10-13,Custom_Risk_0,8,BTC,0.11922489618799163,0.9376722982941736,ETH,0.12612458418974523,0.41630694567025534,BCH,0.11164831423466073,0.2732599919861832,GNO,0.17645057526003982,0.2275411761304673,ETC,0.12319937773554765,0.11479115316259932,DCR,0.12442945006452548,-0.07746551441200375,AAVE,0.11103481739471885,-0.22146815058008995,BNB,0.10788798493277062,-0.26602045897654186
2021-10-20,Custom_Risk_0,8,BTC,0.12578292441455635,0.7344527370741569,BNB,0.11105854353152107,0.2704335087803966,ETC,0.1431229885884676,0.23395750506113305,DCR,0.11789792937814604,0.1402803830355071,BCH,0.13108035842014532,0.09073670018729858,ETH,0.11419635133320528,0.07723145216266683,GNO,0.13887959115757498,0.0016080078457685332,AAVE,0.1179813131763834,-0.34133840722167674
2021-10-27,Custom_Risk_0,8,BTC,0.12984508125948607,0.8419800747444641,ETH,0.12601059586171648,0.3233873231556349,BNB,0.156292259195449,0.1971927663259892,BCH,0.1255277960009836,0.08075456184455018,GNO,0.14250800697227606,-0.021097099786619666,ETC,0.13151970270249383,-0.0604249712319129,DCR,0.10482638381511858,-0.3644193302606444,INJ,0.08347017419247636,-0.48359533698644913
2021-11-03,Custom_Risk_0,8,BTC,0.15579508078120585,0.990267189926961,AAVE,0.1488026963721228,0.4630217620166245,ETH,0.1200955662499998,0.22244785683074245,GNO,0.11750252022094414,0.035322618809384976,BCH,0.12471469873577261,-0.012704506819064081,DCR,0.10829825732681195,-0.1399807945526505,ETC,0.11837426980709079,-0.17489646869076225,BNB,0.10641691050605208,-0.5231483629552665
2021-11-10,Custom_Risk_0,8,BTC,0.16732331641670503,0.7437519699992724,ETH,0.1369675109886057,0.58435801743177,DCR,0.16328283713327824,0.3216730059989947,AAVE,0.13866432861115718,0.32160611717406073,GNO,0.0711223792040445,-0.02313056488601098,ETC,0.1160811515754682,-0.16259892445824203,BNB,0.10859618796888254,-0.18856424908059136,BCH,0.09796228810185856,-0.6277225217909785
2021-11-17,Custom_Risk_0,8,BTC,0.1634727806883283,0.8775860599987486,ETH,0.16837134156036612,0.6301979257231933,BNB,0.12060965258907168,0.183536721013007,ETC,0.12039645907856072,0.11386197813170554,GNO,0.08127366806624106,0.11332177897406565,AAVE,0.13336665665634986,0.08698379290773312,BCH,0.08910742699347653,-0.05089515184523055,DCR,0.12340201436760571,-0.7917631203011833
2021-11-24,Custom_Risk_0,8,BTC,0.17201388846456064,0.9952951586790864,ETH,0.11269481817943422,0.3475655929762053,ETC,0.15495236870822393,0.2536588097174971,AAVE,0.11998473849970795,0.24103287764954548,DCR,0.13160500179641868,0.11512535174045516,BNB,0.09933899765023081,0.011246259098446093,GNO,0.10274315547813496,-0.29452726770169435,BCH,0.10666703122328879,-0.4116762165618899
2021-12-01,Custom_Risk_0,8,BTC,0.15557245891614557,0.7952963943397656,BCH,0.13514992610014193,0.46478532017329505,ETC,0.1720863420685545,0.27421464284943853,ETH,0.11082545814691533,0.08785181478184922,BNB,0.11198720182930993,-0.08915368545695354,DCR,0.11206342517807655,-0.09406362558864573,AAVE,0.11724018423462312,-0.18750792179970605,INJ,0.08507500352623314,-0.4798228986645281
2021-12-08,Custom_Risk_0,8,BTC,0.15327315469750447,0.8084556833190628,ETH,0.13330266153666565,0.2647816373699712,ETC,0.13279549495797138,0.15824832066880762,BNB,0.1454111435515766,0.09826694960057097,BCH,0.1363628950303023,0.09688831465205719,INJ,0.10675734735883179,-0.17730718030580878,AAVE,0.10494195324696122,-0.25418160497262765,DCR,0.08715534962018666,-0.4451011580369713
2021-12-15,Custom_Risk_0,8,ETH,0.14474050032489957,0.6322682909712101,BTC,0.16610897673976588,0.5880069916438375,BNB,0.15884849502842383,0.5344938766309519,ETC,0.12133718800044256,0.08842058185886852,DCR,0.08347483211228907,-0.011999248044692434,BCH,0.13184349466678463,-0.09097146874337152,AAVE,0.0956241313046872,-0.31819090123892935,INJ,0.09802238182270732,-0.6346340843882834
2021-12-22,Custom_Risk_0,8,BTC,0.16386625510571334,0.8746665398422072,ETH,0.13946469038535445,0.6598065529998749,BNB,0.1671959461654419,0.5297489733013385,BCH,0.1541354783301419,0.2439565525223003,ETC,0.13454629425310707,0.1820185038448334,GNO,0.06965382030172587,0.07977619418257778,INJ,0.08989385956409701,-0.28781137350956554,AAVE,0.08124365589441841,-1.0955975412688763
2021-12-29,Custom_Risk_0,8,BTC,0.14609176156054968,0.948045991832364,ETH,0.16232478908528217,0.8814034515231871,BNB,0.16927087679857075,0.5239004758271025,ETC,0.1401687827969343,0.1929262793399122,BCH,0.15856192019599963,0.17581758351920884,GNO,0.09090107224238227,-0.3349450275524896,INJ,0.08805427368629867,-0.5048944561519019,DCR,0.04462652363398252,-0.9246779814133145
2022-01-05,Custom_Risk_0,8,BTC,0.16524260104848223,0.8173473751504319,BNB,0.15286117460624266,0.4929096003796367,BCH,0.15398476854827012,0.2889608750715029,ETH,0.15202846246353646,0.21375926642702828,ETC,0.1454940456818574,0.14894242998347107,INJ,0.09886284827955588,0.06526656296931188,AAVE,0.06029585304701256,-0.5446639502951645,GNO,0.07123024632504267,-0.5892767118306692
2022-01-12,Custom_Risk_0,8,BTC,0.19054607345703592,0.4650277387764867,ETH,0.12387419976662102,0.4135591561187176,GNO,0.0654694592804775,0.25830081872083216,BCH,0.1557620432933434,0.12378228187323258,ETC,0.13801233004986646,-0.030621160513553985,AAVE,0.0859135993350882,-0.22008329352865563,INJ,0.13230346974645657,-0.23026639128991752,BNB,0.10811882507111097,-0.24133705660126384
2022-01-19,Custom_Risk_0,8,BTC,0.2262403897267558,0.8334794487340683,ETH,0.12156784015405193,0.5064973001682225,BNB,0.10350809513515129,0.2208859546748482,BCH,0.17323600656481775,0.12578192619937598,GNO,0.08272557774592028,0.051391250536146627,INJ,0.10838245047143348,-0.01527135181216227,ETC,0.1065324327937612,-0.17742066381743832,AAVE,0.07780720740810823,-0.2221172954995458
2022-01-26,Custom_Risk_0,8,BTC,0.1902613063365477,0.570490311979712,ETH,0.13253522729465142,0.398474342402848,BCH,0.15586561546294028,0.314617551544619,ETC,0.1273759456609535,0.25148453025108447,BNB,0.12731895007196503,0.18557869383672654,AAVE,0.08706286518193188,0.15858536258934663,INJ,0.09210843146199596,-0.11413901657027903,GNO,0.08747165852901426,-0.7232335190395649
2022-02-02,Custom_Risk_0,8,BTC,0.18022976474908972,1.062133306952096,BCH,0.15626603243937795,0.5386249639692451,BNB,0.12669198935032433,0.4433198219930217,ETH,0.12048548462524572,0.057097493977354474,ETC,0.13857794218520172,-0.14190234420327805,INJ,0.09261204709697532,-0.19520405724169,DCR,0.09040077031293903,-0.4061983543834821,AAVE,0.09473596924084625,-0.5677003460243482
2022-02-09,Custom_Risk_0,8,BTC,0.1320028068264946,1.0021201593260656,BNB,0.12089887482829766,0.45862873537902626,ETH,0.1261414214843308,0.4405874166021126,DCR,0.1441288736985269,0.39008139669468206,BCH,0.12732515832644611,0.0005716260613426727,ETC,0.12825017670710295,-0.12170853418714539,GNO,0.11532258501285544,-0.6417208197107354,AAVE,0.10593010311594553,-0.6686469280610985
2022-02-16,Custom_Risk_0,8,BTC,0.14489048718397704,0.836114561737806,ETH,0.11176007743147177,0.5828145770639623,ETC,0.11025962443614584,0.40957701734231555,BCH,0.1288645363445058,0.20508376266527306,BNB,0.13202400305583784,0.08045248000941133,AAVE,0.10811906314857822,0.0518942176320808,DCR,0.1470570659106707,0.0002795622466922193,GNO,0.11702514248881281,-0.2448079584654286
2022-02-23,Custom_Risk_0,8,BTC,0.16085263202905545,0.594026195392304,ETH,0.12526953107512537,0.4598506601464019,ETC,0.1057149175243321,0.19126167003938807,AAVE,0.10268725261936339,0.12470129013352488,GNO,0.12889637301818035,0.12212956788132702,DCR,0.0991405856747445,0.005495651460168005,BNB,0.13258326618849373,-0.00964541536363886,BCH,0.1448554418707051,-0.12812302564449113
2022-03-02,Custom_Risk_0,8,BTC,0.1335093380675262,0.28864962675167605,GNO,0.15086890878287326,0.20595007263653806,ETH,0.1361854171488885,0.16157028189253694,BCH,0.147359462527143,0.1592995779253262,BNB,0.14693929652120186,0.15428971021604218,ETC,0.11605802561169104,0.05279029650013853,AAVE,0.1063436128200669,-0.07559097550722238,INJ,0.06273593852060926,-0.4480039405623035
2022-03-09,Custom_Risk_0,8,GNO,0.12460407098563717,0.5727518810213343,BTC,0.12104915188346091,0.5230831298793538,ETH,0.12286187433577493,0.337836243539376,BNB,0.1553311439596334,0.14809060889737863,DCR,0.11719919229040254,0.05529061187155804,BCH,0.12586931484002603,-0.1314220889998436,ETC,0.12300438593566297,-0.18882726788626703,AAVE,0.11008086576940194,-0.5278127987490946
2022-03-16,Custom_Risk_0,8,BTC,0.11830087425397044,0.8657669035410562,BNB,0.15330732784594803,0.5310932371759542,BCH,0.1181756954863644,0.2690177183255633,ETC,0.1260858366669521,0.20864596145609182,GNO,0.12637677792357827,0.18554128196536412,ETH,0.12535422906000576,0.16766258435005804,DCR,0.11340574692206662,-0.2241140471283391,INJ,0.11899351184111441,-0.5392360643098159
2022-03-23,Custom_Risk_0,8,BTC,0.14021767235946017,0.9066731526424296,ETH,0.14472266572630024,0.5795007189063149,BNB,0.1671375216345336,0.514810663809156,GNO,0.13485233879582173,-0.07308448204040144,BCH,0.0924812833705721,-0.10553241310007118,DCR,0.10902439889320434,-0.14797588662179711,INJ,0.13676463316617873,-0.1722773078217071,AAVE,0.07479948605392905,-0.22165721581564363
2022-03-30,Custom_Risk_0,8,BTC,0.17768146712194302,0.7525720341979192,ETH,0.16307958618630836,0.5085528187136014,BNB,0.2318452375364159,0.44618503228331446,BCH,0.0833106081883876,0.3175687087125249,ETC,0.04499229197924619,0.15432866302054649,DCR,0.13271204617978602,0.015892876208041196,INJ,0.1079056565243289,-0.2037992161470731,GNO,0.058473106283583966,-0.8032198606821934
2022-04-06,Custom_Risk_0,8,ETC,0.09312891986928042,0.4875144142071231,BTC,0.18670630152589085,0.4572703544934439,ETH,0.1453956397766435,0.19860181700136362,BCH,0.14707381228409147,0.10131865523901916,GNO,0.06751140809343179,0.0017603725285234573,BNB,0.17456499533582484,-0.06816750989881695,DCR,0.14124858257271433,-0.14443255812114886,AAVE,0.04437034054212276,-0.4997044995067349
2022-04-13,Custom_Risk_0,8,BTC,0.2009298979713379,0.7864026057624585,ETH,0.15089762138606583,0.37801402284642693,GNO,0.09608583217544545,0.09720196188303537,INJ,0.11175617112028516,0.0012332075766749995,BNB,0.15235646142304918,-0.01268346300025569,DCR,0.13804962833495724,-0.016002244749679942,AAVE,0.06478398786987417,-0.32365300362353855,ETC,0.08514039971898509,-0.40714921839065865
2022-04-20,Custom_Risk_0,8,ETH,0.17012912423778734,0.6392843239928419,BTC,0.18206488412754745,0.6103660507652037,BNB,0.15555878221292058,0.3776248745181476,BCH,0.1016626324230594,0.08491725579990875,INJ,0.10388690757389296,0.03402675473576311,ETC,0.0872177741128444,0.013576542200971653,GNO,0.09648079295100848,-0.21001247041265794,DCR,0.10299910236093945,-0.6055339748284427
2022-04-27,Custom_Risk_0,8,BTC,0.1367546294430192,0.5516690829257127,ETH,0.12881160321869412,0.37231738284674515,BNB,0.171201882789893,0.32099792527741117,INJ,0.10962555474288,0.07534588496991523,ETC,0.10441261775205411,-0.03376133755411126,BCH,0.11094589707045527,-0.16906506238785868,GNO,0.1637097915490988,-0.20036566803138178,DCR,0.07453802343390546,-0.3878106181053043
2022-05-04,Custom_Risk_0,8,BTC,0.16100726909474924,0.5926586215491937,ETH,0.1351781682570263,0.2624839362424774,DCR,0.11110967862412605,0.24288219337868794,BCH,0.12164765000594967,0.220614151435496,GNO,0.15871390710289315,0.03111645298711983,BNB,0.15470614498806046,-0.001028640643464085,AAVE,0.08033152036438874,-0.05627351648346823,ETC,0.07730566156280642,-0.384617100833059
2022-05-11,Custom_Risk_0,8,BTC,0.17545227330293556,0.6416224386786327,ETH,0.14753846122020592,0.4434211317097738,DCR,0.11277460887040025,0.14088210270901197,BNB,0.11045469510006269,0.13057963262498534,GNO,0.16320627066368365,0.0368064537895364,BCH,0.11014684854445737,-0.06788328220389547,AAVE,0.08125339521951272,-0.23717989988192495,ETC,0.09917344707874177,-0.4131469701236578
2022-05-18,Custom_Risk_0,8,BTC,0.18348308585058873,1.1198770440364212,ETH,0.15040728670786174,0.8924189133814462,GNO,0.14957436083819164,0.7239564566465552,BCH,0.11148341815611343,0.11633255163397567,BNB,0.11301441504151308,0.07659849650858908,ETC,0.11257178387267071,-0.17318752611095967,DCR,0.09806719471815463,-0.42242118473444745,AAVE,0.08139845481490608,-0.7443925835980346
2022-05-25,Custom_Risk_0,8,BTC,0.1783247934743117,1.1881365754066193,ETH,0.139704422277569,0.6399228444602754,GNO,0.12065506448404716,0.2880991193941575,BNB,0.15282573948796405,0.2615596349978855,BCH,0.12890147865829676,0.09977125950275914,DCR,0.0984079155401004,0.008765153305278967,ETC,0.1043444698184207,-0.5149826034562955,INJ,0.07683611625929024,-0.6373830279860024
2022-06-01,Custom_Risk_0,8,BNB,0.14031983997022185,0.7410020434846979,BTC,0.14861529656289968,0.6971967127459795,ETH,0.11329573210067798,0.4597344511945025,ETC,0.10650944250561925,0.21590557676290356,GNO,0.12184241807337726,0.10948976752021995,BCH,0.12043188737769055,-0.16626447272300143,DCR,0.13435762987731031,-0.19541527577470558,INJ,0.1146277535322032,-0.6296347517268011
2022-06-08,Custom_Risk_0,8,BTC,0.15145131778426846,0.4884847454570997,BNB,0.15704225446058975,0.43387905753477984,ETH,0.11320967429278167,0.03713367196102782,BCH,0.11345511462479035,-0.0036640277804546317,ETC,0.12843863186659188,-0.0632188230544302,GNO,0.12729547629654622,-0.10128595459775894,DCR,0.1372453209777606,-0.10315299073828524,AAVE,0.07186220969667105,-0.20168571970546773
2022-06-15,Custom_Risk_0,8,BTC,0.1290270470405772,0.8519543301931638,ETH,0.12062499785786412,0.46803797841207334,GNO,0.12182692254338008,0.23333977745006518,BCH,0.1409057304920634,0.13265864410525216,BNB,0.15119484250206913,-0.01143569832978053,DCR,0.12504546707467032,-0.09662128218407111,ETC,0.11402530813090714,-0.13351346100564027,AAVE,0.09734968435846858,-0.38160149981337527
2022-06-22,Custom_Risk_0,8,BTC,0.14373080615050163,1.0748321960355196,BNB,0.1398622314763042,0.40655829899192625,ETH,0.11287578586493985,0.2897538868549583,DCR,0.13850377640621048,0.18531122072344564,GNO,0.11840913821533457,0.09066419612520499,BCH,0.1274363842633393,0.06250564023422113,INJ,0.1097882523227828,-0.33904018734696634,ETC,0.10939362530058717,-0.49634213317155473
2022-06-29,Custom_Risk_0,8,BTC,0.157591189054774,0.8957620297361945,BCH,0.12015913133204108,0.4816431060562209,BNB,0.1340132682803785,0.41692737441208005,DCR,0.13611138620217905,0.32893594957666844,ETC,0.11661717643166386,-0.02281816375417901,INJ,0.126596575952936,-0.28343029835902456,ETH,0.10148841613443463,-0.4290346045634697,GNO,0.10742285661159291,-0.6841627674481607
2022-07-06,Custom_Risk_0,8,BTC,0.16834329104913753,0.9825122993556832,DCR,0.11654047280943163,0.4866077716100874,ETC,0.1385481071001091,0.37023610440605614,BNB,0.1337907668744258,0.21604811956358927,BCH,0.13447079715474936,-0.045915867830316245,INJ,0.10529631074115926,-0.11259583028392847,ETH,0.09803899045727374,-0.39079962911700744,GNO,0.10497126381371356,-0.4157857044681303
2022-07-13,Custom_Risk_0,8,BTC,0.14801361618336473,0.8916374672965492,BNB,0.16898154842855012,0.7404112259307483,ETH,0.10745714172726357,0.306569128193638,ETC,0.1437549968010225,0.242463735076654,GNO,0.11971302178016648,0.13501778379025428,BCH,0.11815624025853622,-0.08740574139462612,DCR,0.10626232372322239,-0.23817069162666185,INJ,0.08766111109787394,-0.37474992673782176
2022-07-20,Custom_Risk_0,8,BTC,0.17067677329697645,0.9734351746710058,BNB,0.18554285761895198,0.7029640693261601,DCR,0.14277890116848882,0.43897767982283276,BCH,0.12696504831079353,-0.019449249004427432,INJ,0.10567114971513349,-0.16060028337196683,AAVE,0.07303862440034464,-0.2084056548800028,ETH,0.09357487578335028,-0.21509911619969407,GNO,0.10175176970596106,-0.353198441500446
2022-07-27,Custom_Risk_0,8,BTC,0.1625771267259416,0.9103216186591642,BNB,0.15178083090730818,0.3691956858134232,ETH,0.08653934059426843,0.13317428745681356,DCR,0.16809077491177735,0.12243426399339609,GNO,0.09554077318589309,0.03358802076485087,BCH,0.11377416198254486,-0.02763403359154621,INJ,0.1405254133361354,-0.16056939781966326,AAVE,0.08117157835613116,-0.3028287910640567
2022-08-03,Custom_Risk_0,8,BTC,0.17575501755993939,0.9817776671142291,ETH,0.10629236629502,0.42138671809629086,GNO,0.11855830885102427,0.16106896120200948,DCR,0.15061660999306492,0.12046732337017968,BNB,0.14091359601224138,-0.040402142865170604,AAVE,0.08510113703961238,-0.1642594151603163,BCH,0.07281412943993885,-0.3515194550585362,INJ,0.1499488348091587,-0.49226922786066335
2022-08-10,Custom_Risk_0,8,BTC,0.2280667694011683,0.8699712555071755,BNB,0.2071691528015916,0.4355305324252077,ETC,0.06549443991794604,0.3633211416317864,ETH,0.1205526780412446,0.28835697695427975,BCH,0.07394911461883424,0.1445740080196175,GNO,0.12648146469750404,0.06288874624052385,AAVE,0.0992670747729037,-0.17578704824088287,INJ,0.07901930574880756,-0.39547573614089737
2022-08-17,Custom_Risk_0,8,BTC,0.21120732258989147,0.4750432144998823,BNB,0.21372775867876004,0.4246520376900553,AAVE,0.07479822495957862,0.15933926090549327,ETH,0.10514593407121732,0.1276819510693427,GNO,0.10777890855404573,0.010489511422946532,BCH,0.1399507851939078,0.008434320747324822,ETC,0.092469499844848,-0.2254173704257654,INJ,0.0549215661077509,-0.4232809002308044
2022-08-24,Custom_Risk_0,8,BTC,0.17915777073205555,0.7122607920980522,ETH,0.13000330404067806,0.3959258518010873,ETC,0.0927038141675666,0.37383411855919046,AAVE,0.10696492547618854,0.12825198660753087,BNB,0.192771133087082,0.08722093023440791,INJ,0.07824817204441034,-0.002420073817514995,GNO,0.09866038642807481,-0.2577526793419846,BCH,0.12149049402394416,-0.3830829670451047
2022-08-31,Custom_Risk_0,8,BTC,0.17731891003414801,0.5585024182336858,INJ,0.10315155589974359,0.28088718653679434,BCH,0.11170188769676352,0.2572937416317258,BNB,0.18413035212878498,0.2553883828541345,ETH,0.1130441808486983,0.01180069601909911,ETC,0.10155741157633494,-0.10700268471634257,GNO,0.10460716679241687,-0.11882794015733066,DCR,0.10448853502310972,-0.3765379897596479
2022-09-07,Custom_Risk_0,8,BTC,0.19039273421069977,1.111397763902694,BNB,0.16025133331476493,0.6377524396498839,GNO,0.14412254164656207,0.22509337482654693,ETH,0.11089044219708424,0.10863112294032906,INJ,0.10050608191814603,-0.03747323383626361,BCH,0.09503127624402295,-0.26349679490709904,DCR,0.10268408229332905,-0.32904944866479596,AAVE,0.09612150817539088,-0.363703753686755
2022-09-14,Custom_Risk_0,8,BNB,0.166065937308256,0.5390883668829477,ETH,0.13682096662018364,0.3090515563387561,AAVE,0.12587749732667022,0.2427868408589911,GNO,0.12988594911895052,0.2425103262344495,BTC,0.11220344482074453,0.19066611192857552,DCR,0.16852615630224654,0.002688110066266125,BCH,0.0963590866007103,-0.20713730345485454,ETC,0.06426096190223832,-0.5406959109063068
2022-09-21,Custom_Risk_0,8,ETH,0.1029263657266384,0.43577286990820674,BTC,0.11879590508997243,0.3567399872235021,ETC,0.08777383593101762,0.19976561666374829,BNB,0.19692289265326868,0.16386770813617302,GNO,0.10498987518018836,0.14553048047102002,DCR,0.14966540809010617,-0.12009654202753489,AAVE,0.1187269802254332,-0.24133829592968697,BCH,0.12019873710337504,-0.2989390056459567
2022-09-28,Custom_Risk_0,8,BTC,0.19012869157790577,0.922975822010451,BNB,0.18684741916755396,0.6991061608007948,BCH,0.12221346819700687,0.13259864033066515,GNO,0.10709194135517584,0.0576075243365696,ETC,0.09760470805231782,-0.14852132638361293,ETH,0.09475438377437115,-0.1937402574944117,AAVE,0.10075563371794213,-0.23907455119382018,DCR,0.10060375415772647,-0.24156140200380163
2022-10-05,Custom_Risk_0,8,BTC,0.13448860711956834,0.7972436536237003,BNB,0.167194107637319,0.6430816598872794,GNO,0.10313377236176753,0.13886378777674846,ETH,0.11465077324267373,0.07514744427153654,AAVE,0.09646180745539694,-0.058105649477285665,ETC,0.2062983306688133,-0.11818285790182328,BCH,0.0941330595329563,-0.1447007508548298,DCR,0.08363954198150486,-0.42481812174113504
2022-10-12,Custom_Risk_0,8,BTC,0.15572517277880027,0.5830559799055499,BNB,0.16343899263851336,0.5437942975928602,BCH,0.10200058581092387,0.10721761780740689,AAVE,0.108341830643477,0.09560091172931812,ETC,0.08414790172737942,0.08590989906685131,ETH,0.1405813899383027,-0.18335302281080854,DCR,0.12259189007784366,-0.3358038950583443,GNO,0.12317223638475984,-0.41839185899649634
2022-10-19,Custom_Risk_0,8,BTC,0.19894490252461386,0.8336233487331743,BNB,0.16853010913799824,0.47560071827842915,ETH,0.1422210216977362,0.32152596026024466,BCH,0.11703115405063054,0.3070698164420237,GNO,0.14222788964897626,0.0020984507696603233,ETC,0.0648675349494721,-0.16522777605122313,DCR,0.08695989275799756,-0.24169369442583982,AAVE,0.07921749523257522,-0.6854646600871852
2022-10-26,Custom_Risk_0,8,BTC,0.1821015811253235,0.8390547265806847,BNB,0.20909782837618313,0.5605008520580197,AAVE,0.08452398797021876,0.2587085829613659,BCH,0.14190411981471213,0.10554674416060401,DCR,0.11417515087662414,0.005718589354408596,INJ,0.06399877015859684,-0.1712988168954868,ETH,0.09451019116257023,-0.3444317954876259,GNO,0.10968837051577125,-0.47545477718769535
2022-11-02,Custom_Risk_0,8,BTC,0.18398813353947469,0.8459139689563103,ETH,0.09094816497003266,0.38669964473729834,GNO,0.08969131378224518,0.177460341713699,BNB,0.1651136785929662,0.07457556598552131,BCH,0.1598598337466914,0.030725449530903805,AAVE,0.09731762365341962,-0.01566587931514281,DCR,0.12869994824558229,-0.07393394750854966,ETC,0.08438130346958794,-0.3531133781575936
2022-11-09,Custom_Risk_0,8,BTC,0.17225770419547573,0.5818901369278855,ETH,0.12254477095227534,0.30598816873149237,DCR,0.13188831101374668,0.08416253546301966,BNB,0.1343820575078326,0.01949783651652287,INJ,0.06900116304494644,0.014147872712804932,BCH,0.14699825704238734,-0.053594120146669616,GNO,0.12643825941494258,-0.0891854755736029,AAVE,0.09648947682839332,-0.34532492751554494
2022-11-16,Custom_Risk_0,8,BTC,0.1624395131934873,1.039826930527337,BNB,0.1355619376680662,0.9151649265467245,ETH,0.11470964569370336,0.07701961311668973,DCR,0.12492002919794049,0.03747603866827785,AAVE,0.09290497820626491,-0.16583454572264084,BCH,0.13376340716881327,-0.18028563352516802,GNO,0.1189185262883464,-0.184673315478845,ETC,0.11678196258337803,-0.2172860994624322
2022-11-23,Custom_Risk_0,8,BTC,0.17814896633355048,1.0319333080433266,ETH,0.11643926594973535,0.37383168713194725,GNO,0.12123184910098327,0.20498063729016908,BCH,0.14341353344313545,0.03865721988732279,BNB,0.11658560595863944,0.0012327267615762083,DCR,0.11926830309250724,-0.16779779689366953,ETC,0.09891487449650063,-0.31124708366315595,AAVE,0.10599760162494803,-0.49796578027746513
2022-11-30,Custom_Risk_0,8,BTC,0.18748394931794463,0.9217706975002139,BCH,0.16074386928688833,0.8148461270094332,BNB,0.09178630531932544,0.41529240229666564,DCR,0.09839562638620084,0.18608633435834207,ETC,0.09961555684676064,-0.06598435635404826,ETH,0.11455226991383023,-0.12868328387352068,GNO,0.10491213274242363,-0.6168565340088752,AAVE,0.1425102901866262,-0.7375495137040022
2022-12-07,Custom_Risk_0,8,BTC,0.18772556035897497,0.6412785998504001,BCH,0.17367895226232793,0.4756070282670828,BNB,0.14407406416844706,0.3083545542097592,ETH,0.10058348914448474,0.13972696251326303,ETC,0.13356438918762226,0.0889151003087505,AAVE,0.09264449473468299,-0.15573807153792513,INJ,0.07320657003735687,-0.3911317381891441,GNO,0.0945224801061031,-0.41027456175125254
2022-12-14,Custom_Risk_0,8,BNB,0.17113424952242073,0.8443449497176866,BTC,0.18580561406762278,0.7721951397945657,BCH,0.12358541727896574,0.5455215865701223,ETH,0.10391973112173836,-0.1954421288711307,ETC,0.11376802032894846,-0.2006564594723707,AAVE,0.09563502155337654,-0.2831283661838154,GNO,0.10814274700514961,-0.3281384259992431,DCR,0.09800919912177783,-0.3539723104529774
2022-12-21,Custom_Risk_0,8,BTC,0.19841703947251219,1.0451772710922222,BCH,0.13733118632468017,0.27693936373116373,ETH,0.1264548384385433,0.22894484296329778,AAVE,0.10953523592988143,-0.10615240129337696,GNO,0.12916069516271697,-0.138166741219517,INJ,0.09334961560487086,-0.24391454246029132,DCR,0.10933917895677824,-0.2891060617098508,BNB,0.0964122101100169,-0.3001835117482158
2022-12-28,Custom_Risk_0,8,BTC,0.22231401080580454,1.109825852825255,ETH,0.13364645430340846,0.3196139253132322,GNO,0.1347040219905643,0.19160229574329243,BCH,0.13732185340817,0.06951025444614362,DCR,0.10375875596372433,-0.014709233222180401,ETC,0.08438573599613475,-0.11647520434167824,AAVE,0.09303228249216663,-0.3501788597438201,BNB,0.09083688504002693,-0.6032839152825442
2023-01-04,Custom_Risk_0,8,BTC,0.25564589996886816,1.2582861164701933,ETH,0.1323221330546204,0.5193575467728293,BCH,0.10839948309778434,0.411180239319179,GNO,0.13456019710597378,0.2997402109940782,DCR,0.11993215074241677,0.2439306935583751,BNB,0.1073001036901784,0.004912106415419341,AAVE,0.04947656078273273,-0.34471245592720645,INJ,0.09236347155742539,-0.6722534617816568
2023-01-11,Custom_Risk_0,8,BTC,0.22128388399634333,1.156661118364035,ETH,0.1305553313633104,0.2527415565872768,BCH,0.13153193280372824,0.2076975412307896,DCR,0.13355327251392762,0.16284676330146913,GNO,0.12402534127553903,-0.04234856920899946,BNB,0.0915881639423261,-0.1450169580018359,INJ,0.13726065796763692,-0.24191245727244212,ETC,0.030201416137188207,-0.5047703907662519
2023-01-18,Custom_Risk_0,8,BTC,0.14562732394677855,0.5254788329817308,ETH,0.14178134864446512,0.4554592182745807,BNB,0.1377357036689376,0.4176134088486696,GNO,0.1440832972925457,0.1828609406671849,BCH,0.11723809740833009,0.05331836327721898,DCR,0.12668356504178876,-0.05524527470896452,INJ,0.11033956279030735,-0.30269748706776034,ETC,0.0765111012068468,-0.39762746368282903
2023-01-25,Custom_Risk_0,8,BTC,0.14682425795338575,0.8860247757972729,ETH,0.12759805007512212,0.526772960979522,GNO,0.13639713647850749,0.3181921385501476,BNB,0.17845459414477663,0.2676568197105406,BCH,0.12388850762254504,0.19521700652663113,AAVE,0.08831960703511446,0.17878227804575875,DCR,0.09730931295382514,-0.3254467169727964,ETC,0.10120853373672349,-0.3739262393800211
2023-02-01,Custom_Risk_0,8,BTC,0.15631846250193726,0.9068725691993981,ETH,0.11912207254885841,0.33405968033828604,BCH,0.14731349015241985,0.27919315728104344,BNB,0.18922418053408935,0.25872702690792926,AAVE,0.0790191036340504,-0.03232286045321768,DCR,0.09530066502354358,-0.038056285206044954,GNO,0.1152346742697119,-0.17196376194189916,ETC,0.0984673513353893,-0.26617978690581834
2023-02-08,Custom_Risk_0,8,BTC,0.18754360848380214,0.9629780674632786,BCH,0.14662292200809865,0.4256982261194008,ETH,0.13831052122673915,0.09986818130131171,GNO,0.11795316102136105,-0.04319149827334935,AAVE,0.08581181309841852,-0.12066842480860121,INJ,0.03608207081789165,-0.2326617997083762,BNB,0.1774693617490311,-0.2908249162201187,DCR,0.11020654159465774,-0.35063402983710623
2023-02-15,Custom_Risk_0,8,GNO,0.1278449981121956,0.44956077129476496,BNB,0.11987781703555407,0.3631501962942236,BTC,0.13386122249500862,0.2749659307745219,ETH,0.1277748721748725,0.1688787477055577,BCH,0.15289513689402903,0.06009222199265049,ETC,0.11444895349203557,-0.01581460797900694,DCR,0.1351517382195425,-0.09975732195097285,AAVE,0.08814526157676213,-0.36473704978797744
2023-02-22,Custom_Risk_0,8,BTC,0.13260579903774733,0.6130833609544957,GNO,0.1303753858599498,0.3487564892473128,ETH,0.13729533278227596,0.3415153519564134,BNB,0.12755556353908243,0.09315206587238874,AAVE,0.08968775329207043,0.009447342990606566,ETC,0.12936781709756343,-0.19450571042907527,DCR,0.12003930202794066,-0.31829252827255194,BCH,0.13307304636336992,-0.3747898700965407
2023-03-01,Custom_Risk_0,8,BTC,0.14964575018011814,0.6664884859069912,BCH,0.10236172290549526,0.4205510758116394,DCR,0.07963074311932762,0.2501857861259314,ETC,0.12128068269599637,0.1780082469727905,BNB,0.17304869660202743,0.12274398410728503,ETH,0.15072631435095743,-0.08188063582541738,AAVE,0.08295885888063871,-0.30414774180226833,GNO,0.14034723126543902,-0.43594683793600214
2023-03-08,Custom_Risk_0,8,BTC,0.14605324013844426,0.5546871924243979,ETH,0.12433965626666052,0.23285464542790726,BCH,0.1257676962036547,0.2096805578790229,DCR,0.09218429264394999,0.10190252579068745,ETC,0.12708789402755874,-0.03582173106593088,BNB,0.20444359842608603,-0.1802141803630638,INJ,0.04447128973156253,-0.2665408472554751,GNO,0.1356523325620834,-0.3057703847074863
2023-03-15,Custom_Risk_0,8,BTC,0.11309694713617888,0.5965515287522273,ETH,0.12538616791357118,0.3983790116040769,BNB,0.18029946979527725,0.36961433315199493,GNO,0.13396033381868105,0.3274735837080188,DCR,0.11496000864137591,0.14436353410159763,BCH,0.12139838524380292,0.09628652750210673,ETC,0.10112528041268354,-0.11865396592708866,AAVE,0.10977340703842924,-0.13584995991287746
2023-03-22,Custom_Risk_0,8,ETH,0.1406965077495302,0.41567675577092467,BNB,0.17251563379197657,0.40859385440859275,GNO,0.13987766882162178,0.2985904053358448,BCH,0.12483815039468356,0.18800849400240122,BTC,0.12859496073190554,0.17471430989963022,AAVE,0.12164505996107042,0.020148556691915176,DCR,0.10884352482474692,-0.3665792841826905,INJ,0.06298849372446501,-0.5405854248278862
2023-03-29,Custom_Risk_0,8,BTC,0.13986742308505995,0.7054459783445935,BNB,0.15076588723334847,0.5884985757147534,ETH,0.14503315510576584,0.3919856110687922,BCH,0.12873342107574257,0.2716599510965137,AAVE,0.12128884112378115,0.13492426092438042,GNO,0.13134673435794092,0.013297383442963093,ETC,0.11997149895335207,-0.18767934322299468,INJ,0.06299303906500903,-0.9142634390950933
2023-04-05,Custom_Risk_0,8,BTC,0.14915619371241398,0.9250624267757702,ETH,0.132683638236183,0.4478531616519644,BNB,0.15670808934154057,0.3525970871140902,GNO,0.12398700326816499,0.14041959983218016,ETC,0.13131763292413087,0.0515421771504072,BCH,0.1352421296657349,-0.00476822770411265,DCR,0.06579328674208285,-0.20313414782469183,AAVE,0.10511202610974893,-0.32624995388692263
2023-04-12,Custom_Risk_0,8,ETH,0.1294773957238519,0.5553668558936471,BTC,0.12627232319126425,0.43134388340723917,GNO,0.13516502076220643,0.3388289480434807,BNB,0.22775575843465856,0.18680055771026782,BCH,0.11435373403194621,0.03353513600204906,AAVE,0.0885164916920061,-0.08929520898628819,ETC,0.10116017995650599,-0.0987099390766343,DCR,0.07729909620756067,-0.18365132078493482
2023-04-19,Custom_Risk_0,8,BTC,0.14059670819305764,0.6761996178082581,ETH,0.10622932986919222,0.2658074268341102,ETC,0.13257650163492146,0.2210408636884177,BNB,0.1447337374662707,0.13302377899031836,BCH,0.1522709850243738,0.13103830224645546,AAVE,0.09876015182968506,-0.02236439148380609,GNO,0.10888347783261527,-0.04491584736164994,DCR,0.11594910814988393,-0.15134717627255148
2023-04-26,Custom_Risk_0,8,BTC,0.1517354601701016,0.3850961953428758,BCH,0.1571424187593017,0.3011320781980438,ETH,0.10959624972999549,0.2578995626258523,ETC,0.12999324776791835,0.09804894990689988,AAVE,0.106438944634745,0.09594945492835674,DCR,0.0913769265530847,0.026990078744981716,GNO,0.11369673832910769,-0.024900734403542985,BNB,0.14002001405574538,-0.31464470068600753
2023-05-03,Custom_Risk_0,8,BTC,0.13150803615150009,0.4110905132881707,BNB,0.131040004762164,0.24733731066474318,DCR,0.08826483064609741,0.17720663088381716,ETH,0.14518949915508136,0.12759160030977132,BCH,0.18961848528828673,-0.042863732615600836,ETC,0.12919086320117204,-0.09046283175218384,GNO,0.14325284412009037,-0.21504880727510667,INJ,0.04193543667560801,-0.22297294902198128
2023-05-10,Custom_Risk_0,8,BTC,0.1571231251401252,0.6695219380567053,ETH,0.1211040475967372,0.24300744558588366,BNB,0.16837352199106084,0.23316344702417763,AAVE,0.10853871056310924,0.10536076344083709,ETC,0.17962200248274307,0.009596733143874048,INJ,0.06016593249305612,-0.11779023141931955,BCH,0.08984516244097179,-0.1835986610888215,GNO,0.11522749729219658,-0.30973127106688836
2023-05-17,Custom_Risk_0,8,BTC,0.1872448196417099,0.8632108697697247,ETH,0.11289424025761557,0.5903186327627625,ETC,0.14212625406347315,0.4201775704348457,BNB,0.2505433275797001,0.3850077435048818,GNO,0.0982453821488732,0.03610867343695476,AAVE,0.09396264488353477,-0.19932950112724052,BCH,0.07523286360242445,-0.3111319278724035,INJ,0.03975046782266906,-0.7355407489149144
2023-05-24,Custom_Risk_0,8,BTC,0.1461158106319196,0.7310981278187824,BCH,0.1356435927300628,0.277182834946842,BNB,0.17140856015642533,0.18595377582041384,ETC,0.12438713120689104,0.18422849057888133,GNO,0.09904604204519332,0.15171427865349602,ETH,0.1557349510951262,-0.019335423166242705,DCR,0.052349256309206164,-0.0545999425884689,AAVE,0.11531465582517558,-0.42616076452433743
2023-05-31,Custom_Risk_0,8,BTC,0.11430687008052937,0.4913036530831625,BNB,0.16817227312243618,0.46204627367162854,ETH,0.12620293433639462,0.31258346813591936,GNO,0.10706320265357483,0.25956020388397977,BCH,0.1457106071789799,0.1456760033101599,ETC,0.13804082171006085,0.06279529686822423,AAVE,0.09181615368249858,0.04494729098278308,DCR,0.10868713723552559,-0.0978473947004635
2023-06-07,Custom_Risk_0,8,BTC,0.12344714598087551,0.3971758484247459,BNB,0.09643044332460254,0.3751998531545806,ETH,0.14938845247449264,0.324961389914607,GNO,0.14227912458648137,0.08694246724014276,ETC,0.1292353139789663,0.020502463105526756,AAVE,0.11413836627438423,-0.05922066955721338,DCR,0.11571625333498842,-0.05939692678244046,BCH,0.12936490004520895,-0.18437571279669682
2023-06-14,Custom_Risk_0,8,ETH,0.17037490217957657,0.7677238646586426,BTC,0.17418435989076148,0.6778304550158768,GNO,0.14276088480387789,0.3202238627008415,BCH,0.13616523694352228,0.23337040992309593,ETC,0.11228550700560758,0.15798732402148707,AAVE,0.09992232444748309,-0.02787624490818394,BNB,0.10128791914741896,-0.1361887223341021,INJ,0.06301886558175217,-0.37468703936083736
2023-06-21,Custom_Risk_0,8,BTC,0.17981222054033547,0.7601622699645306,ETH,0.1627949807057099,0.54690770348074,GNO,0.16044976280745285,0.4622331164624485,BNB,0.1451124016710153,0.05690142727840794,AAVE,0.10344139446442652,-0.047961610826406126,ETC,0.11589265832675166,-0.08330465208713408,DCR,0.06147348789775978,-0.10173749392698939,BCH,0.07102309358654846,-0.7388048098512682
2023-06-28,Custom_Risk_0,8,BTC,0.1495081841991794,0.9537041993627599,ETH,0.15500049097174148,0.6969623502878186,GNO,0.1697394315316567,0.35860416274636003,BNB,0.1781786041110602,0.1658796057641827,ETC,0.07286482376396097,-0.09090498030643551,INJ,0.08298942891694874,-0.17582997215658647,DCR,0.14032619007393715,-0.27660978634251865,AAVE,0.051392846431515336,-0.49111754605659796
2023-07-05,Custom_Risk_0,8,BTC,0.2691852874298728,0.9869259493817029,ETH,0.177425532829333,0.6239606854920029,GNO,0.1538442953750363,0.446485642027052,BNB,0.1507208255935987,0.2582970309444804,ETC,0.05254556317815952,-0.2414892961916638,INJ,0.07954982772619246,-0.28761376040690884,DCR,0.08825461472772689,-0.3162654872171191,BCH,0.02847405314008021,-0.6061516180515731
2023-07-12,Custom_Risk_0,8,BTC,0.259570952186627,0.6657498723738476,ETH,0.16850966468312029,0.4772410792946704,DCR,0.06759808208719296,0.25317849257744085,GNO,0.18036920087365543,0.09597982031535997,INJ,0.07545057929679853,-0.043089484380625015,ETC,0.06135373166030175,-0.11556590640748306,BNB,0.13065569090263648,-0.17076432049106266,AAVE,0.056492098309667484,-0.53891988593908
2023-07-19,Custom_Risk_0,8,BTC,0.18848309901047303,0.7617776927388604,ETH,0.13022922364162914,0.3297672323017029,BCH,0.11935456469576615,0.3255571432697172,BNB,0.11738661043794396,0.0654217847674719,GNO,0.1465166733549174,0.06034380354098168,AAVE,0.07890141012314719,-0.17938202909669604,DCR,0.11435535168590714,-0.1911154698254534,ETC,0.10477306705021602,-0.2546159161373614
2023-07-26,Custom_Risk_0,8,BTC,0.18462325129596455,0.725485460174074,ETH,0.13509001381738947,0.2656288858556274,INJ,0.06625420601461982,0.2221311190648927,GNO,0.129824755688926,0.1632610098600713,BNB,0.14886565276895816,0.01795023224726007,ETC,0.10916563815378756,-0.16945315464275446,BCH,0.11958178455688039,-0.32589801115209244,DCR,0.10659469770347417,-0.42421910349253483
2023-08-02,Custom_Risk_0,8,BTC,0.17755312234601092,0.6401056859933741,ETH,0.1956011189845458,0.35975361246042914,GNO,0.13601045257723227,0.28840278837937156,AAVE,0.06410011804400062,0.1909575340715235,BNB,0.15241577625161243,-0.057490268191168814,ETC,0.13469438339074874,-0.1777931141640567,BCH,0.06336014905362275,-0.3012735899065241,DCR,0.07626487935222633,-0.37542326909205703
2023-08-09,Custom_Risk_0,8,BTC,0.17181830687433872,0.8361616967272281,ETH,0.19121693251030392,0.5465537829274554,GNO,0.13959661760727615,0.4444285689986864,ETC,0.12977469079280712,0.35652738410865237,BNB,0.1258369096916395,0.28202096748699923,INJ,0.10208517944824358,-0.12394453897974045,DCR,0.09081509515699017,-0.3592668205311693,BCH,0.04885626791840082,-0.9595756632780319
2023-08-16,Custom_Risk_0,8,BTC,0.1741238405236256,0.5576940596064646,ETH,0.2182971469771041,0.22101701689667091,BNB,0.15623303183249532,0.2044036389181967,ETC,0.09801640298599622,0.07660090134502183,GNO,0.17668816746178226,-0.031294247858876245,INJ,0.06999112288400652,-0.09271811398028845,BCH,0.04208655824336734,-0.28777365300635516,AAVE,0.06456372909162278,-0.29275085832691894
2023-08-23,Custom_Risk_0,8,BTC,0.14372623019102349,1.0984832236999782,ETH,0.13888039446199182,0.7291076761618409,BNB,0.15202585169518879,0.5226457215912492,GNO,0.1720485884404382,0.462898195020766,DCR,0.12550399338331916,-0.04327959692064297,AAVE,0.10010891705240263,-0.3911008851577916,ETC,0.09706304185228912,-0.4254563582672011,BCH,0.07064298292334686,-0.7007668160897353
2023-08-30,Custom_Risk_0,8,BTC,0.129463010287969,0.6494825477399708,INJ,0.09052857585148655,0.5037993820170883,ETH,0.13802398776936647,0.46460202729758665,GNO,0.14988938657301218,0.2311922541609993,BNB,0.1548493507434747,0.22842031860242865,ETC,0.09966777236841419,0.05993732354682316,AAVE,0.11798470685060834,-0.22717665800066864,DCR,0.11959320955566853,-0.3501137450645177
2023-09-06,Custom_Risk_0,8,BTC,0.1229232290742199,0.6739602696850608,ETH,0.16315269257031842,0.26557268507340426,GNO,0.14049374068691026,0.15518140669450767,BNB,0.17912155556399031,0.15391539861054332,DCR,0.08462833936118161,0.09026630879606011,BCH,0.05169469945810535,-0.1622896678600153,ETC,0.112475597919848,-0.3467101245373802,AAVE,0.14551014536542614,-0.3524263006838611
2023-09-13,Custom_Risk_0,8,ETH,0.1288910768148904,0.4503492600349219,BNB,0.14954033246333487,0.4219101831055194,GNO,0.11599273432851398,0.3494234593252997,BTC,0.11659883517856803,0.23219820002581887,ETC,0.16141504538728144,0.22344866693204868,DCR,0.08429764100396106,-0.008826006423072907,AAVE,0.10549529432876385,-0.009924002901699147,INJ,0.13776904049468633,-0.2007152170231914
2023-09-20,Custom_Risk_0,8,BTC,0.1593802469191202,0.8221968899323584,BNB,0.17177651878615588,0.5362135775635726,ETH,0.1364178325504088,0.49609575873548883,GNO,0.11849804205553664,0.31116694215639484,ETC,0.1412663006454126,0.09186548382195414,DCR,0.10261420392618752,-0.11598314308573335,INJ,0.09866465681817271,-0.15808710047593685,BCH,0.07138219829900572,-0.7958807938593572
2023-09-27,Custom_Risk_0,8,BTC,0.1800417893738988,0.7399267296614078,AAVE,0.05579991492121339,0.222332519304467,ETH,0.16885023039386027,0.21311129051609723,GNO,0.1366949558997386,0.17982215267826976,BNB,0.1946494504196274,0.14199033637168387,INJ,0.06542328678336963,-0.09847723058404254,ETC,0.11710882262095565,-0.11009690015826964,DCR,0.08143154958733623,-0.1344600247337564
2023-10-04,Custom_Risk_0,8,BNB,0.2288611097534297,0.5353270891753232,BTC,0.15716578240812773,0.48495775414031683,GNO,0.1236239689199207,0.19550066051528014,ETH,0.12066519004320383,0.19363572999343168,ETC,0.11831942811150027,0.07168248904393336,DCR,0.10070809547700994,0.06588168682430467,BCH,0.07062336472399879,-0.19403795716890312,INJ,0.08003306056280918,-0.4871911847815409
2023-10-11,Custom_Risk_0,8,BTC,0.15849310690140025,0.5459469486562131,ETH,0.11556554786353057,0.27965632541047875,BCH,0.0892226041667419,0.26238980206616563,BNB,0.20005988494088792,0.13590537728822996,GNO,0.12153041172122289,-0.008160265639733141,ETC,0.12479107147866779,-0.058882790286869484,DCR,0.12763826603727407,-0.20703617916123393,AAVE,0.0626991068902747,-0.3728788474040163
2023-10-18,Custom_Risk_0,8,BTC,0.11544911154854068,0.5903263765254622,DCR,0.19609932790174214,0.3573240402573112,BNB,0.13719462488658593,0.3251203951035396,ETH,0.11623307946287088,0.2980948651201981,ETC,0.14121393857527417,0.18092312934370436,GNO,0.12292192169545964,-0.10309521096574674,AAVE,0.09168819511036082,-0.17008220565581403,INJ,0.07919980081916565,-0.6423998523756766
2023-10-25,Custom_Risk_0,8,BTC,0.1032478730993902,0.6314998240485726,BNB,0.1643948621688852,0.569452953461424,ETH,0.14237741954164188,0.3299309474035495,DCR,0.19249059962514314,0.20439091610289312,ETC,0.14385049936433145,0.18888099203519526,GNO,0.10348559977069934,0.022992423154369765,BCH,0.08750743950736017,-0.11776371020527203,INJ,0.06264570692254866,-0.8930693552812666
2023-11-01,Custom_Risk_0,8,BTC,0.10601170301354156,0.6634303173885958,ETH,0.16872053531791384,0.41088639972932006,BNB,0.1866267498016365,0.3136312850343364,DCR,0.17091262377809155,0.11397745181875661,BCH,0.0927466607717053,0.004722046990830009,GNO,0.0905090517351161,-0.07985428600014084,ETC,0.13024838605681646,-0.11360937639684036,AAVE,0.05422428952517867,-0.4055720395232043
2023-11-08,Custom_Risk_0,8,BTC,0.24139092828288877,0.8967299456324345,ETH,0.1862382789933077,0.5620867766255492,ETC,0.10954396083957663,0.23719527482671893,BNB,0.12416389281198498,0.19901949213531353,BCH,0.13018466405192458,0.043832276896389355,DCR,0.10705538524392444,-0.029307806831635294,INJ,0.05433971040456481,-0.1783226442840427,AAVE,0.047083179371828064,-0.5679986767320083
2023-11-15,Custom_Risk_0,8,BTC,0.16777463904769072,0.5879757637241624,BNB,0.1470845622369751,0.3103253993308621,BCH,0.22199314361456868,0.287944193298751,DCR,0.13194276095026622,0.06274895392123281,AAVE,0.0802981427414194,-0.00023491550533205618,ETH,0.09872669283995818,-0.008285013711601369,INJ,0.06651949151078014,-0.07740992570360233,ETC,0.08566056705834156,-0.3302052803232549
2023-11-22,Custom_Risk_0,8,BTC,0.1500675224845651,0.626318227214855,BCH,0.23721987350773044,0.2734961225887448,DCR,0.13880028761556257,0.22557012569312396,BNB,0.11495460892425069,0.21088982305576634,ETH,0.1057521359287404,0.13764683067258,ETC,0.09606873634925324,0.021453322193273783,INJ,0.0645053528835318,-0.3720540018537417,AAVE,0.09263148230636578,-0.5107000914863824
2023-11-29,Custom_Risk_0,8,GNO,0.11069416526351966,0.5211714172823033,BTC,0.14759003142520494,0.4888877821690343,ETH,0.1279230871639811,0.2888036038421741,DCR,0.12512606877565155,0.24115696150945345,BNB,0.09376097449091059,0.18576968090022594,BCH,0.1938187467286901,0.10484086755112514,ETC,0.12152834144026653,-0.049300895287355935,AAVE,0.07955858471177554,-0.5825317139965506
2023-12-06,Custom_Risk_0,8,GNO,0.0738001891692933,0.2855773678575652,DCR,0.15254576405906692,0.2683657370040383,BTC,0.11560386450322747,0.2109320897253339,BNB,0.20274312731505184,0.20645056208135043,ETH,0.12834572057858037,0.07368362508899104,AAVE,0.10320717259245149,-0.03245599743248215,ETC,0.14075950478127922,-0.1486966824656462,BCH,0.0829946570010493,-0.2689902245247137
2023-12-13,Custom_Risk_0,8,BTC,0.12376136944581476,0.9742514834054904,ETH,0.12763084922426926,0.5111432271403742,BCH,0.0941877904813952,0.1495328377148668,DCR,0.13897838275360486,0.12693567554948804,ETC,0.1015982872941373,0.08765448881143612,BNB,0.2346007544550013,0.07154813361234383,AAVE,0.12437442514492766,-0.027398893945263902,GNO,0.05486814120084969,-0.4931794714851778
2023-12-20,Custom_Risk_0,8,BTC,0.15250955863533236,0.6343615467426676,ETH,0.14152021933184888,0.3953546118018142,DCR,0.14711861171633134,0.19766282743010277,BNB,0.17605312990375102,0.1905041518079856,BCH,0.13631762317175444,0.07426959719573833,ETC,0.09842134699918269,-0.020070247175952308,GNO,0.057850425984836376,-0.12847665294816257,AAVE,0.09020908425696292,-0.3198301222345681
2023-12-27,Custom_Risk_0,8,BTC,0.23316834399616174,0.9609041462319945,ETH,0.16616687501903302,0.5795297786359095,ETC,0.10958460245925315,-0.05292221808270671,INJ,0.05558305478245402,-0.0823796900626168,BNB,0.11004909889102707,-0.08642140214670596,BCH,0.10422135453456302,-0.11802960586289192,AAVE,0.10222925986290674,-0.13872568078054234,GNO,0.11899741045460124,-0.19416961741775235
2024-01-03,Custom_Risk_0,8,BTC,0.23151903197665097,0.41481441467030805,ETH,0.17059486475892624,0.3089399037256546,DCR,0.06634784168315383,0.2161505845838927,ETC,0.11643335074495445,0.024388065291814573,BNB,0.13194817967736558,-0.028272976057333754,BCH,0.0946780717518228,-0.10161633741463313,AAVE,0.11315243434520658,-0.2106451175096319,INJ,0.07532622506191959,-0.25823584577789876
2024-01-10,Custom_Risk_0,8,BNB,0.26318567433141743,0.7822731035342355,BTC,0.1610037368562316,0.7581744455997339,ETH,0.12130180845708707,0.24437454303084985,DCR,0.09413544879766715,0.07840071624554007,AAVE,0.0858664969350645,-0.017443212128108593,BCH,0.09636214192482491,-0.08866578463516725,GNO,0.1227851081545052,-0.09124138845732131,INJ,0.05535958454320224,-0.7985081148306462
2024-01-17,Custom_Risk_0,8,BTC,0.1536794782749947,1.1030263165505843,ETH,0.13612477082565932,0.46320836710113833,BNB,0.1921907736337353,0.1518678694308936,BCH,0.11204562153662383,-0.003137753128864912,AAVE,0.10700310352683386,-0.004059391722901151,DCR,0.16763603617990153,-0.3771968561442227,ETC,0.06613277555747617,-0.3917309531151551,INJ,0.06518744046477531,-0.4429432933410501
2024-01-24,Custom_Risk_0,8,ETH,0.14698610838030635,0.571041919900705,BTC,0.1413281515234943,0.41577441963085116,BNB,0.15331389433116907,0.05766573201903907,GNO,0.1328500486226483,-0.009519358985334653,DCR,0.15124035032894068,-0.03905016368581678,AAVE,0.11943744017159329,-0.09439901279798638,ETC,0.07742041607701723,-0.1578199800264143,INJ,0.07742359056483088,-0.25022139280363065
2024-01-31,Custom_Risk_0,8,BTC,0.1410363778575233,0.49376856080283466,ETH,0.14539523589084216,0.48759326029017347,BNB,0.1661797817020758,0.4604152903701513,BCH,0.1788097746343054,0.37983787407261205,AAVE,0.11026929251632175,0.27165709779950614,GNO,0.0916013804169782,-0.05447146252376828,ETC,0.09044368500069465,-0.3424398202715946,INJ,0.07626447198125876,-0.5005003373169861
2024-02-07,Custom_Risk_0,8,BTC,0.15602306120922566,0.6390171662422669,BNB,0.17372883913122106,0.4392451025337257,ETH,0.1653869544982496,0.23268128061512702,BCH,0.15874422578226996,0.1506231238027324,AAVE,0.09417412506027689,-0.06761037948267076,ETC,0.10483037328344391,-0.10797750940364914,INJ,0.06527842018101777,-0.39117678821076113,GNO,0.08183400085429504,-0.3986549920084083
2024-02-14,Custom_Risk_0,8,BNB,0.17065960582788592,0.5363988321127607,BTC,0.15745389811450303,0.5355873243828885,ETH,0.12633473596417813,0.2181475662303137,ETC,0.12603379204745987,0.15408693316853972,GNO,0.1110085121748143,-0.05105154488417418,AAVE,0.13424733358940816,-0.07015212904060636,DCR,0.0994377890231828,-0.3162358919461625,BCH,0.0748243332585677,-0.4936717530560283
2024-02-21,Custom_Risk_0,8,BTC,0.17158050918466725,0.9793107219246059,ETH,0.1312430297928038,0.4040840292079013,ETC,0.11991452491483658,0.14597472910664794,BCH,0.07592561070120842,0.11296062335428231,GNO,0.11706252274942115,0.052757792160298855,AAVE,0.15208796807549504,-0.035804757854693864,BNB,0.11269492601445377,-0.3090257794324494,DCR,0.11949090856711386,-0.6594426261779349
2024-02-28,Custom_Risk_0,8,ETH,0.16502724524675622,0.7356226877592796,BNB,0.11437025199507951,0.6645674837038356,BTC,0.10954721926941324,0.4211098313580824,AAVE,0.13801419499657822,0.1036659577979259,ETC,0.1198241569378132,0.015341552789748497,GNO,0.12281140015969852,0.008564736787237848,BCH,0.12627665394490953,-0.018041687969952175,DCR,0.10412887744975154,-0.6079733733157535
2024-03-06,Custom_Risk_0,8,BTC,0.125553518019183,0.8018295168965831,GNO,0.14200920103627745,0.6574065794836629,ETH,0.2015175260161326,0.5911882937295433,BNB,0.1455172697847247,0.42345108530555253,INJ,0.08925864370606973,0.14383272561838972,DCR,0.10236900602903796,-0.15658926850228197,ETC,0.10463196462386058,-0.4156634588394821,AAVE,0.08914287078471395,-0.44127805752148963
2024-03-13,Custom_Risk_0,8,ETH,0.22083953789900665,0.7619398761054745,BTC,0.17533451506411296,0.7107270014355936,GNO,0.14067534314970703,0.3653214918969911,ETC,0.10947074545943017,0.3204489722949556,AAVE,0.0932936384283411,-0.06827294747776914,DCR,0.11703985476857819,-0.13589660687348243,BNB,0.10063153357986962,-0.5680841024463044,BCH,0.0427148316509542,-0.5737423201880564
2024-03-20,Custom_Risk_0,8,ETH,0.1508486311856248,0.36552566099558575,DCR,0.1084553332362199,0.36245436956938304,BTC,0.17065727132561814,0.333406918686279,GNO,0.11891344733658421,0.27517253216260373,BNB,0.10544994499909245,0.14696397536921602,ETC,0.137141129724986,-0.027255954058982262,AAVE,0.12013907576304901,-0.06337803615821698,INJ,0.08839516642882554,-0.44961083259486967
2024-03-27,Custom_Risk_0,8,BTC,0.14739290734422214,0.9687951089023324,ETH,0.13321191692424802,0.615745983884294,BNB,0.13988569726633543,0.48059164608719596,GNO,0.11677340521446068,-0.062488755799026796,ETC,0.122467720212266,-0.08601841683776351,AAVE,0.11626208446495981,-0.10221909657300746,DCR,0.1060728931989552,-0.2719631833873688,INJ,0.11793337537455276,-0.42283490073194446
2024-04-03,Custom_Risk_0,8,BTC,0.14883260293735717,0.8352740776259052,ETH,0.13739427347279437,0.41290765349135006,BNB,0.1562960815645933,0.21981008583143952,DCR,0.09595384413928297,0.04391339950990514,GNO,0.13150876408140705,0.037010989412406416,AAVE,0.10767041866601486,-0.10272126756911032,INJ,0.11327822362790756,-0.24534118495129847,ETC,0.10906579151064268,-0.2504089581159433
2024-04-10,Custom_Risk_0,8,BTC,0.17642439210018412,0.8624525728172089,ETH,0.13791589857640704,0.38578890215007977,BNB,0.1585404049295406,0.2896362927391825,INJ,0.13167068394961304,0.21426048592885744,GNO,0.12963767182111127,-0.1451998543718459,BCH,0.07531127111390426,-0.2970447520608988,ETC,0.09853868394862635,-0.38848669759334964,DCR,0.09196099356061346,-0.38978916361485266
2024-04-17,Custom_Risk_0,8,BTC,0.18856728549646684,0.6684415685395115,ETH,0.1361292692366744,0.25810198927793426,BNB,0.1878370804823953,0.18596919483258348,BCH,0.08276398295469783,0.07184621600361113,AAVE,0.0745134364548008,0.05142354591035908,GNO,0.15315780323587835,-0.06377435538107556,ETC,0.0860206237204475,-0.08898166529440457,DCR,0.09101051841863889,-0.41342601510196264
2024-04-24,Custom_Risk_0,8,BTC,0.19820239959577846,1.1213703499487242,ETH,0.1576456158136314,0.5659802264610522,BNB,0.1899405057122233,0.2586026864304502,GNO,0.10539093335917601,0.24721466803508974,ETC,0.09128439648178875,-0.15510949863470683,BCH,0.08796307065892957,-0.16753710479906916,INJ,0.07254829357505455,-0.40348085095243563,DCR,0.0970247848034179,-0.6870406068782842
2024-05-01,Custom_Risk_0,8,BTC,0.16494085267063696,1.0402435884463577,BNB,0.18483306228496915,0.6869097250007383,DCR,0.09967604366724275,0.2618896505019619,ETH,0.1545233641663411,0.2452056867531681,GNO,0.07975207344359872,-0.1337025482826904,BCH,0.10470227992121607,-0.19611479154381353,INJ,0.0992441970801155,-0.5346639223520888,AAVE,0.11232812676587967,-0.6442985960108117
2024-05-08,Custom_Risk_0,8,ETH,0.1333064487374302,0.7136023141007934,BTC,0.128300801792244,0.6476029242363576,BNB,0.1684212161124373,0.6054139606765712,GNO,0.15403431248890095,0.5314836890993444,AAVE,0.12626091242920454,-0.40723296462672715,DCR,0.09074798441952044,-0.42467603533816034,ETC,0.11085801460582105,-0.48768952416578976,INJ,0.0880703094144415,-0.5053655035208714
2024-05-15,Custom_Risk_0,8,BNB,0.17159196520260564,0.8648291864246027,GNO,0.14904213901231297,0.5270689072903121,ETH,0.14979112755476373,0.3972580092940879,BTC,0.12023630673965946,0.2915758491771675,ETC,0.12027714354789178,0.10929610933818715,AAVE,0.10682648217246309,-0.25698582919978097,BCH,0.10335491646645224,-0.4998461774215085,DCR,0.07887991930385106,-0.5279439240178583
2024-05-22,Custom_Risk_0,8,BTC,0.15510657743881073,1.2211848767829667,BNB,0.22896287451236308,0.9804709191332843,BCH,0.13517820405858336,0.13520957754695972,DCR,0.09365808886095678,-0.04527661860742194,ETC,0.09932723260092678,-0.11515550461585466,ETH,0.0973435903957923,-0.18649001721891334,AAVE,0.1030187917739612,-0.20302859013546293,INJ,0.08740464035860576,-0.8801608864934362
2024-05-29,Custom_Risk_0,8,BTC,0.17694742291241192,0.9731773409004657,BNB,0.2373501385832518,0.7000738727286296,ETH,0.08677251107528258,0.3515764411626874,BCH,0.14783309102007683,0.31961875212913393,ETC,0.08631571755032572,-0.19093004433080338,DCR,0.10743960597945888,-0.21217634767785257,INJ,0.0886343811635455,-0.3404105914161327,GNO,0.06870713171564692,-0.7468200698206072
2024-06-05,Custom_Risk_0,8,BTC,0.195625290504181,0.8801082979345933,ETH,0.19613543982637593,0.5847894382548072,AAVE,0.10318995697143699,0.15159359750425078,ETC,0.09738798044897436,0.11038019332132404,BCH,0.12446182577215581,-0.07399869000507507,BNB,0.09450019103968064,-0.3221887032296552,GNO,0.09727898381114436,-0.3240955170461117,DCR,0.09142033162605095,-0.4935685695221719
2024-06-12,Custom_Risk_0,8,BTC,0.20784180712937028,0.8914686200331625,ETH,0.16426510854491908,0.6124716597775844,BNB,0.07946327941471742,0.4961046261132341,AAVE,0.12840939873280832,0.24171903343046358,BCH,0.12494167527027267,0.07890218561974949,ETC,0.12269398940979181,-0.03021860214887878,DCR,0.0739209049971783,-0.41700774049664835,GNO,0.09846383650094219,-0.4394415924096927
2024-06-19,Custom_Risk_0,8,BTC,0.2631138572443407,0.794173346517098,ETH,0.14944070596614992,0.34931260866396024,BCH,0.12292218541849707,0.11568063412943161,BNB,0.12156034743673398,0.10943551110205299,INJ,0.045884060456492876,-0.033108456680489895,ETC,0.112161397092182,-0.25142552456799466,GNO,0.08952402491198395,-0.28171899211167667,AAVE,0.0953934214736196,-0.3971170904146929
2024-06-26,Custom_Risk_0,8,BTC,0.18578513111702272,1.1652503469510043,ETH,0.17294616133600393,0.7868312668081417,BNB,0.1874641793806182,0.5159688678966239,GNO,0.10459466514322681,0.49067446709937057,BCH,0.08781352835682811,-0.07253153739705769,ETC,0.11615923065928785,-0.13523902765121398,AAVE,0.07482281929484844,-0.5828819739701384,DCR,0.07041428471216397,-0.7870000438207467
2024-07-03,Custom_Risk_0,8,BTC,0.1443491956559717,0.6209445983331103,ETH,0.1834340754232079,0.5771661300208257,BNB,0.16518880626177684,0.317870274340061,AAVE,0.06981787609850537,0.2024666169935808,ETC,0.1538561394703508,0.004232051304830385,DCR,0.10105049300930717,-0.17057429895842252,GNO,0.08826533016712237,-0.2596391771037211,BCH,0.09403808391375784,-0.5352644174347945
2024-07-10,Custom_Risk_0,8,BTC,0.1874019576667507,1.060688277034141,ETH,0.156621557033075,0.8799620352141136,BNB,0.12349765178884917,0.3976911068006012,ETC,0.13580883014806033,0.23327731776814586,BCH,0.09541548403818428,-0.1143026273000029,GNO,0.09697291245094028,-0.2814575230981491,DCR,0.11209972925968903,-0.665059699615265,INJ,0.09218187761445128,-0.7139387309728248
2024-07-17,Custom_Risk_0,8,BTC,0.16878220047920295,0.9788415106537631,ETH,0.14094397510963058,0.6102693281607493,BNB,0.11712845508561098,0.2510978747159532,AAVE,0.12036311554355092,0.15296417105178395,GNO,0.11157651013357099,0.08018774621242636,ETC,0.12248892899343558,-0.058650486811950196,DCR,0.12837539914202556,-0.07847043641524368,BCH,0.09034141551297249,-0.5202374138934247
2024-07-24,Custom_Risk_0,8,BTC,0.153675440829655,0.6690065415390489,ETH,0.13493778411678461,0.42965313981185815,AAVE,0.11521341526650127,0.23439829629022685,DCR,0.11925162089525776,0.09762578104524944,BNB,0.14252899193984744,-0.05645101303421923,GNO,0.10946649269809343,-0.2176964553876216,ETC,0.11912072774050139,-0.21955289129224337,BCH,0.10580552651335909,-0.4308350283549982
2024-07-31,Custom_Risk_0,8,BTC,0.16882749326681706,1.0988158757159467,ETH,0.137893219183403,0.682745995866326,BNB,0.1833355243707222,0.4293796288829076,ETC,0.12730337135085035,0.2547223716590189,GNO,0.1159925266102931,-0.08002438388016209,INJ,0.07472745432518149,-0.4963931287699694,AAVE,0.09863770388509904,-0.5627559578295552,DCR,0.09328270700763377,-0.615997848348909
2024-08-07,Custom_Risk_0,8,BTC,0.14867592312853803,0.6815146795760585,ETH,0.11842995663031321,0.5020380283494074,BNB,0.144222376986189,0.23111917321860304,ETC,0.15138745810318144,0.013615932194438157,BCH,0.09405767997604537,-0.045120964440114986,GNO,0.14643514114589845,-0.11529247881497329,DCR,0.11135616865582935,-0.26357256713419114,INJ,0.08543529537400504,-0.4685410616674727
2024-08-14,Custom_Risk_0,8,BTC,0.13680983319613046,0.9915845167904105,ETC,0.14984989136231722,0.461297261952523,BNB,0.14496664949322663,0.3935650008903784,DCR,0.14467386815501818,0.35704861755240164,AAVE,0.11002642413654326,0.30729782435057856,ETH,0.10579488322345677,-0.012376530378972184,BCH,0.10638362639888442,-0.09330135165466764,GNO,0.10149482403442309,-0.845256648307856
2024-08-21,Custom_Risk_0,8,BTC,0.1319706643309696,0.8844104137781394,ETC,0.15099388942222097,0.34997384124762193,BNB,0.15262432285388505,0.3459810355114987,ETH,0.11009666457282988,0.26395582128751677,GNO,0.09962384841139213,-0.08864706013185925,BCH,0.10394488160828805,-0.08941702300520861,DCR,0.14204764481164248,-0.29065873807268827,AAVE,0.10869808398877198,-0.3904517759453278
2024-08-28,Custom_Risk_0,8,AAVE,0.0789677118066055,0.5051426468744755,BTC,0.1442649431069194,0.49472688592312986,BNB,0.1531571861528442,0.38949062523083555,BCH,0.14454030007768442,0.08671117867295446,ETC,0.1458819260457814,0.07101743936797766,ETH,0.12319563209048026,-0.07013891446492551,GNO,0.10697748139105455,-0.30494380042440217,DCR,0.10301481932863034,-0.5261595044180878
2024-09-04,Custom_Risk_0,8,BTC,0.15118142548679275,0.7639328043847432,BNB,0.19178236220071598,0.6759744655110654,ETH,0.11560630488048639,0.24692467797341658,ETC,0.13288463563431704,0.2261255282306174,BCH,0.1382940963301693,-0.015109235089884092,DCR,0.10512688312561017,-0.2203450081244749,GNO,0.09468315019878847,-0.2432584097842368,INJ,0.07044114214311989,-0.5930692357952635
2024-09-11,Custom_Risk_0,8,BTC,0.15491154755070535,0.9108429474332191,ETH,0.1190834724203412,0.4969359737896719,ETC,0.15438668544294545,0.2094008681002695,BNB,0.166942301190495,0.1923730260005559,DCR,0.13687597853478656,0.0692561113116828,GNO,0.09859760870583527,0.0364034360694126,BCH,0.12078881458280961,-0.2548693636578963,AAVE,0.04841359157208153,-0.7301309828771947
2024-09-18,Custom_Risk_0,8,ETC,0.1662533614525417,0.3735443488733994,BCH,0.11635799644904049,0.275538880779651,BTC,0.13079206726467446,0.24619067835066627,DCR,0.12282530115521041,0.18990766313591062,AAVE,0.07997572881911913,0.07207488605145723,BNB,0.1513587244619681,0.05450261860053229,ETH,0.11583410720729519,0.04238561848599078,GNO,0.1166027131901505,-0.3148736189976611
2024-09-25,Custom_Risk_0,8,BTC,0.16064344713996673,1.0485643703928353,BNB,0.13814235401586422,0.46035759887653194,DCR,0.10381851847633483,0.31203799569177004,ETC,0.15353845146017484,0.2950357323191554,BCH,0.1295254738036994,0.06793872246217088,ETH,0.12043779416015829,-0.06666455832879593,GNO,0.10587514372448333,-0.42105702548033186,INJ,0.08801881721931823,-0.7291606705948463
2024-10-02,Custom_Risk_0,8,BTC,0.1836676893517851,0.4960406877407773,BNB,0.1493598831092071,0.31483863556134706,AAVE,0.08685376644706633,0.18907201831710685,ETH,0.12160672751668257,0.11681580143860452,DCR,0.11603590627760993,-0.06683687878750097,BCH,0.1287394157383822,-0.09032355292527554,ETC,0.1189902766935253,-0.10086233911234127,INJ,0.0947463348657414,-0.29041265598867483
2024-10-09,Custom_Risk_0,8,BTC,0.1686397474957273,1.0333007800011662,ETH,0.13838810143141167,0.32095745576595563,BNB,0.15246584245331551,0.10923072984799415,ETC,0.11530427519224064,0.06364091399563535,BCH,0.13650948426621598,0.011980148992062227,INJ,0.0766399581430807,-0.09946978758590758,AAVE,0.0987363980740233,-0.39662534446245956,DCR,0.11331619294398503,-0.43956602017154084
2024-10-16,Custom_Risk_0,8,BNB,0.19107888286270092,0.8959285743506672,BTC,0.14779579526246628,0.6527704886189758,ETC,0.15115842113576783,0.3478833442501785,DCR,0.12398931197845252,0.343897417576815,ETH,0.13147022441189635,0.10136946256583107,GNO,0.10387672738244576,-0.1626828614530556,INJ,0.06784008632575057,-0.6281429308420544,AAVE,0.08279055064051974,-0.6917814101610562
2024-10-23,Custom_Risk_0,8,BTC,0.15716275972622298,0.7765939812277785,BNB,0.2151737003377857,0.5376761232438418,ETH,0.11494672849636632,0.23813508873003567,ETC,0.1286819565683848,0.120243550246117,DCR,0.11341106150033686,-0.1150667632758722,BCH,0.07054279188848925,-0.15568071682760745,AAVE,0.09324575052100394,-0.21797090706545572,GNO,0.10683525096141025,-0.49715459718065014
2024-10-30,Custom_Risk_0,8,BNB,0.1915573885683844,0.610770755034685,BTC,0.16991875795301112,0.5463642710018275,ETH,0.13012438033936174,0.18130451943450981,DCR,0.11653415813744272,0.16781097208199663,ETC,0.1364182156572383,0.07175870614801722,AAVE,0.1026244097700592,-0.3273876772838634,GNO,0.07805631218274038,-0.3721542496036541,INJ,0.0747663773917621,-0.3726139764796072
2024-11-06,Custom_Risk_0,8,BTC,0.16045925573584063,0.9200229967498644,BNB,0.20446656571204733,0.5962816342106716,ETC,0.15506908607940784,0.3148611861185085,ETH,0.12040030210717065,0.2753478935060238,DCR,0.1061624479474131,0.11237449137492853,BCH,0.10552654623703049,0.013865843954024779,GNO,0.08261697936922115,-0.3972539740216846,INJ,0.06529881681186887,-0.9119595874431428
2024-11-13,Custom_Risk_0,8,BTC,0.15477359926469547,0.5157639504503129,BNB,0.19106610814395744,0.48078822223247036,GNO,0.10809000329233423,0.39675930497155,DCR,0.1103563127664067,0.210414688592214,ETH,0.125220682502565,-0.02006920034758672,ETC,0.1329547500487337,-0.043227697208348834,AAVE,0.07013347181905388,-0.2594505383827298,BCH,0.10740507216225367,-0.4008295990325361
2024-11-20,Custom_Risk_0,8,BTC,0.1542699996210042,0.8961090348000283,ETH,0.1366443498295678,0.5139366719525468,BNB,0.20050354722433686,0.45446973520968553,GNO,0.12792081504812722,0.23772195093233445,BCH,0.09013529003870072,-0.1728221331932244,AAVE,0.0959826023593467,-0.26542618206245966,INJ,0.0910557147363005,-0.401842842323613,DCR,0.10348768114261611,-0.5229981189699389
2024-11-27,Custom_Risk_0,8,BTC,0.1720997882334574,1.4517055060725685,BNB,0.2026790505728383,0.5884664843909295,GNO,0.13558398944788758,0.38445402558679975,ETH,0.11663880066475898,0.33197954880419744,BCH,0.10223162720613514,-0.044323406709094626,ETC,0.07538785176832638,-0.3551290079446958,DCR,0.11524494944814712,-0.39438184070961924,INJ,0.08013394265844918,-0.8070718211463421
2024-12-04,Custom_Risk_0,8,BTC,0.1911507961385132,1.1096333192759074,ETH,0.11967913974026169,0.5940040623955241,GNO,0.1639125259881305,0.3847655034105144,ETC,0.09254452621433222,-0.01588571087901535,BCH,0.12846670481724665,-0.06854657430605632,BNB,0.11914566709955017,-0.09957905864910715,INJ,0.08725994579630425,-0.28139778274830307,DCR,0.09784069420566134,-0.6989346634024216
2024-12-11,Custom_Risk_0,8,BTC,0.2514658243674298,0.6938250147185818,ETH,0.14936503375081564,0.1990983920417873,ETC,0.08387084782611114,0.1859079412097949,BCH,0.11070214431649775,0.11874141093410567,BNB,0.12339851798689036,0.11692613010533333,GNO,0.12656232677762888,0.003421814134797082,INJ,0.08914848426781699,-0.2129779666640457,DCR,0.06548682070680943,-0.2228178224476612
2024-12-18,Custom_Risk_0,8,BTC,0.2071114785075749,0.6960149825648995,ETH,0.14907953460333803,0.35498696754375064,BNB,0.17885676180654447,0.09064927708175678,BCH,0.11249797846151041,0.07462782044729989,GNO,0.10702069085187323,-0.0671566588177182,ETC,0.0862465858683449,-0.10337054922171005,DCR,0.06949119413638004,-0.16881823461938822,INJ,0.08969577576443391,-0.22311037924441776
2024-12-25,Custom_Risk_0,8,BTC,0.20233240758781182,0.9661233899705541,ETH,0.15100911523769356,0.6052578845261269,BNB,0.1791558161829007,0.1997269088671765,BCH,0.12324752810970016,0.06512777613574205,ETC,0.10776159007261416,0.032784871803560656,INJ,0.07975726741336892,-0.24796290124328918,GNO,0.10070663171669408,-0.4400942724621426,AAVE,0.05602964367921648,-0.5369973878319483
2025-01-01,Custom_Risk_0,8,BTC,0.2198599573203168,0.8024363522941427,ETH,0.15150893314386218,0.2741297974902796,DCR,0.09009430985523555,0.07016101225669885,AAVE,0.05400672841388233,-0.0011938146709953856,GNO,0.11113300585603418,-0.020732577221054663,BNB,0.15024012121903088,-0.05879526998704321,BCH,0.11509587359183353,-0.26294096040786263,ETC,0.10806107059980452,-0.3053484781866619
2025-01-08,Custom_Risk_0,8,BTC,0.17354377237422816,0.7233647035313374,GNO,0.13986146583691964,0.46763997082414877,BNB,0.18231578980038868,0.42789813653303127,ETH,0.13003762084592008,0.3181259688936873,BCH,0.11201222317363782,-0.01614782524276285,AAVE,0.07600716447637466,-0.06678402497692787,ETC,0.10388778426688215,-0.3100306225575722,DCR,0.08233417922564881,-0.3233422040918006
2025-01-15,Custom_Risk_0,8,BTC,0.16473075473698442,0.8896338004732025,BNB,0.23635476262777835,0.8740885605948872,GNO,0.12588472898577246,0.5537368618877386,ETH,0.11016747485939093,0.4309565042723306,BCH,0.10074850463732828,-0.2365261174623595,ETC,0.10108348652786224,-0.4568175564525062,DCR,0.08564842004656475,-0.4795213990896281,INJ,0.07538186757831854,-0.7114221305214247
2025-01-22,Custom_Risk_0,8,BTC,0.170531099881324,0.7150534658491161,BNB,0.24425882891535014,0.558885733984042,ETH,0.11254059547378555,0.3733334364065543,GNO,0.12398934216973809,0.3188868299238182,BCH,0.09134231249650389,-0.06352604303102209,ETC,0.11097735648904045,-0.19726441007563117,DCR,0.08197595217518203,-0.3027550475592771,INJ,0.06438451239907586,-0.4637804104002058
2025-01-29,Custom_Risk_0,8,BTC,0.18652751236295917,0.6957660488496208,BNB,0.21159298588609787,0.3292978467534101,ETH,0.13397089050069713,0.2419314725554541,AAVE,0.0707393891996994,0.14504149959614793,GNO,0.1386398789689379,0.09431237803065057,ETC,0.091800731206479,-0.11011811604455983,BCH,0.10151866391412818,-0.11458942955819883,INJ,0.06520994796100132,-0.20506061753777127
2025-02-05,Custom_Risk_0,8,BTC,0.22429212777894672,0.7934800227603804,BNB,0.16796776271823863,0.4222356374349566,ETH,0.12769584267281417,0.34087176325658064,BCH,0.10950926549794984,0.19533598745998043,ETC,0.09404150659928913,0.12434228293320461,GNO,0.1353010275400371,0.041042591648007345,INJ,0.06866379645411541,-0.278455293720867,AAVE,0.07252867073860904,-0.41829674925592175
2025-02-12,Custom_Risk_0,8,BTC,0.23882073556645675,1.2892676403976484,ETH,0.12433974636250573,0.6420552382944489,GNO,0.1395888928999864,0.25403539142051534,BCH,0.11241896308050726,0.014545940112749456,ETC,0.10507693455983443,0.004611419733246018,AAVE,0.07236457703206971,-0.10443027107761074,BNB,0.11790212948120535,-0.11541882873673659,DCR,0.08948802101743446,-0.49446787337945275
2025-02-19,Custom_Risk_0,8,BTC,0.2818736192888964,1.0807924878110102,BNB,0.09151361247721213,0.67916476063604,ETH,0.11828082776862726,0.3977380834833755,BCH,0.13944109369511362,0.35235484326300737,DCR,0.08509016749513823,0.18553328721490436,ETC,0.10032133507416864,0.023933274525300786,GNO,0.10224748681499812,-0.021303481922512107,AAVE,0.0812318573858456,-0.21282204657830325
2025-02-26,Custom_Risk_0,8,BTC,0.19829723214386014,0.9625692099200102,ETH,0.10510126654541108,0.3475188396057271,AAVE,0.07876379963113743,0.12578229182102524,BNB,0.1608349577989779,0.11901052267722523,GNO,0.09658692358251551,0.10076929208469701,ETC,0.11491871450425231,-0.02827379995522871,DCR,0.12889631730345047,-0.1299730708643727,BCH,0.11660078849039514,-0.18078751867831525
2025-03-05,Custom_Risk_0,8,BTC,0.16169617896482433,0.817970793004526,BNB,0.20225899498467367,0.7006509288883594,DCR,0.13657813878348737,0.5530792657099767,ETH,0.10372508185919793,0.33678019172236806,GNO,0.11567483723319644,0.22801715194146852,ETC,0.11899163922878492,-0.07260364483628555,INJ,0.08733130333748527,-0.13590792542118402,AAVE,0.07374382560834992,-0.6001264769737857
2025-03-12,Custom_Risk_0,8,BTC,0.1544389750990475,0.6979825678945979,ETH,0.10719689612336811,0.2506897772955309,BNB,0.19050383113922081,0.1772843856878542,BCH,0.10307956957488676,0.15263388312315063,ETC,0.11043362570557028,0.055681504046924984,AAVE,0.07982866218677195,-0.061348974355934394,GNO,0.11341065239203939,-0.08692809404088342,DCR,0.1411077877790952,-0.09152352149318405
2025-03-19,Custom_Risk_0,8,BTC,0.14942010307028103,1.0903298945499176,BCH,0.12046890733135092,0.872544236099448,BNB,0.1467252834154639,0.3248459804302124,ETC,0.11493937834855664,0.2619409668352893,DCR,0.1432381433673779,0.1684336744727772,ETH,0.1204370767954963,0.014122682012885635,GNO,0.1073241999103421,-0.2517990505774052,AAVE,0.09744690776113121,-0.41546644789241305
2025-03-26,Custom_Risk_0,8,BTC,0.14168906236083426,0.7966810496598694,BNB,0.1394264690837149,0.5033627000690556,BCH,0.10915344915801946,0.434451537360099,ETC,0.15120061397920587,0.3642602079183206,ETH,0.12214455422321452,0.31468523540263293,DCR,0.15094176216149352,0.02524219367412306,GNO,0.10929573287882628,-0.048524337077496205,AAVE,0.07614835615469112,-0.3601736610959061
2025-04-02,Custom_Risk_0,8,BTC,0.1604193907033186,0.6165918993400445,DCR,0.11368953561404198,0.34913481806589586,BNB,0.16382814641208432,0.22198694523527523,BCH,0.1284278268022395,0.12090669453913924,ETC,0.14133612353825425,0.06680609255649368,ETH,0.1041976794817592,0.0632231213822679,GNO,0.11455645470827344,-0.1563482055529972,INJ,0.0735448427400289,-0.25659997037580295
2025-04-09,Custom_Risk_0,8,BTC,0.16254056652850746,1.0361569962725607,BNB,0.19596137873257158,0.8247708575559576,ETH,0.09536997111642002,0.22016641482873572,ETC,0.12319342965885981,0.19608087594435147,GNO,0.10519630435928431,0.14022302070012496,BCH,0.11086481444500425,-0.1829633938500295,DCR,0.11479685040626882,-0.39248706337588246,TRUMP,0.09207668475308368,-0.5445659569265239
2025-04-16,Custom_Risk_0,8,BTC,0.1612859677193757,0.8824422834946537,BNB,0.22891995739168333,0.6948927710176701,DCR,0.10825305557900117,0.6782774893818917,ETC,0.127683468627276,0.166620824650737,ETH,0.09397048142515815,0.11941317142372054,AAVE,0.08000264320735707,-0.45555165319225077,GNO,0.10269333139893849,-0.4619921808491354,BCH,0.09719109465121005,-0.5210181657210259
2025-04-23,Custom_Risk_0,8,BTC,0.14341295994185455,1.0917344595252565,BNB,0.24526655732662594,0.8553369251996225,BCH,0.08982167407401298,0.2759992818040005,DCR,0.08072064491054881,0.22633436248315814,ETC,0.13820602090266784,0.19173349576006843,GNO,0.11367706320539497,0.16224232152973014,ETH,0.08468493334189187,0.07928220549499149,INJ,0.10421014629700305,-0.4379476441639398
2025-04-30,Custom_Risk_0,8,DCR,0.0700788409366289,0.7070652629807599,BTC,0.15718858793007565,0.666261071529432,BNB,0.23230959896136447,0.35349691455706106,ETC,0.1192336812827105,0.05081688307060898,GNO,0.1359040197416783,0.01643963358348184,ETH,0.09846053813750319,-0.08634134192297427,AAVE,0.08541977624154296,-0.18783231851295631,BCH,0.10140495676849604,-0.25857892497497226
2025-05-07,Custom_Risk_0,8,BTC,0.18535836693317242,0.3912677529578424,ETH,0.18185250498843683,0.32633438289546035,BNB,0.22368480998281792,0.26433290709630286,ETC,0.0960870972861966,0.07905651079286538,GNO,0.170636820706238,0.03714783970399063,TRUMP,0.026685627182263263,-0.08028928146165493,DCR,0.05920839249722911,-0.1879119004699505,BCH,0.05648638042364588,-0.1943254969648251
2025-05-14,Custom_Risk_0,8,BTC,0.22334866485952679,1.2099224612746005,BNB,0.20250574064475235,0.6747253975226892,BCH,0.10401323621764169,0.5569502878718318,DCR,0.14001179896567004,0.2757455415542454,ETC,0.09219360004400658,-0.10917267108185866,ETH,0.07322502694873882,-0.36103075538458756,GNO,0.0873758555349417,-0.38117802036817916,AAVE,0.0773260767847221,-0.3984934091302824
2025-05-21,Custom_Risk_0,8,BTC,0.2253456440900249,0.6087135431492903,ETH,0.07282555525854119,0.35564505328630985,BNB,0.1977957991445071,0.2122386660514855,ETC,0.09114391400616739,0.20962512736293554,INJ,0.06875351077733645,0.17763570473974438,DCR,0.13399731684174984,0.05928498683461704,BCH,0.12328492981776264,0.05659764327679136,GNO,0.08685333006391054,-0.019418298514638693
2025-05-28,Custom_Risk_0,8,BTC,0.18381686471278713,0.9494185893815357,BNB,0.17308750594113126,0.3292726424391934,ETH,0.1334181770298253,0.24600468594416733,ETC,0.11603531265873133,0.05199812240234067,GNO,0.11407400961496432,-0.0034735623774461155,DCR,0.0865081678497797,-0.046454656970255095,AAVE,0.0938589133781038,-0.05870683604685316,BCH,0.09920104881467696,-0.07387390118875047
2025-06-04,Custom_Risk_0,8,BTC,0.21522156614556473,0.6771377381478485,BNB,0.17832161809057215,0.21540447796157278,ETH,0.12394924048203337,0.19214210652080124,INJ,0.0492816171546862,0.11424217279626214,BCH,0.09703690137038669,-0.018830906623564223,AAVE,0.11623054397404078,-0.11172882357505054,ETC,0.1117425663723028,-0.1516058384313375,GNO,0.10821594641041322,-0.16165251441057849
2025-06-11,Custom_Risk_0,8,BTC,0.19076472747684559,0.8657785860627744,BNB,0.1963270716213675,0.6522362156642784,ETH,0.10085495074830517,0.3832360856759468,DCR,0.10464974277731925,0.24027166367183123,GNO,0.10118598351794389,0.21907304169825792,BCH,0.12882732059768204,-0.05860111790491496,ETC,0.10828734863101869,-0.13003828734936387,AAVE,0.06910285462951785,-0.5056225335938591
2025-06-18,Custom_Risk_0,8,BTC,0.18547821452533947,0.7813322325850361,ETH,0.10098300603990862,0.3541917676364231,BNB,0.21853165427678678,0.34086899682179367,AAVE,0.0703471693152169,0.2572896573362463,ETC,0.1206798485962641,-0.016224606297001648,GNO,0.09929597689921878,-0.07714430847833412,DCR,0.13230458608243098,-0.18505907553078488,INJ,0.07237954426483441,-0.40954220721363654
2025-06-25,Custom_Risk_0,8,BTC,0.1901006864000036,0.696661773638384,ETH,0.09829609702829269,0.504418981049374,BNB,0.21314747410477333,0.40835688407323056,ETC,0.10841872656551575,0.054803044853267605,DCR,0.09974326917033616,-0.07627148912054904,GNO,0.09445923991562147,-0.10094223244674422,AAVE,0.0732564210990161,-0.25668269861482346,TRUMP,0.12257808571644083,-0.26821506853845395
2025-07-02,Custom_Risk_0,8,BTC,0.1965116085762929,1.220958385821118,BNB,0.20657583898552698,0.680884714673389,BCH,0.09229702235711859,0.1272699623232448,TRUMP,0.1163100979285907,0.025392062977933783,ETC,0.10045676156660364,-0.07288328745338236,DCR,0.10707310716049095,-0.08894738441171657,ETH,0.0873516492325153,-0.11300801217275205,GNO,0.09342391419286086,-0.23398938209333348
2025-07-09,Custom_Risk_0,8,BTC,0.1888600748250126,0.9984134530856995,BNB,0.23645528499369461,0.6447174601221767,BCH,0.11922521118153122,0.5569562993626361,DCR,0.1407869916651624,-0.0008048773750045646,ETH,0.08349781775890214,-0.11295639107749622,ETC,0.09293338854388374,-0.1469343011768845,GNO,0.09008362723802701,-0.4011486556838405,INJ,0.04815760379378618,-0.4077707269577982
2025-07-16,Custom_Risk_0,8,BTC,0.15914218489375875,0.8311288241984907,BCH,0.11425590282448131,0.6016078335945109,DCR,0.15646603033376422,0.5777060903576056,BNB,0.20672298543944753,0.5321135556172394,AAVE,0.08102737165596709,-0.051455081516784254,ETH,0.07886810866326173,-0.0846333398128638,ETC,0.10401052428520696,-0.09379413303342911,GNO,0.09950689190411234,-0.36159088811682494
2025-07-23,Custom_Risk_0,8,BTC,0.19037778701610125,0.8686825360632684,AAVE,0.0969419602397032,0.47689461948015,ETH,0.1004449088419616,0.4480470425978068,BNB,0.20929249280190537,0.13876590325259536,DCR,0.1273076187822803,0.10631489690018121,GNO,0.1093423376997266,0.055859897469771075,BCH,0.09749936715415372,-0.12097218240891866,TRUMP,0.06879352746416807,-0.5719210245894845
