date,strategy,total_assets,asset_1_symbol,asset_1_weight,asset_1_score,asset_2_symbol,asset_2_weight,asset_2_score,asset_3_symbol,asset_3_weight,asset_3_score,asset_4_symbol,asset_4_weight,asset_4_score,asset_5_symbol,asset_5_weight,asset_5_score,asset_6_symbol,asset_6_weight,asset_6_score,asset_7_symbol,asset_7_weight,asset_7_score
2020-02-12,Custom_Risk_2_neutral,7,BTC,0.2326142558717157,0.9484359254084557,ETH,0.12820080706922268,0.1784783311710328,DCR,0.12265182529456949,-0.08129136535450614,BCH,0.1489886995665909,-0.16913209141980365,ETC,0.13575935572695486,-0.2597614869229405,GNO,0.10420407329262371,-0.28748569382471756,BNB,0.12758098317832278,-0.3292436190575212
2020-02-19,Custom_Risk_2_neutral,7,BTC,0.23261425587171572,0.7583391663708164,ETH,0.1282008070692227,0.20109382354871017,BNB,0.12758098317832278,0.01454537800396799,DCR,0.1226518252945695,-0.11505924077985456,BCH,0.14898869956659092,-0.17346090515498672,ETC,0.13575935572695488,-0.24874900145719558,GNO,0.10420407329262373,-0.43670922053145855
2020-02-26,Custom_Risk_2_neutral,7,BTC,0.23287103440764662,0.6392823991639787,ETH,0.1376608588125473,0.3378061283268525,GNO,0.10600290567299067,0.2621884042335142,BNB,0.16751152077984602,0.12948191435734557,BCH,0.1303962448214841,-0.22860748954551802,DCR,0.11968130596973403,-0.5355905188907835,ETC,0.1058761295357513,-0.6045608376453907
2020-03-04,Custom_Risk_2_neutral,7,BTC,0.23674953067757418,1.0981703805287306,ETH,0.14105634511845455,0.49889593095470325,GNO,0.11649522074769114,0.13998791231011393,DCR,0.13460724591386575,-0.18089903970373467,BCH,0.1216277426610748,-0.3418133495047318,BNB,0.15537251179386166,-0.4208157630352445,ETC,0.09409140308747796,-0.793526071549837
2020-03-11,Custom_Risk_2_neutral,7,BTC,0.20142033010437374,0.5975506876173184,DCR,0.17373661913202715,0.3612886170988082,BNB,0.13861682687620702,0.1680915626285097,ETH,0.12785624460200298,0.01194054907576872,GNO,0.12938099517371968,-0.22612821091758162,ETC,0.11443530634237671,-0.3890638215994801,BCH,0.11455367776929273,-0.523679383903342
2020-03-18,Custom_Risk_2_neutral,7,BTC,0.1503699229921756,0.8238752259069517,ETH,0.12373777039851681,0.2866285493009533,GNO,0.1854769346437153,0.25443335280936724,DCR,0.1517558126723007,0.14387168755765356,BNB,0.13705794497856244,-0.03710489384714022,BCH,0.11966306222450572,-0.7164848251618399,ETC,0.13193855209022334,-0.7552190965659435
2020-03-25,Custom_Risk_2_neutral,7,GNO,0.17795880261767846,0.8270964527177851,BTC,0.1484424490734434,0.6688592669503901,ETC,0.13885959965789774,-0.028916488351983072,DCR,0.14972894951807353,-0.17462746060551926,ETH,0.12530191751695854,-0.3167277673461605,BNB,0.1380042144530904,-0.3576733017720654,BCH,0.12170406716285806,-0.6180107015924481
2020-04-01,Custom_Risk_2_neutral,7,BTC,0.13722662068630775,1.0528849855301066,DCR,0.15085719972271963,0.3914860935469216,ETC,0.20667195655588533,-0.13526177478883977,GNO,0.11677617292272721,-0.14892570605482433,ETH,0.1300585747639749,-0.2108058854848705,BCH,0.1224973377045521,-0.40859442740562646,BNB,0.1359121376438329,-0.5407832853428658
2020-04-08,Custom_Risk_2_neutral,7,BTC,0.15922511624934357,1.1607641305625735,DCR,0.15791883965739578,0.2883371304337865,ETC,0.19375858790841857,0.09786299438487227,BNB,0.14729256995503762,0.044678014525031604,BCH,0.1514755574014368,-0.10932903438559217,ETH,0.1278245637590946,-0.4591451060242323,GNO,0.06250476506927305,-1.0231681294964408
2020-04-15,Custom_Risk_2_neutral,7,BTC,0.21473769799804515,0.5302869188929847,BCH,0.13932248121081967,0.17520980903421696,ETH,0.1223428886948728,0.12401639921311124,BNB,0.14366490303729665,-0.11135142739731592,ETC,0.14057354298207653,-0.11697486227166898,GNO,0.04173128479494614,-0.28854103877764326,DCR,0.1976272012819429,-0.31264579869368464
2020-04-22,Custom_Risk_2_neutral,7,BTC,0.22292920987276407,0.7825356869150332,ETH,0.12809471729203958,0.43041856768289316,BNB,0.12956771452595803,0.29197004885000766,DCR,0.19637663212822504,0.07959565598068337,ETC,0.1473037250797398,0.027613257300072677,BCH,0.14021283853373775,0.0016157592883447036,GNO,0.03551516256753562,-1.613748976017035
2020-04-29,Custom_Risk_2_neutral,7,ETH,0.1358577969580914,0.3495852538297744,BNB,0.16624605679533558,0.3325201378982728,BTC,0.17028453605088054,0.322084315711198,BCH,0.1664754135195228,0.09829468082366205,DCR,0.19611899224231466,-0.08103715110243323,ETC,0.14898608042575165,-0.438390400099852,GNO,0.01603112400810339,-0.5830568370606215
2020-05-06,Custom_Risk_2_neutral,7,ETH,0.1598804964561313,0.571510054496249,BTC,0.15634846148576712,0.382869826701673,BNB,0.21451302910795042,0.1820236818478855,BCH,0.19029623456102152,-0.017063271325884588,ETC,0.10244105811383981,-0.167168036034821,DCR,0.1626476641483247,-0.4129677151277334,GNO,0.013873056126965039,-0.5392045405573683
2020-05-13,Custom_Risk_2_neutral,7,BTC,0.1506121530978925,0.40494672361430095,DCR,0.13263905512558474,0.2605406088350375,ETC,0.10685786308636648,0.11581527537820724,ETH,0.1436132449518829,-0.07132689395869206,GNO,0.1624882578503289,-0.14251058573540804,BNB,0.16695921130785923,-0.1506856894904185,BCH,0.13683021458008518,-0.416779438643028
2020-05-20,Custom_Risk_2_neutral,7,BTC,0.13981118377456012,0.8957982035817741,BCH,0.14336260105039508,0.05421635060649338,DCR,0.14279048142071424,0.050152132767360275,ETH,0.14403484940904554,-0.02021153735797157,BNB,0.16456617048318917,-0.020733207374973625,ETC,0.1454296233999776,-0.20377320700556498,GNO,0.12000509046211832,-0.7554487352171166
2020-05-27,Custom_Risk_2_neutral,7,BTC,0.14109198212343424,0.9512461719863673,BNB,0.16946640390205941,0.3781550892334905,ETH,0.14074297303472807,0.18284363224367634,BCH,0.15942318062938346,-0.0466502178371864,ETC,0.16806891095057042,-0.26944371959190555,DCR,0.1162193557905869,-0.5878561202675467,GNO,0.10498719356923755,-0.6082948357668961
2020-06-03,Custom_Risk_2_neutral,7,BTC,0.13091427080605153,0.5555364167481629,ETC,0.13982271076249864,0.24595208690994572,BNB,0.1627014664590329,0.2065366136851301,GNO,0.17121112220767395,0.12073805833855786,BCH,0.1407820469322199,-0.17441195347705743,DCR,0.1426291664981134,-0.41010732518298243,ETH,0.11193921633440967,-0.5442438970217558
2020-06-10,Custom_Risk_2_neutral,7,BTC,0.14713824512295398,0.4652821677225906,BNB,0.1857410027042358,0.23680276968549638,ETH,0.12014624923216605,0.15042540068296972,ETC,0.15487780942565868,0.04469370082920138,BCH,0.17009507976893962,-0.0076570681440139565,DCR,0.1188031513841473,-0.23636326375982983,GNO,0.10319846236189853,-0.6531837070164146
2020-06-17,Custom_Risk_2_neutral,7,GNO,0.0740109861273606,0.25549003665466963,BTC,0.19115740929793315,0.21510166589057372,ETH,0.16473792469707174,-0.018588041088167834,ETC,0.15827868406473025,-0.08276979082192137,BNB,0.18816454009791206,-0.08474259713474731,DCR,0.07510918519587623,-0.14065834001529998,BCH,0.14854127051911606,-0.14383293348510584
2020-06-24,Custom_Risk_2_neutral,7,BTC,0.1774965899584056,0.6174663622951162,BCH,0.14321317490346627,0.2414310298833421,BNB,0.1812691826162005,0.22921216256841453,ETH,0.1415752932090505,-0.06483301116776682,ETC,0.15991598077084201,-0.1940925105773374,GNO,0.09434903907889143,-0.25956153694182493,DCR,0.10218073946314377,-0.569622496059944
2020-07-01,Custom_Risk_2_neutral,7,BTC,0.20880157600026017,0.3844508617397623,DCR,0.15466421067454073,0.2588356049243835,ETH,0.14198860919947445,0.17115116239827885,ETC,0.1374217937533848,0.11263258274867521,BCH,0.1411538764806931,-0.13095842622652173,BNB,0.18592710157157166,-0.205299738686912,GNO,0.03004283232007508,-0.590812046897666
2020-07-08,Custom_Risk_2_neutral,7,BTC,0.2826619840085945,0.9082042895001092,ETH,0.15578631602914556,0.43373677734462995,BNB,0.15896887904081677,-0.020851233205145633,BCH,0.11636126955102268,-0.16441092641133442,GNO,0.032841106661830814,-0.22425983613142952,DCR,0.1486008384033148,-0.313462476436483,ETC,0.10477960630527487,-0.6189565946603468
2020-07-15,Custom_Risk_2_neutral,7,BTC,0.25275116259020225,0.6722039522013837,ETH,0.15544055780560959,0.5071971015863753,ETC,0.10963275103969021,0.21649536016966364,BCH,0.119812819999442,0.18898838164907406,BNB,0.13356251306271233,-0.09479703643605936,DCR,0.12200399911622181,-0.5058717732883832,GNO,0.1067961963861219,-0.9842159858820538
2020-07-22,Custom_Risk_2_neutral,7,BTC,0.28757878451198116,0.6924557394032584,BNB,0.11428176071624371,0.40813601742989847,DCR,0.11365096822448041,0.08578415739420416,ETH,0.12095557107317391,0.07429493897477674,ETC,0.1465902175230766,0.07096368574270516,BCH,0.15846623568150306,-0.17352561032804925,GNO,0.058476462269541354,-1.158108928616794
2020-07-29,Custom_Risk_2_neutral,7,BTC,0.14829844206287507,0.31404749104080354,DCR,0.20490611562761016,0.28873328353089245,BNB,0.1744908277697207,0.24034209718883395,ETH,0.13237531772890143,0.106684362103134,GNO,0.0792416709726474,-0.13457278229418912,ETC,0.14031990781148757,-0.30102212752119833,BCH,0.12036771802675768,-0.5142123240482765
2020-08-05,Custom_Risk_2_neutral,7,BTC,0.14269257562073628,0.7194580289124148,ETH,0.13811392942569392,0.17599830263030247,ETC,0.13266350629500082,0.15581452031395338,BNB,0.2151633911864263,0.10079415540580242,BCH,0.1017509434025686,-0.025306679823549588,GNO,0.16192469628171074,-0.47827860508398534,DCR,0.10769095778786343,-0.6484797223549391
2020-08-12,Custom_Risk_2_neutral,7,BTC,0.18413548393197687,0.6227126614648895,BNB,0.16497306632203915,0.6014353046676109,ETH,0.12868642016324458,0.5783590034756192,ETC,0.16094917770770448,0.05929798416424653,BCH,0.1140083641892627,-0.37478392297991747,DCR,0.10973489387451177,-0.503342902965745,GNO,0.1375125938112606,-0.9836781278267033
2020-08-19,Custom_Risk_2_neutral,7,BTC,0.23152099124207787,0.7640487484667644,ETH,0.12432441870219159,0.6858985766251372,BNB,0.15596785517099343,0.2183286862703735,BCH,0.1336488835715316,-0.03100275619350143,ETC,0.15177109098810354,-0.05433787465289827,DCR,0.14943734224618416,-0.2879722108713086,GNO,0.053329418078917945,-1.2949631696445674
2020-08-26,Custom_Risk_2_neutral,7,BTC,0.2599768005261918,0.643150630303886,ETH,0.12106780929927638,0.5085327257319188,BCH,0.16616304923083386,0.05178769032733732,BNB,0.15814671971400948,-0.02651512726075997,ETC,0.15441760581310646,-0.10839600206372486,GNO,0.05709574261419061,-0.15339513724533804,DCR,0.08313227280239145,-0.9151647797933187
2020-09-02,Custom_Risk_2_neutral,7,BTC,0.26257328883474734,0.6271408589946958,ETH,0.11311066514432618,0.36813269122586095,BNB,0.16745909917910473,0.06153624893452382,DCR,0.08773819455821166,0.012569483118885477,BCH,0.1371695711856735,-0.058129273753060554,ETC,0.1753547067341358,-0.13302584764872655,GNO,0.05659447436380085,-0.878224160872179
2020-09-09,Custom_Risk_2_neutral,7,BTC,0.23263222402393188,0.5895930590776806,ETH,0.12124526661666829,0.4676524127483827,ETC,0.19293459712558736,0.18640139838854064,BCH,0.12427711149857235,-0.1271816813774348,DCR,0.14899550902874723,-0.24551046025140866,GNO,0.07223980895334832,-0.4057332941946473,BNB,0.10767548275314444,-0.4652214343911132
2020-09-16,Custom_Risk_2_neutral,7,BTC,0.22767626410880631,0.5737046213348779,GNO,0.08478651865957669,0.19447901075431034,ETH,0.12995161841564784,0.08127347094314068,ETC,0.19396522494280158,-0.03262496788487251,DCR,0.14615223273665087,-0.16717190969378154,BCH,0.13118159513634245,-0.16909542402983502,BNB,0.08628654600017437,-0.48056480142383984
2020-09-23,Custom_Risk_2_neutral,7,BTC,0.25920293178115567,0.5441126483652389,BNB,0.07277099884530652,0.06405303121562743,GNO,0.06633067950773311,0.032530885767861395,ETH,0.11382266726584189,0.0013089954450806324,DCR,0.12108012298399516,-0.10173778262457944,ETC,0.2050177904267403,-0.2618332259128511,BCH,0.1617748091892273,-0.2784345522563785
2020-09-30,Custom_Risk_2_neutral,7,BTC,0.2450882644119365,1.1397193075047591,ETC,0.17904734946962228,0.08796190158881055,ETH,0.11793580548022577,0.08221424955973382,BCH,0.16694399394254758,0.05625433364506338,DCR,0.12148730059747334,-0.1674400747254767,BNB,0.09851908277286402,-0.4732927769810605,GNO,0.07097820332533043,-0.7254169405918297
2020-10-07,Custom_Risk_2_neutral,7,BTC,0.22957164811528996,0.47765053816855063,ETH,0.13191383306020535,0.30888901742039887,BNB,0.09686501545266384,0.2678960150647258,ETC,0.14804749419291968,0.1355578418096866,BCH,0.1838825748429191,-0.14778126747739562,DCR,0.1436141697846107,-0.4190799951946669,GNO,0.06610526455139154,-0.6231321497912988
2020-10-14,Custom_Risk_2_neutral,7,BTC,0.2437682947119413,0.9666227007486089,ETC,0.18496909083678884,0.4020231350404695,ETH,0.14195865450719417,0.2430395423441297,BNB,0.0996409604967552,0.11427006023804848,DCR,0.12013999597696116,0.0812503353056288,BCH,0.13685284233330075,-0.048685901306392027,GNO,0.0726701611370587,-0.6042092884793966
2020-10-21,Custom_Risk_2_neutral,7,BTC,0.2015487745040868,0.6558632706479997,BNB,0.14353140408355292,0.234713197530029,ETH,0.15865455109882967,0.2331417828971737,BCH,0.1255537226279513,0.22080362069691847,ETC,0.19912737107093395,0.14028311899585003,DCR,0.12219471784795502,-0.24373893852094902,AAVE,0.04938945876669023,-0.4044897467376382
2020-10-28,Custom_Risk_2_neutral,7,BTC,0.18965637124130186,0.6288456785645948,GNO,0.0525872537988349,0.3887242005446092,ETH,0.14711984418405677,0.11438463411047939,BCH,0.1415714683168801,-0.03440632716645459,ETC,0.1688427365259844,-0.05683207790120037,DCR,0.12307505997240215,-0.07174763429056481,BNB,0.1771472659605398,-0.09894894420714283
2020-11-04,Custom_Risk_2_neutral,7,BTC,0.21869169158383844,0.8063796527576509,BCH,0.14546159085733143,0.35844103680989636,BNB,0.1689345762711424,0.26243811156793617,ETH,0.1406368605674468,0.2222399501027456,ETC,0.15096899953250123,0.2027058793606032,DCR,0.10814510946721402,-0.16729032666046612,AAVE,0.06716117172052573,-0.3342304709447875
2020-11-11,Custom_Risk_2_neutral,7,BTC,0.15034682539452962,0.958098439889382,ETH,0.14151005508803782,0.388240730552693,BCH,0.15580743415804155,0.1594318511141804,BNB,0.18471227610918253,0.1301605780160593,ETC,0.15838080253427483,0.11442231096408556,DCR,0.1065320590958171,0.01664244159561145,GNO,0.10271054762011633,-0.08249352501041989
2020-11-18,Custom_Risk_2_neutral,7,BTC,0.1394538022433234,0.7930639768568885,ETH,0.13682735758137274,0.3581136093693255,BCH,0.1533880707267433,0.16140682353966573,GNO,0.12797997227231633,0.10352981417638639,BNB,0.21947258462618624,0.08155107775838183,DCR,0.08572253539663238,-0.04682606096860001,ETC,0.13715567715342553,-0.15117308785914269
2020-11-25,Custom_Risk_2_neutral,7,BTC,0.26986211303478175,0.8774674757636516,AAVE,0.08557437222404848,0.18732975562573473,ETH,0.1616737600808622,0.07183690635261503,INJ,0.07059931792576013,0.015438305290377097,DCR,0.1001217648724322,-0.02851941147337987,BNB,0.18344884763290478,-0.11915719807268549,ETC,0.12871982422921036,-0.18095683534540485
2020-12-02,Custom_Risk_2_neutral,7,BTC,0.209892957284791,0.9083664279734727,ETH,0.15339226639831588,0.3726532594325509,ETC,0.12515333520496683,0.2330826436597569,BNB,0.167722392002228,0.06247231518792107,DCR,0.1427063735087015,-0.09965833607930391,BCH,0.09881628342648421,-0.11610219951026632,GNO,0.10231639217451254,-0.2235240475145853
2020-12-09,Custom_Risk_2_neutral,7,BTC,0.19278238428740374,0.9048022266112696,ETH,0.15106995840603674,0.4308737154586452,BNB,0.19326869096340726,0.1909774476223174,DCR,0.1005463341037565,0.024943791833064423,BCH,0.13165246395061544,-0.0006937182241621709,ETC,0.1371192974782214,-0.0609475602040777,AAVE,0.09356087081055886,-0.11503314930443566
2020-12-16,Custom_Risk_2_neutral,7,BTC,0.1721355510994047,0.7263447676295416,ETH,0.13224610753732977,0.2575556463910166,BNB,0.1892644042514096,0.17845832873760042,ETC,0.13222544490877708,0.06565274718411365,GNO,0.12874327532870442,-0.09087813643400944,AAVE,0.08036145026840363,-0.12630565782893413,BCH,0.16502376660597073,-0.1493776081984182
2020-12-23,Custom_Risk_2_neutral,7,BTC,0.1909284632370192,0.5794379389502622,ETH,0.16255384207461915,0.3161125311422755,ETC,0.12248413897062917,0.1449614644168555,BCH,0.10439040434018977,0.004091548457275662,BNB,0.1670337001891733,-0.01514163692756424,AAVE,0.12843908299444293,-0.041133221486214344,GNO,0.12417036819392639,-0.15989411162394632
2020-12-30,Custom_Risk_2_neutral,7,BTC,0.23084217979388352,0.7145758028622465,INJ,0.0574526312040784,0.2386531612827796,BNB,0.15925454446751675,-0.017259106223701012,AAVE,0.13624763258035683,-0.024884734044882895,ETH,0.17597473798788102,-0.0264880071568373,ETC,0.12363325527505771,-0.06063494531757119,GNO,0.11659501869122574,-0.1841898098980894
2021-01-06,Custom_Risk_2_neutral,7,BTC,0.20141132633608497,1.0107026138780624,BNB,0.21223778464016207,0.5639262474224355,BCH,0.11853808393009553,-0.024834009620866057,DCR,0.12874648809095032,-0.04211569435743372,INJ,0.06462400616074854,-0.10686524513519394,ETH,0.11409393120308797,-0.14256114608475734,ETC,0.16034837963887053,-0.2626989795319455
2021-01-13,Custom_Risk_2_neutral,7,BTC,0.1872826190443224,1.0009893530491925,ETH,0.12279381229588213,0.6319042233083574,BNB,0.23930318538714143,0.3356942064301166,DCR,0.13158865100825798,0.1492756104669634,GNO,0.11116013158235719,0.08812315858603209,ETC,0.11988678422036435,-0.2927645039210155,BCH,0.0879848164616746,-0.5407607590883822
2021-01-20,Custom_Risk_2_neutral,7,BTC,0.18753658631150694,1.022544225873972,ETH,0.1518263079983017,0.4516857121514992,DCR,0.14231764162258684,0.2360987720762474,BNB,0.18976745114948537,0.13379613235540153,ETC,0.11758345235410984,-0.14530782524310254,AAVE,0.12595153747704535,-0.2012762900540596,BCH,0.08501702308696407,-0.21584126238932458
2021-01-27,Custom_Risk_2_neutral,7,BTC,0.17011029595206964,0.7208699933530492,ETH,0.09972887236914063,0.3513504907514176,BNB,0.19162244763580627,0.11617892118797224,ETC,0.223547154777396,0.007165974481179449,INJ,0.0680152425054676,-0.11129583489460565,BCH,0.1333857349389128,-0.12151444278643023,GNO,0.11359025182120705,-0.16859519546329044
2021-02-03,Custom_Risk_2_neutral,7,BTC,0.16490359177717856,0.7074076659701138,ETC,0.20196707527872304,0.31776303289504626,BNB,0.18474326422269025,0.20898326480520674,ETH,0.1092706178412635,0.14377630848579165,AAVE,0.08240156397069542,0.008934735953964115,BCH,0.1484696176112948,-0.039951655276067644,DCR,0.1082442692981545,-0.17581416113980766
2021-02-10,Custom_Risk_2_neutral,7,BTC,0.1522688907743192,0.6917981378902172,ETH,0.16316717813695902,0.42176907698227006,AAVE,0.0977483560143077,0.12178460414790969,ETC,0.1629852250207524,0.057264654735594916,GNO,0.12498468205699248,0.027992247978262608,BCH,0.19621034117566166,-0.005623570331599326,DCR,0.10263532682100752,-0.15334212295103702
2021-02-17,Custom_Risk_2_neutral,7,BTC,0.16724853370726345,0.7719717077788577,ETH,0.2364615016863424,0.45144766663706815,AAVE,0.12536887091355148,0.38579296534463975,GNO,0.16862687639485335,-0.03565879692312217,BNB,0.07749000696100153,-0.05753129038970938,INJ,0.0938889384210057,-0.15929466132164263,DCR,0.13091527191598218,-0.260975057965974
2021-02-24,Custom_Risk_2_neutral,7,BTC,0.178121692862123,0.638674371250123,ETH,0.18442432944947157,0.2826872458730827,AAVE,0.19008604272035662,0.11766399236332607,BCH,0.09956075227531996,0.080884715729811,DCR,0.1494811708611063,0.06649207474632901,ETC,0.07068446303560628,-0.06759415232857371,GNO,0.12764154879601627,-0.12857135788065155
2021-03-03,Custom_Risk_2_neutral,7,BTC,0.20071522207577963,0.6012858495830158,ETH,0.1702345402846132,0.3161412943551961,BNB,0.05424472494750989,0.057296254701394406,ETC,0.14334066712399993,0.011858556154178607,DCR,0.1667336299208987,-0.06151375064640202,INJ,0.11741999328959986,-0.08553563663669728,BCH,0.14731122235759864,-0.09587565315039545
2021-03-10,Custom_Risk_2_neutral,7,BTC,0.18083353682496006,0.6478587887959666,INJ,0.11450910839833703,0.18170463645766477,AAVE,0.12621503196287004,-0.0006416423856639986,BCH,0.1900943914637919,-0.01547379732734469,DCR,0.1355361966519381,-0.04423967762010411,GNO,0.12200746130592045,-0.06977507505363134,ETH,0.13080427339218245,-0.10321751820928105
2021-03-17,Custom_Risk_2_neutral,7,BTC,0.17885548033969081,0.6151697001499297,DCR,0.1801321320703799,0.37860268574155587,ETH,0.15533309090017308,0.2660706282820635,AAVE,0.10681510105476888,0.08493334374432054,BCH,0.15615947396552243,-0.006383360329160481,BNB,0.09089942993162012,-0.0719341727191535,INJ,0.13180529173784483,-0.1556274765556012
2021-03-24,Custom_Risk_2_neutral,7,BTC,0.16598534279656232,0.8290164751259592,ETH,0.1653627960579405,0.6249768040217396,DCR,0.16436673601145252,0.29971800914972285,AAVE,0.11319551282057201,0.1810084523795502,BCH,0.1371984474650756,-0.04709842235920479,BNB,0.1483205812204575,-0.3567302053060699,ETC,0.10557058362793957,-0.4353710937683109
2021-03-31,Custom_Risk_2_neutral,7,BTC,0.18724585655866027,1.2774523705641372,ETH,0.14707569054786573,0.3580528081910741,BCH,0.17057336217232155,0.26849366247636364,DCR,0.1448489095069963,0.12374814675734819,GNO,0.10572091919002319,0.10330743267826298,ETC,0.13144600541812956,-0.22865245630543155,BNB,0.11308925660600366,-0.24204106217705867
2021-04-07,Custom_Risk_2_neutral,7,BTC,0.2263104841441983,1.0352010878816238,ETH,0.1390277952841745,0.6146528492306957,DCR,0.17916149142555982,0.43739498961384904,BNB,0.09627020804924902,-0.18374119962349442,GNO,0.14778324675027463,-0.22478383428836948,AAVE,0.1020521681515994,-0.23233800425956003,BCH,0.10939460619494448,-0.3793363190514782
2021-04-14,Custom_Risk_2_neutral,7,BTC,0.24161634167824483,0.7956220389303255,ETC,0.09921148592351492,0.2751537971511033,ETH,0.14074568865475678,0.271587170442688,DCR,0.19111826617136693,0.24414590883950174,GNO,0.14639027654593126,0.15433490484482218,BCH,0.09686856422394896,-0.35649749566530486,INJ,0.08404937680223652,-0.39187215350023924
2021-04-21,Custom_Risk_2_neutral,7,BTC,0.23889040030089814,0.8472919283499287,ETH,0.18482008356162657,0.6177102547421218,BNB,0.09740034318157088,0.38288886470401634,GNO,0.12975042897143804,0.04203421722885907,DCR,0.13732457324197167,0.03351393413179335,AAVE,0.12413835539649831,-0.06121518047271826,BCH,0.08767581534599625,-0.2604035242752512
2021-04-28,Custom_Risk_2_neutral,7,BTC,0.24125466657084277,0.776995074359059,ETH,0.19123735892783308,0.6006927766677366,BNB,0.13778195362344497,0.31204638281751085,DCR,0.1407699715261435,0.22805724311450654,BCH,0.09817219955268809,0.1166544316249025,ETC,0.07788566961164582,-0.04510164294517869,AAVE,0.11289818018740165,-0.6432445363074715
2021-05-05,Custom_Risk_2_neutral,7,ETH,0.1524750567483157,0.5768666009951975,BTC,0.18637333742685258,0.4995883520503778,BNB,0.153804950446196,0.17954017715144832,DCR,0.18647176402119628,0.12283969039099378,GNO,0.11935933543898311,-0.06488758347215817,INJ,0.0972457737757308,-0.09460221823128304,AAVE,0.1042697821427254,-0.17501992781500325
2021-05-12,Custom_Risk_2_neutral,7,BTC,0.185501959655549,0.5716173062097145,ETH,0.1574668685231898,0.30988694672048944,BNB,0.16547409654928147,0.08361258489359791,ETC,0.05690817016839627,0.07039412369642739,INJ,0.15027796248460246,-0.050369367510912394,DCR,0.21684089835413944,-0.1124645301209605,BCH,0.06753004426484169,-0.15402581909620353
2021-05-19,Custom_Risk_2_neutral,7,ETH,0.13683755568570524,0.5261926331627869,BTC,0.2609658798117128,0.5030004026108699,BNB,0.1259701871332763,0.1980704035884156,GNO,0.15875718027779245,0.11633309312199014,DCR,0.13626579015981127,0.025602477816254285,ETC,0.08233890910352502,-0.08139517390415116,BCH,0.09886449782817697,-0.1473528869548681
2021-05-26,Custom_Risk_2_neutral,7,BTC,0.2661412319455246,0.9269845708281688,ETH,0.14105555938917202,0.47005506134775876,AAVE,0.1062858776409595,0.08729887285753318,INJ,0.10567215443559141,-0.03929362358351263,GNO,0.13025693878475908,-0.14875939143987404,DCR,0.13470355766241057,-0.16588146157037237,BNB,0.11588468014158297,-0.24306565738226382
2021-06-02,Custom_Risk_2_neutral,7,BTC,0.24950883000522836,0.9365042638490666,ETH,0.1436949427606028,0.6282358184634371,ETC,0.11185375386132343,0.40927617811092526,GNO,0.11965429014846274,0.06455319383788899,AAVE,0.10677527401431393,-0.183818881707209,BCH,0.12370964968870624,-0.32356107754903685,DCR,0.14480325952136255,-0.41218370991463604
2021-06-09,Custom_Risk_2_neutral,7,BTC,0.1773818171353407,0.5904642153006643,DCR,0.1302106462587017,0.38344735120371876,ETH,0.14201573929307526,0.2813840058705305,ETC,0.16051651707494013,0.13501295602856908,AAVE,0.10963357547745185,-0.11003531820974824,GNO,0.15461864018596524,-0.1812145995057444,BNB,0.12562306457452493,-0.23216997563434763
2021-06-16,Custom_Risk_2_neutral,7,ETH,0.15953589319404846,0.5140188986016498,BTC,0.12969444960517357,0.5039852797005987,ETC,0.13447535421390328,0.10696446695623293,GNO,0.1981478420943502,0.07973177885315261,DCR,0.12583420201766027,-0.023005469109311144,BNB,0.13577096285040335,-0.06449794945355133,AAVE,0.11654129602446085,-0.28977941121968026
2021-06-23,Custom_Risk_2_neutral,7,BTC,0.17881039897689327,0.9678711077812346,ETH,0.1545103066052311,0.44030224499505355,GNO,0.16537079525185214,0.07906592044619665,ETC,0.11281561076736553,-0.05038223424650229,BCH,0.14163974364959817,-0.1426431713040267,DCR,0.12683423889784926,-0.1476057356180401,BNB,0.12001890585121067,-0.2648359548331508
2021-06-30,Custom_Risk_2_neutral,7,BTC,0.18915499549664347,1.4212878047523338,ETH,0.148697708097518,0.5747008682821849,GNO,0.15615242542654786,0.3563341426562617,BNB,0.12618258393125836,0.2828001663176294,BCH,0.14672873403380624,0.010116677276494332,DCR,0.12353685638198546,-0.1849872678763938,INJ,0.10954669663224058,-0.671994946079425
2021-07-07,Custom_Risk_2_neutral,7,BTC,0.16603150412004258,1.0228194066680665,ETH,0.13378563226876353,0.5114233544313448,DCR,0.13098272626699645,0.37201663392162443,GNO,0.14397485697703793,0.29883065684363497,BCH,0.17638755461329444,0.09493555214663232,ETC,0.08126203010473095,-0.10677419810224817,BNB,0.1675756956491342,-0.20678017769131293
2021-07-14,Custom_Risk_2_neutral,7,ETH,0.12256282255652347,0.49962530734819965,BTC,0.22535475167196303,0.4128688164071416,DCR,0.10407975978576597,0.2660810513372661,GNO,0.13358149348131226,0.17501907605742734,BNB,0.1726475347212906,-0.19993928213361095,ETC,0.15302490390332307,-0.207687055495563,AAVE,0.08874873387982155,-0.22340344157331615
2021-07-21,Custom_Risk_2_neutral,7,BTC,0.21085696125149792,0.7810336945003578,BNB,0.14455456916773932,0.12380500698687932,ETH,0.13554488923622707,0.09806875353187688,BCH,0.18969420196383,0.05972320688616556,INJ,0.09274301194635835,-0.07754181886818318,AAVE,0.09940801671552611,-0.13597951309216832,GNO,0.12719834971882138,-0.17742350294049675
2021-07-28,Custom_Risk_2_neutral,7,BTC,0.17266219026114746,0.6897073710918555,GNO,0.1419953158300688,0.618110907344373,BNB,0.14071347892247615,0.36047379831912496,ETH,0.15295405941055024,0.28055084206356085,BCH,0.15671801804124516,-0.19773163934214544,ETC,0.13504733842234426,-0.23075811762202056,AAVE,0.0999095991121678,-0.3310953272797509
2021-08-04,Custom_Risk_2_neutral,7,BTC,0.12026155136540369,1.2363689483305393,GNO,0.14193668694843373,0.17127130640655341,ETH,0.14011169985483188,0.11819291289427158,BNB,0.2504509073194068,0.10616949254832328,BCH,0.14680309489151677,0.0509618523370483,DCR,0.074348084427581,-0.0711550123342986,ETC,0.12608797519282622,-0.09876969726817761
2021-08-11,Custom_Risk_2_neutral,7,BTC,0.15742787936980135,0.9702694310362331,ETH,0.1355793524220418,0.7887225162465693,GNO,0.13543506511575124,0.2406201755662041,BCH,0.15717005701949202,0.21564076389437203,BNB,0.19869007379253584,0.09005865843794941,DCR,0.10529268136900341,-0.23640710109146698,AAVE,0.11040489091137445,-0.255558621150055
2021-08-18,Custom_Risk_2_neutral,7,BTC,0.17269787800975517,0.8320837389186416,ETH,0.12595651645350045,0.729783830530007,GNO,0.15265949406737164,0.5606990307127977,BNB,0.1817545560844217,0.06431509300935659,AAVE,0.11390410391075793,0.06219835424171774,BCH,0.13486834795155145,-0.2274342167573258,INJ,0.11815910352264164,-0.536394434188802
2021-08-25,Custom_Risk_2_neutral,7,BTC,0.18964522092897462,1.0383380975640386,ETH,0.15568743175622402,0.6638145444596031,BCH,0.14586670642186403,0.3024983371123058,BNB,0.13021495292435648,-0.021510528588864458,AAVE,0.13936638370771717,-0.09606141447964411,DCR,0.13453906582433878,-0.10768858132483367,ETC,0.10468023843652502,-0.11037861821590314
2021-09-01,Custom_Risk_2_neutral,7,BTC,0.20323182435386034,0.7783514607650197,GNO,0.08409050323805789,0.47625156297912746,BNB,0.12492126502834291,0.3704580157343146,BCH,0.16480458924670627,0.005030380115013278,ETH,0.14984468615702065,-0.001080737597412229,DCR,0.14784346994555952,-0.038678848657078636,AAVE,0.12526366203045247,-0.5138985144401015
2021-09-08,Custom_Risk_2_neutral,7,BTC,0.2002507579380299,0.5238296009897836,ETH,0.1467749739685073,0.5088230665565099,BNB,0.15665969981943584,0.22356175216231772,DCR,0.15745480600066025,0.20675179452888595,AAVE,0.12635686550196495,-0.09688725165671414,GNO,0.12896055239995505,-0.16463405676571838,INJ,0.08354234437144671,-0.2983661203663826
2021-09-15,Custom_Risk_2_neutral,7,BTC,0.19626018321213584,0.8661719708069793,ETH,0.15475953425456218,0.6402018551711737,BCH,0.13652864123335226,0.2342124995099653,BNB,0.1465284417676657,0.03198602397060039,DCR,0.15074394903660618,-0.08468493979080126,INJ,0.08987219480158973,-0.0989826530959434,GNO,0.125307055694088,-0.2411670664109429
2021-09-22,Custom_Risk_2_neutral,7,BTC,0.19146589201990308,0.6222339997131102,ETH,0.13495098506308914,0.49703692562302426,AAVE,0.09642134851758163,0.18523665198222045,BCH,0.15605304370849038,0.07305980895103546,GNO,0.14701985274678575,0.0492739465900528,BNB,0.15174191398398054,-0.15132085859787314,DCR,0.12234696396016957,-0.3192030683803223
2021-09-29,Custom_Risk_2_neutral,7,BTC,0.1828206774108204,0.927346191616715,ETH,0.12922122398682004,0.45107952252688716,GNO,0.15770817323269207,0.2745453533427791,BCH,0.150903207126203,0.2259090921877452,ETC,0.13876643928883728,0.061421320965300036,BNB,0.1290045777389213,-0.10224641437100757,DCR,0.11157570121570581,-0.22173871631587577
2021-10-06,Custom_Risk_2_neutral,7,BTC,0.15602008841027157,0.7141780301438525,BNB,0.13434859101802657,0.3773477370294065,ETH,0.13939897868399845,0.2670393799318659,GNO,0.1552993556513636,0.24671646752467957,ETC,0.1559709313748143,-0.03153898811141827,BCH,0.14161432111566322,-0.18180262663130195,AAVE,0.11734773374586238,-0.345085370488885
2021-10-13,Custom_Risk_2_neutral,7,BTC,0.13411649693476232,1.0959453892371678,ETH,0.14187797976531902,0.45279233518564804,GNO,0.19848986069726368,0.20145160515518762,BCH,0.12559357376343375,0.18882982230568046,ETC,0.13858740493580243,0.0075955828727659325,DCR,0.13997111754125324,-0.1865063967535239,BNB,0.1213635663621655,-0.22255563889150104
2021-10-20,Custom_Risk_2_neutral,7,BTC,0.1426080039953961,0.9005055351295899,BNB,0.12591404829694977,0.2544478387413633,ETH,0.12947157814133922,0.1488605617139788,ETC,0.16226752417671722,0.09485197181297109,GNO,0.157456517908614,0.03420332718522462,DCR,0.133668289730604,0.015683809634902623,BCH,0.14861403775037973,0.011622458749686752
2021-10-27,Custom_Risk_2_neutral,7,BTC,0.14505016559007813,0.9493919414333996,ETH,0.14076665529839671,0.39757580548632454,BNB,0.1745943539550989,0.15841340702169257,GNO,0.15919594187731703,0.031251956038869155,BCH,0.14022731873618824,-0.011834554220387095,ETC,0.1469208881099674,-0.1741854524691936,INJ,0.09324467643295373,-0.33151511090541025
2021-11-03,Custom_Risk_2_neutral,7,BTC,0.1743487344522549,1.0122226141344703,AAVE,0.16652362619842373,0.3426133093710576,ETH,0.13439776072532,0.31862437210702077,GNO,0.13149590855338134,0.1768776570329823,BCH,0.1395669862177011,-0.1082846361302836,DCR,0.12119550895725119,-0.24829525688224663,ETC,0.1324714748956678,-0.2588904621867665
2021-11-10,Custom_Risk_2_neutral,7,BTC,0.18549481269980347,0.7621477020404039,ETH,0.15184233339910755,0.6067870042017349,AAVE,0.15372342728262256,0.191994588384495,GNO,0.0788463478476781,0.15679348591621373,DCR,0.18101553292010947,0.13635681001663535,BNB,0.1203898534800342,-0.1253429491867833,ETC,0.12868769237064465,-0.21620312939114766
2021-11-17,Custom_Risk_2_neutral,7,BTC,0.1864854623985885,0.8741287285481834,ETH,0.19207361221449745,0.6465391054125752,BNB,0.13758832961732348,0.2306835162229571,GNO,0.09271486975595626,0.2302669475944511,ETC,0.13734512404988525,0.034114399346629715,AAVE,0.15214118540340546,-0.03646965613111176,BCH,0.10165141656034349,-0.06955795450414512
2021-11-24,Custom_Risk_2_neutral,7,BTC,0.19255293879963759,0.9669704201028091,ETH,0.12615096735291575,0.39388560001841094,ETC,0.17345421486056706,0.1333448017555755,BNB,0.11120041588329715,0.11072083067545387,AAVE,0.13431132925051392,0.07378283569441513,DCR,0.14731909198048793,-0.002742809270136759,GNO,0.11501104187258047,-0.2193585960950861
2021-12-01,Custom_Risk_2_neutral,7,BTC,0.17623418753068185,0.7596865779189859,BCH,0.15309931839496257,0.38382650356495995,ETH,0.12554429434559913,0.19736679305947508,ETC,0.1949412954636488,0.1250980362398016,BNB,0.12686033032916658,-0.0006190605683093209,DCR,0.12694667697454545,-0.15082164868808806,INJ,0.09637389696139576,-0.3143779675089986
2021-12-08,Custom_Risk_2_neutral,7,BTC,0.16790716211540602,0.770096200269475,ETH,0.14602995315928238,0.36186118650227894,BNB,0.15929451247928594,0.16915597182720632,ETC,0.14547436401442268,0.022327342048066523,BCH,0.14938236749655578,0.009467500229241296,INJ,0.11695018129800347,-0.09160056320598925,AAVE,0.11496145943704364,-0.3677456878273831
2021-12-15,Custom_Risk_2_neutral,7,ETH,0.16047016844762704,0.7087787866239085,BTC,0.18416086318797711,0.5956604634997009,BNB,0.1761113489150909,0.5541130287628895,ETC,0.13452350208604902,-0.01980698585390942,DCR,0.09254645617590175,-0.05485938977559551,BCH,0.14617158121197357,-0.17837538912304995,AAVE,0.10601607997538062,-0.40994537521501384
2021-12-22,Custom_Risk_2_neutral,7,BTC,0.17835659710762464,0.896658786818818,ETH,0.15179725427760143,0.6936378859589198,BNB,0.18198072561687595,0.5042622405218982,GNO,0.07581315845991198,0.20999113145033,BCH,0.16776534858128717,0.14575915664519182,ETC,0.14644393490865004,0.07168344705102199,INJ,0.09784298104804878,-0.3155904440090316
2021-12-29,Custom_Risk_2_neutral,7,BTC,0.15291586502510332,0.9698392579946938,ETH,0.16990715474195683,0.8688872854822138,BNB,0.17717770169047548,0.47522741087765213,BCH,0.16596851819575978,0.069812780500637,ETC,0.1467162175467739,0.06331204391678179,GNO,0.09514715919071291,-0.16040492997993105,INJ,0.09216738360921775,-0.531532159816846
2022-01-05,Custom_Risk_2_neutral,7,BTC,0.17584534620208417,0.8188947839850486,BNB,0.16266946900457827,0.4054154684761991,ETH,0.16178332612077143,0.2144133516033053,BCH,0.1638651580367814,0.17618461690929393,ETC,0.15482963031888836,0.024670332109774762,INJ,0.10520635521309656,-0.014483662460611557,GNO,0.07580071510379986,-0.3774365880060948
2022-01-12,Custom_Risk_2_neutral,7,BTC,0.219599902515869,0.4818745066946205,ETH,0.1427621241385218,0.407307079601379,GNO,0.07545202383297202,0.3647616004151554,BCH,0.17951211957460433,0.020395398625765036,AAVE,0.09901341810135392,-0.08696874875186851,ETC,0.15905598932098858,-0.1259253135193718,BNB,0.12460442251569027,-0.2486167256036231
2022-01-19,Custom_Risk_2_neutral,7,BTC,0.2532161188952624,0.8499352626272776,ETH,0.13606295809279273,0.4970524148084372,BNB,0.11584986286498139,0.21490776054149985,GNO,0.09258934602919366,0.05938103320728455,BCH,0.19389176834533015,0.02369673646958157,AAVE,0.08708453475418435,-0.08827992142298385,INJ,0.12130541101825536,-0.12940534979699064
2022-01-26,Custom_Risk_2_neutral,7,BTC,0.20849906538776486,0.6136764502629071,ETH,0.14523957368930163,0.39830361080197807,BCH,0.17080632828530737,0.2197532852086274,AAVE,0.09540839580016494,0.2011003420035199,ETC,0.13958574202268048,0.1913159102490493,BNB,0.13952328304316364,0.18937674556451217,INJ,0.10093761177161704,-0.2269535230745635
2022-02-02,Custom_Risk_2_neutral,7,BTC,0.19909082723407132,1.0776420227977848,BNB,0.13995031841050892,0.4114058005655726,BCH,0.17261928799748438,0.40569725286255653,ETH,0.13309430235972886,0.11960440454063925,ETC,0.1530801373705198,-0.16390277344925336,DCR,0.09986121975610696,-0.2306178799821391,INJ,0.10230390687157968,-0.3181218579650809
2022-02-09,Custom_Risk_2_neutral,7,BTC,0.1476426029850025,1.0384878799642285,ETH,0.14108675610704424,0.4770279197945982,DCR,0.1612053757774801,0.4468766555583357,BNB,0.1352230684084604,0.3944955952652233,BCH,0.14241074301929885,-0.0884069289004081,ETC,0.1434453583037197,-0.11305203929374968,GNO,0.12898609539899406,-0.5905418955826118
2022-02-16,Custom_Risk_2_neutral,7,BTC,0.16409355934819614,0.8783262853043448,ETH,0.12657220812208209,0.6338763061128924,ETC,0.12487289247049581,0.40377935355648964,BCH,0.14594360784828248,0.09783197573207525,BNB,0.1495218147297757,0.01310355287150924,DCR,0.16654728575757605,0.00983034633311778,AAVE,0.1224486317235917,-0.005382505833320228
2022-02-23,Custom_Risk_2_neutral,7,BTC,0.18809993059060676,0.652218535163753,ETH,0.14648930392443082,0.48215329976011856,ETC,0.12362227709849774,0.16895055729381775,GNO,0.15073050724915177,0.1647885281123603,AAVE,0.1200817471656499,-0.01315887957843448,DCR,0.115934299917225,-0.050664367328123294,BNB,0.15504193405443809,-0.0556233916932489
2022-03-02,Custom_Risk_2_neutral,7,BTC,0.14244580962252326,0.39585665031195283,GNO,0.1609673463257939,0.22090153272838053,ETH,0.14530101253848515,0.1908470790763492,BNB,0.15677470476065283,0.09741472074370142,BCH,0.15722299465376785,0.07404680900957103,ETC,0.1238263904288653,0.023579888993925387,AAVE,0.11346174166991173,-0.20430533533826056
2022-03-09,Custom_Risk_2_neutral,7,BTC,0.13602264208884218,0.6749223198199452,GNO,0.14001729617081082,0.5348178783310926,ETH,0.13805959396748815,0.33984450141938455,BNB,0.17454523448799522,0.10817573788945514,DCR,0.13169645171381789,-0.007830277853872691,BCH,0.14143904766004334,-0.15841994935237363,ETC,0.1382197339110025,-0.20969333395556694
2022-03-16,Custom_Risk_2_neutral,7,BTC,0.1342792315879465,1.0075988000761427,BNB,0.17401384655671204,0.44999702715864076,BCH,0.13413714549744832,0.2157935696673992,ETH,0.14228525072723266,0.17971748034265053,ETC,0.14311567322329763,0.16581687664779948,GNO,0.1434459105831089,0.10373828234364028,DCR,0.1287229418242541,-0.26860611819788893
2022-03-23,Custom_Risk_2_neutral,7,BTC,0.15737543450716013,0.9799015878946056,ETH,0.1624316822441844,0.5998691922599285,BNB,0.18758933625893967,0.42683654111877606,BCH,0.10379777320017425,-0.11570852501500256,INJ,0.15349986351622397,-0.17225264095715603,AAVE,0.08395233939179812,-0.1741341278419291,GNO,0.15135357088151938,-0.20302163832936918
2022-03-30,Custom_Risk_2_neutral,7,BTC,0.18871629510294152,0.7484365715447415,ETH,0.17320757088796154,0.4679749389688115,ETC,0.047786518132957,0.3447548846681514,BNB,0.24624388223396487,0.3165525519431651,BCH,0.08848457621804313,0.2635349578218402,DCR,0.14095406840259447,-0.07197874357677608,INJ,0.11460708902153743,-0.23637406265583116
2022-04-06,Custom_Risk_2_neutral,7,ETC,0.09745294000409309,0.5914434322020194,BTC,0.19537516409003902,0.4587828214361787,ETH,0.1521464286270955,0.21012771818513198,BCH,0.153902519483882,0.027791797579974492,GNO,0.07064599494717504,0.006405007980265526,BNB,0.18267013126701664,-0.1558256422393844,DCR,0.14780682158069872,-0.2243220595117809
2022-04-13,Custom_Risk_2_neutral,7,BTC,0.21962921732429636,0.7593552343511902,ETH,0.1649407420982575,0.37985538615516223,GNO,0.10502795417562545,0.08968048689554836,INJ,0.12215663593184935,-0.06893818641044616,BNB,0.16653534747435594,-0.08484580683740894,DCR,0.1508970647436535,-0.10584221717975743,AAVE,0.070813038251962,-0.16751126461553617
2022-04-20,Custom_Risk_2_neutral,7,ETH,0.18966438571641728,0.645421742606954,BTC,0.2029706821997045,0.5894688482611992,BNB,0.17342098834277314,0.30640229332978625,ETC,0.09723264975810479,0.056160257471397135,BCH,0.11333615461326647,0.0323383779536187,INJ,0.11581583457422073,-0.033051942402595846,GNO,0.10755930479551298,-0.22642534071639578
2022-04-27,Custom_Risk_2_neutral,7,BTC,0.14776904173896382,0.5857847188036741,ETH,0.13918627288897012,0.39066971594862465,BNB,0.18499072584822301,0.26200172912814174,ETC,0.11282215844185704,-0.04473170469844873,INJ,0.11845495278978732,-0.04853567512927842,BCH,0.11988163736571596,-0.1920665351840368,GNO,0.1768952109264826,-0.24169493782301987
2022-05-04,Custom_Risk_2_neutral,7,BTC,0.17449686465775227,0.6390933437048318,ETH,0.14650373653097654,0.3050936511721166,DCR,0.12041872806146964,0.2504145072798738,BCH,0.13183959729501477,0.161490839788757,GNO,0.17201135900726736,-0.015459554746708282,AAVE,0.08706189798503547,-0.017580402405603934,BNB,0.16766781646248397,-0.026501464626526194
2022-05-11,Custom_Risk_2_neutral,7,BTC,0.19476809684835297,0.7135930618523469,ETH,0.1637812082045747,0.4967918768641637,BNB,0.12261483050413324,0.15385689449876677,DCR,0.12519014732046643,0.12194808793368248,GNO,0.18117391204158878,0.00705398228482762,BCH,0.12227309262506318,-0.09546624755815496,AAVE,0.09019871245582071,-0.2262721787544522
2022-05-18,Custom_Risk_2_neutral,7,BTC,0.19974175616438547,1.190943532829596,ETH,0.16373506826352593,0.8916949272609342,GNO,0.16282833576994815,0.6521263443541157,BNB,0.12302876653526772,0.105621880656313,BCH,0.12136210606269997,0.07134314810469507,ETC,0.12254691325387226,-0.20286994970934183,DCR,0.10675705395030069,-0.41865934404831706
2022-05-25,Custom_Risk_2_neutral,7,BTC,0.19316699517287225,1.2650876307015588,ETH,0.15133220085634108,0.6256539661661731,BNB,0.1655456221583387,0.31747105787681085,GNO,0.13069734053627222,0.20207795259764005,BCH,0.13963011435843983,0.04104051681387404,DCR,0.10659853279934027,-0.014854812865952888,ETC,0.11302919411839563,-0.4667449108387192
2022-06-01,Custom_Risk_2_neutral,7,BTC,0.16785628548421547,0.7771564994080025,BNB,0.15848682916143977,0.7408978175230064,ETH,0.12796395251000092,0.41874500956523536,ETC,0.12029905266461645,0.24315993447375803,GNO,0.1376171644858635,0.0062253939329303815,BCH,0.136024014597425,-0.2232974432369666,DCR,0.151752701096439,-0.2233365448457802
2022-06-08,Custom_Risk_2_neutral,7,BTC,0.17354249195542365,0.5981229188307142,BNB,0.17994894055797622,0.41476136819068204,ETH,0.1297227998914905,0.05130278995158413,ETC,0.1471731019813477,-0.02743446512083917,BCH,0.1300040409362454,-0.0638142736389715,AAVE,0.08234426171152738,-0.07077090624415938,DCR,0.1572643629659891,-0.1452404050567717
2022-06-15,Custom_Risk_2_neutral,7,BTC,0.14294244936797604,0.9611647613445904,ETH,0.13363424990566092,0.4318609870327962,GNO,0.13496580063431904,0.11537634367346031,BCH,0.1561022336672191,0.04600910786502526,BNB,0.1675010132740185,-0.01379833234045702,ETC,0.1263227920657925,-0.09561003394214315,DCR,0.1385314610850139,-0.12787679455184903
2022-06-22,Custom_Risk_2_neutral,7,BTC,0.1613853327728672,1.1629880359399989,BNB,0.15704157914152464,0.4266290186252297,ETH,0.12674037495300478,0.24239650994044476,DCR,0.15551626435747964,0.1451183037594151,BCH,0.14308945891651648,-0.011487238923570203,GNO,0.1329533917330186,-0.033485878714538286,INJ,0.12327359812558861,-0.3930908891257634
2022-06-29,Custom_Risk_2_neutral,7,BTC,0.17655750006831378,0.9472484220347097,BNB,0.15014194489860727,0.45498478182760516,BCH,0.13462044398301776,0.3429073773285337,DCR,0.15249257412695125,0.2851180371434268,ETC,0.13065221005879782,0.009577999335955822,INJ,0.14183264369995993,-0.30919061442846457,ETH,0.11370268316435221,-0.3840374723446308
2022-07-06,Custom_Risk_2_neutral,7,BTC,0.18808702362613244,1.0123314112578885,DCR,0.13020863811145333,0.392364886030131,ETC,0.15479738414932015,0.37640763486076056,BNB,0.14948209087063244,0.2955980371721448,INJ,0.11764573190110787,-0.1749331916002694,BCH,0.15024187684490314,-0.1799515767635091,ETH,0.10953725449645053,-0.3076340112631738
2022-07-13,Custom_Risk_2_neutral,7,BTC,0.162235346956961,0.9361674479754585,BNB,0.18521796065483528,0.7666372769834748,ETH,0.11778204681877959,0.3504889114997499,ETC,0.15756754266390177,0.19241166243568164,GNO,0.13121552006209508,0.07558188263805751,BCH,0.12950915684490982,-0.21248146564913606,DCR,0.11647242599851731,-0.28178513372752495
2022-07-20,Custom_Risk_2_neutral,7,BTC,0.1900106980907782,0.9816887528549496,BNB,0.2065607828230455,0.6455005832402769,DCR,0.1589526105960159,0.3460988099079457,AAVE,0.0813122942379031,-0.015891635333977888,BCH,0.14134739599679685,-0.13869211182721408,ETH,0.10417485125767384,-0.1462835717413632,INJ,0.11764136699778673,-0.25238857105046414
2022-07-27,Custom_Risk_2_neutral,7,BTC,0.18915873633564986,0.8858352665600953,BNB,0.17659722958937094,0.28390818750550595,ETH,0.10068865553102554,0.21715336420699027,GNO,0.11116183615939597,0.00862410666091451,DCR,0.19557387445769428,-0.014326192693461956,BCH,0.13237641199394912,-0.12277241175221767,AAVE,0.09444325593291436,-0.1831787844881148
2022-08-03,Custom_Risk_2_neutral,7,BTC,0.2125768837214771,0.934812881692842,ETH,0.1285613367064825,0.4272467595054601,GNO,0.14339707727686363,0.09884963040370756,DCR,0.18217180956497903,0.00511769209778137,BNB,0.17043594845907376,-0.08965985983846103,AAVE,0.10293040144282414,-0.13233905930353967,ETC,0.05992654282829985,-0.3278183340534582
2022-08-10,Custom_Risk_2_neutral,7,BTC,0.24763469074300087,0.816423832390983,ETC,0.0711138032824853,0.5272327781734938,BNB,0.22494407764978333,0.33996257967415544,ETH,0.13089598815017564,0.30313710794651394,BCH,0.08029388138147556,0.05874384770306598,GNO,0.13733345930811328,-0.004403965919822575,AAVE,0.10778409948496613,-0.18461513841199784
2022-08-17,Custom_Risk_2_neutral,7,BTC,0.22348126358152812,0.43225467941750967,BNB,0.22614817036775994,0.31889690998397746,ETH,0.11125630455683988,0.14259917190884017,AAVE,0.07914499186223795,0.11674197012257254,ETC,0.09784320171609238,-0.05191856614200313,GNO,0.1140422897072836,-0.061489191200209244,BCH,0.14808377820825822,-0.08894317497707785
2022-08-24,Custom_Risk_2_neutral,7,BTC,0.20393378729921058,0.6634985026096062,ETC,0.10552397388639444,0.4505392481530758,ETH,0.14798167026802933,0.36896685374628946,INJ,0.08906923773974851,0.060545523644418106,AAVE,0.12175727723896013,0.05880171784179694,BNB,0.2194297634524811,0.00013854933749632425,GNO,0.11230429011517587,-0.2802067908241045
2022-08-31,Custom_Risk_2_neutral,7,BTC,0.19800853140246952,0.5302989281872494,INJ,0.1151873090786231,0.3110702282877394,BNB,0.20561473451770576,0.16640418098324483,BCH,0.12473529604631711,0.16065857080989765,ETH,0.12623420834887422,0.05115101207741515,ETC,0.11340715953754514,-0.022719536752898194,GNO,0.1168127610684654,-0.12010458997004905
2022-09-07,Custom_Risk_2_neutral,7,BTC,0.21063974409476718,1.0381437678043546,BNB,0.177293004274584,0.552572593451863,GNO,0.15944902213087286,0.19833270470471942,ETH,0.12268290837769125,0.13609588822661992,INJ,0.11119423996389162,-0.03312125433671943,DCR,0.11360385629493897,-0.2748139713588974,BCH,0.10513722486325416,-0.3148916321482379
2022-09-14,Custom_Risk_2_neutral,7,BNB,0.17747035289437843,0.43931023615626896,ETH,0.14621701248921198,0.3179180283106201,BTC,0.11990890649260486,0.20166147607242907,GNO,0.1388057394538034,0.18407721713147052,AAVE,0.13452201116089282,0.15827462782744192,DCR,0.18009952501804216,-0.020394764722616254,BCH,0.10297645249106635,-0.24623723680285195
2022-09-21,Custom_Risk_2_neutral,7,ETH,0.1169881995710798,0.4458938569235895,BTC,0.13502584060729034,0.3846867789784637,ETC,0.09976552618489579,0.3657078984866269,BNB,0.22382656283639227,0.07828051682903425,GNO,0.11933362636298521,0.0724252694106832,DCR,0.17011274523220546,-0.17235492376399209,AAVE,0.13494749920515106,-0.2972169072556515
2022-09-28,Custom_Risk_2_neutral,7,BTC,0.21139591415555956,0.9854937883338428,BNB,0.20774760849993731,0.6514846650576054,BCH,0.1358838985174499,0.1311291793204515,GNO,0.11907092324461015,-0.07087936132450151,ETC,0.10852247660975306,-0.12210878391204183,ETH,0.10535332364616982,-0.20925691925892687,AAVE,0.11202585532652044,-0.27169421909374436
2022-10-05,Custom_Risk_2_neutral,7,BTC,0.1467638699845055,0.8484680316341561,BNB,0.18245452013376215,0.5898759194333378,ETH,0.12511536507215779,0.03622931697768811,GNO,0.11254716575699948,-0.009780796410048531,AAVE,0.10526622641922206,-0.07740790679605015,BCH,0.10272492522921192,-0.1200764345659948,ETC,0.22512792740414117,-0.17232112160611335
2022-10-12,Custom_Risk_2_neutral,7,BTC,0.19410909858169775,0.6485201102752135,BNB,0.20372425965599222,0.47897395582905017,BCH,0.12714220452134198,0.09226544457689496,AAVE,0.13504647135481762,0.04757709407122712,ETC,0.10488910084591363,0.013868445548097075,ETH,0.1752325997868533,-0.18487426632075132,INJ,0.05985626525338341,-0.261729340661211
2022-10-19,Custom_Risk_2_neutral,7,BTC,0.21606068913620838,0.8736496832016888,BNB,0.18302922597401688,0.39846647788226586,ETH,0.1544566941285,0.2927063646708969,BCH,0.12709967168651928,0.26170541525096,GNO,0.15446415294880175,-0.12386325504163043,DCR,0.09444129564555778,-0.21181142975957468,ETC,0.07044827048039606,-0.2445255288114077
2022-10-26,Custom_Risk_2_neutral,7,BTC,0.2045369004455415,0.8444026234406714,BNB,0.23485914532793056,0.4530546445392605,AAVE,0.09493753105211579,0.2563184751755554,INJ,0.07188356081080545,0.017765445399578472,BCH,0.15938702260569076,0.01221163325266296,DCR,0.1282417830965182,0.006723675690668882,ETH,0.10615405666139782,-0.2582690914718144
2022-11-02,Custom_Risk_2_neutral,7,BTC,0.20094405480869687,0.8369403838515379,ETH,0.09932973771141408,0.4803061967997642,GNO,0.0979570580222049,0.1331490708424976,BNB,0.18033017370509974,0.008024680670299544,AAVE,0.10628619098997096,-0.019902718138487346,DCR,0.14056063810543604,-0.07928617547399182,BCH,0.17459214665717754,-0.09204697066042088
2022-11-09,Custom_Risk_2_neutral,7,BTC,0.19065378850353276,0.5961392542347436,ETH,0.13563181369720473,0.3605475529852311,INJ,0.07637007126682997,0.2202180220266523,BNB,0.14873325109275898,0.023695837743883952,DCR,0.1459731875072989,0.019715342760072273,BCH,0.16269678467758972,-0.12963390546880085,GNO,0.13994110325478493,-0.16074895650724658
2022-11-16,Custom_Risk_2_neutral,7,BTC,0.1843637825105921,1.048044722247754,BNB,0.15385857234858938,0.9465234451157875,ETH,0.13019187114498756,0.13486584152977105,DCR,0.1417803380562537,-0.0474819947747548,BCH,0.15181729631122537,-0.1823538205841863,AAVE,0.10544425342969971,-0.21160133971274536,ETC,0.132543886198652,-0.2709296179743928
2022-11-23,Custom_Risk_2_neutral,7,BTC,0.1992712398281659,1.0197896522384777,ETH,0.1302449145118364,0.39497807960185277,BCH,0.16041739228418783,0.08812645907683464,BNB,0.13040860535782303,0.0835021942689162,GNO,0.13560573139550358,0.06747455097012461,DCR,0.13340937709931266,-0.22807580389732146,ETC,0.11064273952317057,-0.31792337185982583
2022-11-30,Custom_Risk_2_neutral,7,BTC,0.22436046285929517,0.8935640004027516,BCH,0.19236083433382456,0.799272616039986,BNB,0.10983989840466524,0.445408165035281,DCR,0.11774921725112887,0.1025819372175717,ETH,0.13708373646356695,-0.06957706674185038,ETC,0.11920909775707657,-0.09380031322441079,INJ,0.09939675293044253,-0.6643402162479448
2022-12-07,Custom_Risk_2_neutral,7,BTC,0.2073221656358432,0.6446976688448258,BCH,0.1918092370561331,0.48849347759754785,BNB,0.15911390509764345,0.3285148139139697,ETH,0.11108336423003747,0.19519052210821458,ETC,0.14750712883879571,0.014161537811519964,AAVE,0.10231562098365402,-0.16797746090108867,INJ,0.08084857815789302,-0.34526050495204247
2022-12-14,Custom_Risk_2_neutral,7,BTC,0.20599502110965365,0.8037954104118661,BNB,0.18972948433154319,0.7584553653075614,BCH,0.13701405508641215,0.5168486897857771,ETH,0.11521151991855909,-0.09753151787445369,AAVE,0.10602660410756033,-0.2551164970730292,ETC,0.1261299119882136,-0.3090905099825734,GNO,0.11989340345805809,-0.33112261504951196
2022-12-21,Custom_Risk_2_neutral,7,BTC,0.21958800427866626,1.0944309539167716,ETH,0.13994748474184218,0.3078583734116919,BCH,0.15198433164020622,0.23144629776539336,AAVE,0.12122257201286214,-0.09861319499370712,GNO,0.14294205456056794,-0.13377502871222413,DCR,0.1210055958924488,-0.2647275943765862,INJ,0.10330995687340651,-0.2934339392705039
2022-12-28,Custom_Risk_2_neutral,7,BTC,0.24452599005360237,1.1597920418819108,ETH,0.14699942409046413,0.4088100682044501,GNO,0.14816265615493518,0.1779790465933286,BCH,0.15104204201488722,0.04603812620490108,DCR,0.11412556697077667,-0.012667680759513189,ETC,0.09281693747535052,-0.2151312354562166,AAVE,0.10232738323998383,-0.3430370074955963
2023-01-04,Custom_Risk_2_neutral,7,BTC,0.28166109665896144,1.3046118867789338,ETH,0.145787580058808,0.5792833773337485,BCH,0.11943049855407258,0.36073612257233406,GNO,0.14825339537277923,0.2574074169964478,DCR,0.13213676067909025,0.19845538952839786,BNB,0.11821924341707143,-0.00956665123118429,AAVE,0.05451142525921716,-0.3403359102800487
2023-01-11,Custom_Risk_2_neutral,7,BTC,0.22817509499234978,1.1674360272245128,ETH,0.13462107857829048,0.336894857407982,BCH,0.13562809328904407,0.13421521153304994,DCR,0.1377123814534464,0.03040440101371869,GNO,0.12788773188504032,-0.06685203243956098,BNB,0.09444039769322063,-0.1351665733241129,INJ,0.1415352221086084,-0.33658510521054175
2023-01-18,Custom_Risk_2_neutral,7,BTC,0.16368865901637733,0.5684605728680319,ETH,0.1593656891039736,0.49914513669902305,BNB,0.1548182856157212,0.37577600668726097,GNO,0.16195313545069479,0.11447220965347102,BCH,0.13177847693894598,0.0063978097783498195,DCR,0.1423954126128343,-0.18434961347408904,ETC,0.08600034126145271,-0.2403810989743305
2023-01-25,Custom_Risk_2_neutral,7,BTC,0.16265179209262773,0.9374056076907378,ETH,0.14135301483241638,0.5404972883610112,AAVE,0.0978403879673533,0.2962737067702528,GNO,0.1511006355065347,0.22109209197710586,BNB,0.19769185248683993,0.16177912459051577,BCH,0.13724358675720758,0.13354324030559317,ETC,0.11211873035702029,-0.3475754082121571
2023-02-01,Custom_Risk_2_neutral,7,BTC,0.1733919040352925,0.9584133667860262,ETH,0.13213284369158143,0.30673221541850776,BCH,0.1634033890737368,0.21183849771670266,BNB,0.20989165596429193,0.1335803835376716,AAVE,0.08764974152749423,0.0371744740359463,DCR,0.10570961036708659,-0.12159225503788454,GNO,0.12782085534051651,-0.27708829870235335
2023-02-08,Custom_Risk_2_neutral,7,BTC,0.2107720693068608,0.964351044962344,BCH,0.16478309727166493,0.3223746544683731,ETH,0.155441153135262,0.08080928272693035,INJ,0.0405510632574853,0.04234926698578406,GNO,0.13256240524936286,-0.09300701324643516,AAVE,0.09644014831510177,-0.13241469497919228,BNB,0.1994500634642625,-0.33505583622071944
2023-02-15,Custom_Risk_2_neutral,7,BTC,0.14680103842688685,0.3506332716046333,GNO,0.1402032502822355,0.34765439622491057,BNB,0.1314659144534847,0.2470046933730487,ETH,0.1401263455578664,0.1380972617500639,BCH,0.16767488334645544,-0.016555210033452714,ETC,0.12551226491396925,-0.07968700639623247,DCR,0.14821630301910185,-0.16161521494074144
2023-02-22,Custom_Risk_2_neutral,7,BTC,0.16481644685863517,0.6710857382831849,ETH,0.17064509307777123,0.31081891150470514,GNO,0.1620442545589106,0.2126181824342761,BNB,0.15853948252729128,0.0070628002231780534,AAVE,0.11147338149310564,-0.012157075737558531,INJ,0.0716893994530878,-0.23264411345370756,ETC,0.1607919420311983,-0.24328902471980768
2023-03-01,Custom_Risk_2_neutral,7,BTC,0.17407697110125278,0.7334764402066644,BCH,0.11907333591930996,0.35744160069744135,DCR,0.09263128790540262,0.221213517054961,ETC,0.14108101213298688,0.09266843408960704,BNB,0.2013006912741771,0.016535056316685552,ETH,0.17533394858116008,-0.06263674443195832,AAVE,0.09650275308571046,-0.3097632153365743
2023-03-08,Custom_Risk_2_neutral,7,BTC,0.1689751076339137,0.6554638774304389,ETH,0.14385375347309703,0.27503302272801716,BCH,0.14550591265717525,0.18877618195554408,DCR,0.10665186720200329,0.09152949000569614,INJ,0.05145069675884416,-0.10128637168791221,ETC,0.14703330478610568,-0.11944033804242235,BNB,0.23652935748886084,-0.250831687632168
2023-03-15,Custom_Risk_2_neutral,7,BTC,0.12582058953454933,0.7192769831366775,ETH,0.1394923732765979,0.4252283740869106,BNB,0.20058353613288268,0.30601578924966705,GNO,0.1490311507260809,0.28542837463412735,DCR,0.1278932493441971,0.04802739390098326,BCH,0.13505595674059928,0.04081345213987853,AAVE,0.12212314424509285,-0.1858587942551929
2023-03-22,Custom_Risk_2_neutral,7,ETH,0.15788081180901603,0.4383551504445541,BTC,0.14430121343910599,0.3615985997119882,BNB,0.1935862428178508,0.3554342720315155,GNO,0.15696196203266516,0.22360535211256338,BCH,0.14008555609735446,0.10841946756943117,AAVE,0.13650246993621176,-0.06536609397838095,INJ,0.07068174386779585,-0.31561886921675936
2023-03-29,Custom_Risk_2_neutral,7,BTC,0.14927042051586623,0.8482417753243423,BNB,0.16090156585699958,0.4848047103082726,ETH,0.1547834340110395,0.4120083621489727,BCH,0.13738790259069805,0.16496503597770842,AAVE,0.1294428389333984,0.028894860168846015,GNO,0.1401769035172127,-0.04664045974567365,ETC,0.12803693457478554,-0.23303547441981387
2023-04-05,Custom_Risk_2_neutral,7,BTC,0.16667582766142575,1.0203167922640963,ETH,0.14826843371174334,0.4842463018153708,BNB,0.1751147561636125,0.2387373044478237,GNO,0.13855030672629276,0.06909528977791174,ETC,0.14674197972877848,-0.00014206547246792267,BCH,0.1511274412123466,-0.10816905112854777,DCR,0.07352125479580052,-0.23343117816821793
2023-04-12,Custom_Risk_2_neutral,7,ETH,0.14032434041375738,0.5698809467476045,BTC,0.13685076352723402,0.5017699938962915,GNO,0.14648844517942688,0.23998038970973928,BNB,0.24683595463984934,0.06323990306810809,BCH,0.12393369678292843,-0.06922527634960865,ETC,0.10963485517432836,-0.14287671952195233,AAVE,0.09593194428247549,-0.15402644183684788
2023-04-19,Custom_Risk_2_neutral,7,BTC,0.1590368942435213,0.7145093688103836,ETH,0.12016200746868604,0.2928076235267426,ETC,0.14996478467146748,0.14050842584817191,BNB,0.16371652220538582,0.033580667084075845,BCH,0.17224232951759766,0.028456201869603,AAVE,0.11171319744161182,-0.08399156703207908,GNO,0.12316426445172976,-0.11748507599513495
2023-04-26,Custom_Risk_2_neutral,7,BTC,0.1764406877486767,0.4489046114854333,ETH,0.12744046550067006,0.2609172760624431,BCH,0.18272799521812125,0.18957956896398426,ETC,0.15115845704849318,0.015782731705991954,AAVE,0.12376909506548048,0.013778167007348019,DCR,0.10625471295445696,-0.04318180712576361,GNO,0.1322085864641014,-0.09055366966663582
2023-05-03,Custom_Risk_2_neutral,7,BTC,0.15349690424876486,0.4811806774445844,BNB,0.15295061543283592,0.18611533498033062,ETH,0.16946598323511985,0.1511147576575284,DCR,0.1030231965642726,0.07782441205788682,INJ,0.048947272702106415,0.05472476618953803,BCH,0.22132374060062315,-0.11964720442314367,ETC,0.15079228721627733,-0.15798911281364683
2023-05-10,Custom_Risk_2_neutral,7,BTC,0.17758590446612826,0.7279395499084099,ETH,0.13687591694599924,0.27576852816909425,BNB,0.1903014859478135,0.18407385653681935,INJ,0.06800158493728184,0.08054433163908631,AAVE,0.12267414530959286,0.020744746310269208,ETC,0.20301490149503812,-0.07376318583438884,BCH,0.10154606089814616,-0.22267182602011673
2023-05-17,Custom_Risk_2_neutral,7,BTC,0.19499600194247324,0.8974881877065544,ETH,0.1175676076630123,0.5838117880790111,BNB,0.2609148134772866,0.31808787396209615,ETC,0.148009709248394,0.3026750290777902,GNO,0.10231234575673818,0.07412078127296229,AAVE,0.09785232039684295,-0.26687356681188174,BCH,0.07834720151525265,-0.30808198557122213
2023-05-24,Custom_Risk_2_neutral,7,BTC,0.16516133288972557,0.7794707944795505,BCH,0.1533241096658859,0.2242618148530773,GNO,0.11195623698002692,0.1941552362811082,BNB,0.1937508757040661,0.1441914848320608,ETC,0.14060042028040046,0.09910320647427989,ETH,0.17603428396384863,0.036165341578921595,DCR,0.05917274051604649,-0.10026466948468982
2023-05-31,Custom_Risk_2_neutral,7,BTC,0.12824550711183272,0.5462551199791796,BNB,0.1886792843994612,0.39215529907114016,ETH,0.14159218340568616,0.35203621458673895,GNO,0.12011854324811402,0.301634004772047,BCH,0.16347863165246762,0.09082103723322368,AAVE,0.10301226148327292,-0.004602961424906862,ETC,0.1548735886991654,-0.04384454380777747
2023-06-07,Custom_Risk_2_neutral,7,BTC,0.14178976472150695,0.4844516665063111,ETH,0.17158560742870332,0.3834944585443022,BNB,0.11075873615663993,0.3025112073714703,GNO,0.16341992712431352,0.11703882993913761,ETC,0.14843797819049223,-0.06309437631265256,AAVE,0.13109782304930162,-0.13401261568308862,DCR,0.13291016332904237,-0.19681096818354443
2023-06-14,Custom_Risk_2_neutral,7,ETH,0.1895767352075061,0.7989433496858971,BTC,0.19381553180582375,0.7325395020987338,GNO,0.1588505238167545,0.2987633379868196,BCH,0.15151152392916142,0.18726069739953166,ETC,0.12494046691693039,0.07967590050273594,AAVE,0.11118391148440977,-0.08661500525159496,INJ,0.0701213068394141,-0.22126090818006527
2023-06-21,Custom_Risk_2_neutral,7,BTC,0.19355940852668305,0.8667723002161468,ETH,0.1752411492490387,0.5526285246578998,GNO,0.17271663235086157,0.4276278204554642,DCR,0.06617332193444249,-0.0610919845395152,BNB,0.15620668357759088,-0.10812887105892233,AAVE,0.11134980186298492,-0.1618039131760577,ETC,0.12475300249839831,-0.17654839149825122
2023-06-28,Custom_Risk_2_neutral,7,BTC,0.15760811378741693,1.0164484584241351,ETH,0.1633979781711094,0.6751265436562609,GNO,0.17893543274803309,0.2682093678656809,BNB,0.18783181577409072,0.0020442365226354398,INJ,0.08748556091397568,-0.10221619715916039,ETC,0.07681243335542746,-0.1535827981591318,DCR,0.1479286652499467,-0.32490017371702834
2023-07-05,Custom_Risk_2_neutral,7,BTC,0.29524173281062066,0.9726725319948861,ETH,0.19459986932245202,0.5651035650578046,GNO,0.16873602856689432,0.31459593347315534,BNB,0.16531021492210698,0.10826502608097746,INJ,0.08725004701003958,-0.25284127720696065,ETC,0.0576318389179101,-0.26456964858067705,BCH,0.031230268449976364,-0.2844385252208932
2023-07-12,Custom_Risk_2_neutral,7,BTC,0.27511264264093094,0.6710783197886543,ETH,0.17859910275391275,0.41643119270239315,DCR,0.07164548592130313,0.15961407836669017,GNO,0.1911687231771104,-0.005705257178051815,INJ,0.07996814776180018,-0.0478518396607161,ETC,0.06502725790677967,-0.1476839062744673,BNB,0.13847863983816305,-0.257667884986713
2023-07-19,Custom_Risk_2_neutral,7,BTC,0.21054225702238297,0.7367977256024902,BCH,0.13332325056674887,0.4950022695846762,ETH,0.14547062744473319,0.2993016701465558,BNB,0.13112497638018286,-0.03289957942818374,GNO,0.1636642821637896,-0.03430470682744165,AAVE,0.08813565278154228,-0.1316113897244537,DCR,0.1277389536406203,-0.24625434718679756
2023-07-26,Custom_Risk_2_neutral,7,BTC,0.20665117032704505,0.713755954020231,INJ,0.07415918155434195,0.2601137195219153,ETH,0.15120798306226346,0.23942106994641787,GNO,0.145314512187478,0.0857633899083227,BNB,0.16662723221621184,-0.06181469456877535,BCH,0.1338494233798386,-0.1771701445821088,ETC,0.1221904972728211,-0.1920989208343644
2023-08-02,Custom_Risk_2_neutral,7,BTC,0.1922121595003349,0.6607058252903886,ETH,0.2117502242930632,0.33190853324849234,GNO,0.1472396681008018,0.2285132857730429,AAVE,0.06939231454039566,0.19872861491851224,BNB,0.1649994385238164,-0.09000079596072533,ETC,0.14581494237903794,-0.1929726152567845,BCH,0.06859125266255024,-0.2355533227316417
2023-08-09,Custom_Risk_2_neutral,7,BTC,0.18064389332441957,0.8718738003921894,ETH,0.201038945072814,0.5066752150751321,GNO,0.14676711089896569,0.3564142481653513,ETC,0.13644067286107467,0.28901944647777755,BNB,0.13230062444531135,0.24599819376020335,INJ,0.1073288673467131,-0.12291273633846891,DCR,0.09547988605070162,-0.37537590213819855
2023-08-16,Custom_Risk_2_neutral,7,BTC,0.18614185267216385,0.6358990645288627,ETH,0.23336399684942885,0.2216098033541662,BNB,0.16701622193971752,0.20661452414533918,ETC,0.10478148649379938,0.014664261520988098,INJ,0.07482190402563714,-0.0999619670572679,GNO,0.1888831692299092,-0.10882941014903473,BCH,0.044991368789343816,-0.22136918653931775
2023-08-23,Custom_Risk_2_neutral,7,BTC,0.15465125624501416,1.1665800855401893,ETH,0.1494370752144835,0.7342614058201345,BNB,0.1635817548065597,0.47753670945433146,GNO,0.18512647484131245,0.38109963638392197,DCR,0.13504389710006098,-0.0857789249339155,AAVE,0.10771847117193034,-0.42230891009030336,ETC,0.10444107062063898,-0.447513479989361
2023-08-30,Custom_Risk_2_neutral,7,BTC,0.14704908196202174,0.7156365212444353,INJ,0.10282584918023836,0.5611571475364534,ETH,0.15677297048073346,0.43529595170403357,GNO,0.17025014822678125,0.16569336756713202,BNB,0.17588386689444316,0.15788592672592014,ETC,0.11320650118806214,0.0334096504910419,AAVE,0.13401158206771982,-0.3042200328282655
2023-09-06,Custom_Risk_2_neutral,7,BTC,0.14385569168259882,0.7295143995871607,ETH,0.19093578663972713,0.23275879706280792,DCR,0.09903960696803508,0.15190096253537855,GNO,0.1644182665538996,0.1174570001687926,BNB,0.20962396989557286,0.09372627208654602,BCH,0.06049773344613063,-0.039163062715299346,ETC,0.13162894481403606,-0.36945121874575826
2023-09-13,Custom_Risk_2_neutral,7,ETH,0.1494855588215469,0.4031410368977159,BNB,0.17343419511302446,0.3465951646086312,BTC,0.13522923747189974,0.3244888901386471,GNO,0.1345262925783392,0.3034117566367589,ETC,0.18720627415175375,0.15823839370312642,DCR,0.09776689189208075,0.04644724149593373,AAVE,0.12235154997135513,-0.11892625736799106
2023-09-20,Custom_Risk_2_neutral,7,BTC,0.1716316945757185,0.8804595922860781,BNB,0.18498085915594603,0.42445277290921624,ETH,0.14690417553973834,0.4170318146770131,GNO,0.12760690333361907,0.24455510094088467,ETC,0.15212534197238975,0.004947447989617881,DCR,0.11050208572162205,-0.09144803316987199,INJ,0.10624893970096616,-0.1315210840302626
2023-09-27,Custom_Risk_2_neutral,7,BTC,0.20392296806994026,0.7645929994011625,AAVE,0.06320135068838419,0.3377123233526831,ETH,0.19124693361996212,0.12992262933675364,GNO,0.1548265056918249,0.0715933584999116,BNB,0.220468224631562,0.01543946427432033,INJ,0.07410118988569526,-0.0778419750807989,DCR,0.09223282741263128,-0.13073838107973063
2023-10-04,Custom_Risk_2_neutral,7,BTC,0.17083851133202374,0.5129109970541058,BNB,0.24877101550349223,0.38324393832357023,ETH,0.13116252864154368,0.12865938273540234,GNO,0.1343787082126563,0.05927249188531153,DCR,0.10946925499151115,-0.005297253538403324,ETC,0.1286126957821818,-0.016018227593695936,BCH,0.07676728553659125,-0.01849787012637269
2023-10-11,Custom_Risk_2_neutral,7,BTC,0.18168278218880735,0.6268545749391361,BCH,0.10227707233494283,0.3256377708270327,ETH,0.13247434334214894,0.2439686028621152,BNB,0.2293313394572119,0.03783218256905235,GNO,0.1393119470854915,-0.12747814377179867,ETC,0.1430496852627878,-0.14263825199256278,AAVE,0.07187283032860964,-0.20724816760232748
2023-10-18,Custom_Risk_2_neutral,7,BTC,0.12537911226696838,0.7185710749711719,ETH,0.12623051077342792,0.2550623646860367,BNB,0.14899499914165693,0.21664663844270055,DCR,0.21296620925603268,0.2056066965054404,ETC,0.15336002175162586,0.06913198016001804,AAVE,0.09957447358496316,-0.049079303781725675,GNO,0.133494673225325,-0.22691029738652904
2023-10-25,Custom_Risk_2_neutral,7,BTC,0.11014818394911759,0.7838463320829641,BNB,0.17538177760850307,0.4469155265461393,ETH,0.15189285480754453,0.26986365792172734,ETC,0.15346438419997233,0.06663418362640909,DCR,0.20535522272285373,0.019674105394240943,BCH,0.0933557782298754,-0.0526920023732952,GNO,0.11040179848213334,-0.06894018853543966
2023-11-01,Custom_Risk_2_neutral,7,BTC,0.11208968663439134,0.748847871913338,ETH,0.17839381308831528,0.3563349946292893,BNB,0.19732664704186745,0.1679583054819162,DCR,0.1807115808591509,-0.030380646544926587,BCH,0.09806411789233029,-0.0324480268055759,GNO,0.09569821970758433,-0.1509062958448899,ETC,0.13771593477636046,-0.19067081431440602
2023-11-08,Custom_Risk_2_neutral,7,BTC,0.25331794240315914,0.923461225543289,ETH,0.19544022622093882,0.47531012892561103,ETC,0.11495647727926997,0.13914762241184309,BNB,0.13029877332854187,0.07718220005120262,INJ,0.05702461036288933,0.0575512869684099,BCH,0.13661702809076828,-0.030453232885158887,DCR,0.11234494231443254,-0.13623646841442932
2023-11-15,Custom_Risk_2_neutral,7,BTC,0.18349273038341765,0.6060042259738955,BNB,0.1608642884008265,0.17827375264138062,BCH,0.2427907357121865,0.13520860212422242,INJ,0.07275141934628183,0.1295393773603422,AAVE,0.0878209337237925,0.03394796160086705,ETH,0.10797597618898458,-0.01764488535692385,DCR,0.14430391624451042,-0.03376678928776641
2023-11-22,Custom_Risk_2_neutral,7,BTC,0.16538762317432992,0.6314383906342707,ETH,0.11654816523449932,0.13787068599498759,DCR,0.1529701382723391,0.12413321869150126,BNB,0.12669010075029316,0.10314474218088246,BCH,0.26143718773789976,0.09886817142575918,ETC,0.10587620627773432,-0.030098130098041576,INJ,0.07109057855290447,-0.1879882295969706
2023-11-29,Custom_Risk_2_neutral,7,GNO,0.12026204321635962,0.6200486672164889,BTC,0.16034701282861008,0.5386033481715141,ETH,0.1389801513048211,0.2742889556861468,DCR,0.13594137193019495,0.13797789161259116,BNB,0.10186522784999905,0.07373470001651738,BCH,0.21057151874027552,-0.038876307765918834,ETC,0.13203267412973968,-0.09879098428599964
2023-12-06,Custom_Risk_2_neutral,7,GNO,0.08047956288666658,0.3965854928901026,BTC,0.12606672947527173,0.3210539893317491,DCR,0.1663520994983357,0.14375082738867073,ETH,0.13996180235857933,0.09574057672454922,BNB,0.22109263469720467,0.0618008131728697,AAVE,0.11254806024894622,-0.031647300252070854,ETC,0.15349911083499576,-0.19658010952418398
2023-12-13,Custom_Risk_2_neutral,7,BTC,0.13094614078829317,1.0673893708411542,ETH,0.1350402571197127,0.5144367233371846,BCH,0.09965571428421292,0.06588709156537303,ETC,0.10749641581569828,0.04236098050895035,DCR,0.14704655383237814,0.003875295075964111,BNB,0.2482201316894305,-0.08059146777481875,AAVE,0.13159478647027434,-0.08266991049575001
2023-12-20,Custom_Risk_2_neutral,7,BTC,0.16763143706570863,0.6663230597972276,ETH,0.15555246472896206,0.36107880245413293,BNB,0.19350943920995994,0.0839928093075698,DCR,0.1617059581169568,0.07971510965974504,BCH,0.14983401220314693,-0.027906719424773893,GNO,0.06358650650802469,-0.06300607860683252,ETC,0.10818018216724093,-0.08143298343223994
2023-12-27,Custom_Risk_2_neutral,7,BTC,0.26466249561931215,0.9187532244203018,ETH,0.18861110851532897,0.5411779290712952,INJ,0.06309068264048477,0.17280864251131245,ETC,0.12438624330922718,-0.11070982426421082,BNB,0.12491347948002389,-0.12797216204174855,BCH,0.11829857910899186,-0.17935083246801964,AAVE,0.11603741132663128,-0.1826738701581654
2024-01-03,Custom_Risk_2_neutral,7,BTC,0.26105842868916446,0.427343199614893,ETH,0.19236097765343643,0.26063323952597084,DCR,0.0748131293952041,0.21827159932999785,INJ,0.08493706018835759,-0.017478291129621612,BNB,0.1487833814821865,-0.045157933510979825,ETC,0.1312890233385117,-0.04646125867764135,BCH,0.10675799925313924,-0.15880893896808956
2024-01-10,Custom_Risk_2_neutral,7,BTC,0.1704391789952956,0.7374382556379645,BNB,0.2786093734981148,0.7100333350197325,ETH,0.12841056392704667,0.23439525971809366,DCR,0.09965215044514716,0.0600743693209993,AAVE,0.09089860599870925,-0.050615233630114026,BCH,0.10200933640789363,-0.14551276482524442,GNO,0.1299807907277927,-0.1686915103955537
2024-01-17,Custom_Risk_2_neutral,7,BTC,0.18463014372905978,1.064980561547352,ETH,0.163539961774559,0.4614272954676759,BNB,0.23089751837847958,0.0970055447809938,AAVE,0.12855326296893937,-0.062088755757700204,BCH,0.13461133158912272,-0.06601190389792656,INJ,0.07831602916301227,-0.2746542534212983,ETC,0.07945175239682728,-0.2766513543818509
2024-01-24,Custom_Risk_2_neutral,7,ETH,0.16692295935106438,0.5543869279940308,BTC,0.16049757049747218,0.43744530122535863,BNB,0.1741090313458762,0.002301261090382145,GNO,0.150869517605355,-0.008150137645494285,ETC,0.08792153971672834,-0.05060004592828993,INJ,0.08792514478462295,-0.1342149208968928,DCR,0.1717542366988809,-0.13766097964851914
2024-01-31,Custom_Risk_2_neutral,7,BTC,0.15268047355504752,0.5202992938570096,ETH,0.15739920299773538,0.4515885130898761,BNB,0.17989974041434104,0.39667832826947264,BCH,0.1935724774144203,0.29627444508107803,AAVE,0.11937322877775525,0.13542268060757184,GNO,0.09916407633843843,-0.017829027316057927,ETC,0.09791080050226202,-0.2442316001103317
2024-02-07,Custom_Risk_2_neutral,7,BTC,0.1669192886714363,0.6814049205435991,BNB,0.18586159010564982,0.368819803428771,ETH,0.17693713087300117,0.21857055773950773,BCH,0.16983049199849687,0.08206623907458725,ETC,0.1121514422548641,-0.05606026849448352,AAVE,0.10075099055540651,-0.21474931357721383,GNO,0.08754906554114542,-0.27338644331034645
2024-02-14,Custom_Risk_2_neutral,7,BTC,0.17018810997166897,0.6206334111439535,BNB,0.18446184001895266,0.4301167454667768,ETH,0.13655216031474607,0.22433830275714187,ETC,0.1362268773144071,0.13092997816925303,GNO,0.1199864157320503,0.07424575133899808,AAVE,0.145104695697674,-0.21964763077620142,DCR,0.10747990095050095,-0.3007906128475735
2024-02-21,Custom_Risk_2_neutral,7,BTC,0.19486511934300157,1.0033274328086321,ETH,0.14905357715185769,0.4476404756995366,GNO,0.1329486814939308,0.16024115005050882,ETC,0.1361877192201333,0.0930211903111259,BCH,0.08622921834645883,0.08638876688252084,AAVE,0.17272731145569034,-0.1847344439500317,BNB,0.12798837298892737,-0.3236754631434365
2024-02-28,Custom_Risk_2_neutral,7,ETH,0.1842086892777371,0.7151205394697974,BNB,0.1276637332270576,0.6027047478942138,BTC,0.12228010984165735,0.517136922426487,GNO,0.13708601278507018,0.11895697084022466,AAVE,0.1540558586191477,-0.04171564747676271,ETC,0.13375155635859043,-0.07621655202195982,BCH,0.1409540398907398,-0.09037097731053395
2024-03-06,Custom_Risk_2_neutral,7,BTC,0.137841066389137,0.8545367095826055,GNO,0.15590721802728824,0.6902351805701121,ETH,0.22123944530108938,0.5804570479862408,BNB,0.15975861100202346,0.3556592253694659,INJ,0.09799412096929744,0.11363272115247394,DCR,0.11238755535374692,-0.15612977045835447,ETC,0.11487198295741752,-0.46870451451454465
2024-03-13,Custom_Risk_2_neutral,7,BTC,0.19495292709340706,0.7140567455890764,ETH,0.24554956744040862,0.7038808833379337,GNO,0.15641569434789598,0.32042465635870543,ETC,0.12171957272992948,0.2621407834632755,DCR,0.13013559974417013,-0.11077238182329582,AAVE,0.10373238768275869,-0.1189401115352805,BCH,0.04749425096143012,-0.40096625871186065
2024-03-20,Custom_Risk_2_neutral,7,DCR,0.11897187162923502,0.39436275248032865,BTC,0.1872053164275965,0.3528690160870786,ETH,0.1654759009939444,0.3168796455493073,BNB,0.11567506129382468,0.23818939902805156,GNO,0.13044407286734722,0.1852981153832296,AAVE,0.1317885462414774,-0.10704859680508158,ETC,0.15043923054657496,-0.11991754652884963
2024-03-27,Custom_Risk_2_neutral,7,BTC,0.16709951746197146,0.9698422476367459,ETH,0.15102251145803633,0.5375672494845543,BNB,0.15858858430987027,0.5317966722831498,GNO,0.13238615083531394,-0.1382195425520939,AAVE,0.13180646588269712,-0.1403075580413643,ETC,0.13884180264078078,-0.17777991909206098,DCR,0.12025496741133022,-0.22850501982099952
2024-04-03,Custom_Risk_2_neutral,7,BTC,0.1678458868420786,0.846543071232915,ETH,0.1549463170228268,0.351959947993892,BNB,0.1762628207960094,0.23631760779635808,DCR,0.10821189542887479,0.03049238108716451,GNO,0.14830893701455958,-0.03718307605224589,AAVE,0.12142525596533159,-0.15617798004599048,ETC,0.12299888693031906,-0.30206037631932725
2024-04-10,Custom_Risk_2_neutral,7,BTC,0.19429164479616523,0.8664843287703055,ETH,0.15188323144531476,0.3359158089714293,BNB,0.17459646976093143,0.26133832446992455,INJ,0.1450055372245755,0.06675117684134413,BCH,0.08293836562067493,-0.03922640576760998,GNO,0.14276663326330885,-0.18695324505381178,ETC,0.10851811788902924,-0.3870405071072032
2024-04-17,Custom_Risk_2_neutral,7,BTC,0.20744715897968147,0.6948903888218855,BCH,0.09105053978261009,0.2503268417584251,ETH,0.14975890480036305,0.2280712385872765,BNB,0.20664384383812318,0.16810689056811673,AAVE,0.08197392595255384,0.015030637846582706,GNO,0.168492382298452,-0.10668701587613125,ETC,0.09463324434821642,-0.11066933468565143
2024-04-24,Custom_Risk_2_neutral,7,BTC,0.21949926892802793,1.140726427632466,ETH,0.1745846543299765,0.5161264601299638,BNB,0.21034963365065598,0.2901556049579918,GNO,0.1167152005786027,0.24151200265803419,BCH,0.09741471214110742,-0.07576393544499888,ETC,0.1010929147838412,-0.19813287889491743,INJ,0.08034361558778824,-0.47077525986601143
2024-05-01,Custom_Risk_2_neutral,7,BTC,0.18581286356375784,1.0719014712097676,BNB,0.2082222810682885,0.6835302995877002,ETH,0.17407712109132709,0.24155736209262757,DCR,0.11228928917628726,0.22923013296033917,GNO,0.08984409199880594,-0.09352953150903744,BCH,0.1179515574147309,-0.15800667683710792,INJ,0.11180279568680239,-0.5890796510076683
2024-05-08,Custom_Risk_2_neutral,7,BTC,0.14069155014556098,0.7013876630562879,ETH,0.14618062128433706,0.6737148584019311,BNB,0.18468662425531124,0.6179023388640934,GNO,0.1689102943780612,0.478441536152909,DCR,0.09951204062809964,-0.39391501416616104,AAVE,0.13845465690247594,-0.44501631174849615,ETC,0.12156421240615391,-0.449753354412443
2024-05-15,Custom_Risk_2_neutral,7,BNB,0.1862862061078103,0.8361067826677794,BTC,0.13053271691654933,0.4193076879742291,GNO,0.1618053304186707,0.39614543958188764,ETH,0.162618458433299,0.36819728715937633,ETC,0.13057705077604073,0.1255727611904205,AAVE,0.11597454491680123,-0.2895434019474198,BCH,0.11220569243082876,-0.4439045394392428
2024-05-22,Custom_Risk_2_neutral,7,BTC,0.16996204922602287,1.2549019438361055,BNB,0.25089199949727375,0.8721788505494859,BCH,0.1481250179835473,0.12614337493781963,DCR,0.10262827645514201,-0.06940333719141217,ETH,0.10666676021018077,-0.07136720865906443,ETC,0.10884038752942767,-0.08294707226022802,AAVE,0.11288550909840543,-0.22835449000268923
2024-05-29,Custom_Risk_2_neutral,7,BTC,0.19000190910769893,0.9984245974292261,BNB,0.2548609000093634,0.54813004941471,ETH,0.09317424628746131,0.49461170623041967,BCH,0.15873963610654293,0.26954323416826964,ETC,0.0926837523295312,-0.15387073730185064,DCR,0.11536607831796922,-0.2834970091556,INJ,0.09517347784143303,-0.3362431755399256
2024-06-05,Custom_Risk_2_neutral,7,BTC,0.21530890169959913,0.8661718088689545,ETH,0.21587038171060127,0.6662845701837247,AAVE,0.11357282202463562,0.1826798975066792,ETC,0.10718705672037099,0.10523848231956914,BCH,0.13698504391464147,-0.132707015326247,GNO,0.10706709295536064,-0.314060171290107,BNB,0.10400870097479079,-0.3380734330809683
2024-06-12,Custom_Risk_2_neutral,7,BTC,0.2244320255698429,0.8865277659936833,ETH,0.17737697506757624,0.6692064612485783,BNB,0.08580614749161927,0.5058617352069625,AAVE,0.13865921326343844,0.23470945318299952,BCH,0.1349146913524616,-0.0034493371167630474,ETC,0.13248759212021513,-0.09739457369248813,GNO,0.1063233551348464,-0.41321265385949996
2024-06-19,Custom_Risk_2_neutral,7,BTC,0.29085998652912487,0.8097479666163445,ETH,0.16519966747267237,0.4103708240238805,BNB,0.1343792432227918,0.10034223357140132,INJ,0.05072266944071841,0.09877782568639615,BCH,0.1358846910208628,0.05788672473221557,GNO,0.09896459636389128,-0.2466529787668763,ETC,0.12398914594993862,-0.3312862509357261
2024-06-26,Custom_Risk_2_neutral,7,BTC,0.19985798841529784,1.1928387746113422,ETH,0.18604649199289064,0.8206197632043848,GNO,0.11251750475838605,0.4888643346941708,BNB,0.20166422127363687,0.48262687568003154,BCH,0.09446522995422493,-0.13261361151333695,ETC,0.1249580633059969,-0.20565640266168356,AAVE,0.08049050029956663,-0.5346121469601218
2024-07-03,Custom_Risk_2_neutral,7,BTC,0.15933252059817332,0.6842337182358527,ETH,0.2024743779690471,0.6324043953801528,BNB,0.18233526523431906,0.30409989349141653,AAVE,0.07706491283885175,0.2521680090301531,ETC,0.1698262771740006,-0.07160468055203112,GNO,0.09742719710385714,-0.2468679829549039,DCR,0.11153944908175123,-0.29671358457716224
2024-07-10,Custom_Risk_2_neutral,7,BTC,0.21106194450250498,1.078227611993674,ETH,0.17639543785980324,0.8886555134590153,BNB,0.13908955302590417,0.3670813402929406,ETC,0.15295504982200986,0.14377855010532745,BCH,0.1074619382181616,-0.15559537574420484,GNO,0.10921599603758028,-0.29745968118933924,INJ,0.10382008053403578,-0.6345297402242525
2024-07-17,Custom_Risk_2_neutral,7,BTC,0.1855445585382808,1.016629618973849,ETH,0.15494162042027157,0.6120574840837444,AAVE,0.13231680280511593,0.2447756591559575,BNB,0.12876089676179087,0.2280161180810877,GNO,0.12265756849476767,0.014971179738769824,ETC,0.13465373831711733,-0.1467847552990472,DCR,0.14112481466265575,-0.18321225989849213
2024-07-24,Custom_Risk_2_neutral,7,BTC,0.17876955584628404,0.7259741784808404,ETH,0.1569721720218052,0.45228236528076615,AAVE,0.13402695293099393,0.27967343002963563,DCR,0.13872456904174893,-0.03414783530256099,BNB,0.1658029705120471,-0.09078078519318133,ETC,0.13857230195851958,-0.2589861098959386,INJ,0.0871314776886011,-0.3126431488136084
2024-07-31,Custom_Risk_2_neutral,7,BTC,0.18619639723606599,1.1499435484222733,ETH,0.15207961759318064,0.6980894558031273,BNB,0.20219700869018908,0.3772901751920525,ETC,0.14040029051472178,0.20418697479650283,GNO,0.1279257906590623,-0.22643457070201217,INJ,0.08241538448943052,-0.3748518870346805,AAVE,0.10878551081734965,-0.47309025921280073
2024-08-07,Custom_Risk_2_neutral,7,BTC,0.16256468500972604,0.7431818605934295,ETH,0.1294932507577409,0.49997361570109417,BNB,0.15769510484790442,0.18651049331169917,BCH,0.10284420500844675,0.014451148051592894,ETC,0.16552952168112622,-0.05282116086397465,GNO,0.16011457735599155,-0.29911767459504846,DCR,0.12175865533906395,-0.331304924949901
2024-08-14,Custom_Risk_2_neutral,7,BTC,0.15226382313168985,1.0417777544640991,AAVE,0.12245496974272138,0.40496268853293477,ETC,0.16677688161482357,0.35949195978183546,BNB,0.16134203048684553,0.3362805031926567,DCR,0.16101617667315568,0.22522581779636508,ETH,0.11774543547817018,0.01658997999777581,BCH,0.11840068287259388,-0.06989066616929057
2024-08-21,Custom_Risk_2_neutral,7,BTC,0.1538205047551811,0.940295670109877,BNB,0.17789370462230086,0.3058804259123858,ETC,0.1759933270292979,0.2340236706108521,ETH,0.12832491677076743,0.232964617894718,BCH,0.12115460838786049,-0.10055363295617835,AAVE,0.12669477894831124,-0.1696358760141895,GNO,0.11611815948628101,-0.17626081421526815
2024-08-28,Custom_Risk_2_neutral,7,AAVE,0.08803680763989907,0.6323281309845451,BTC,0.16083313996217963,0.5510932444241845,BNB,0.17074661817512982,0.3264720718062586,BCH,0.16114012047501142,0.021461895104369466,ETC,0.1626358263094075,-0.029633274926484016,ETH,0.13734411085618112,-0.05959181169532446,GNO,0.11926337658219138,-0.36383590601430993
2024-09-04,Custom_Risk_2_neutral,7,BTC,0.16263781922894593,0.7990674995393534,BNB,0.2063154587573666,0.5827378531466586,ETH,0.1243668476754871,0.2091489062641837,ETC,0.14295451494129774,0.1116441084517028,BCH,0.14877389974961844,-0.09493073806810534,DCR,0.11309330467570677,-0.21723087949009365,GNO,0.10185815497157726,-0.32096025008722495
2024-09-11,Custom_Risk_2_neutral,7,BTC,0.16279293838026662,0.9270225949351312,ETH,0.12514204844211121,0.43403377275570554,ETC,0.1622413730120443,0.10407719350719935,BNB,0.175435777257784,0.10077467312846818,DCR,0.14383977883933255,0.08533457429655428,GNO,0.10361393125478201,-0.06047406109516651,BCH,0.12693415281367926,-0.29476204996099115
2024-09-18,Custom_Risk_2_neutral,7,BTC,0.14805577198113737,0.32116720546265287,AAVE,0.09053200639536699,0.26146675811959463,ETC,0.18819772704183954,0.25621584072852743,BCH,0.13171649742013128,0.20300411905488117,DCR,0.1390374444082354,0.18801383573173058,ETH,0.13112345819580087,-0.0008665025801613737,BNB,0.17133709455748866,-0.006360727493324392
2024-09-25,Custom_Risk_2_neutral,7,BTC,0.17614776507795465,1.0495183722447716,BNB,0.15147500477439726,0.3905132731567554,DCR,0.11383844363957857,0.2949525561654478,ETC,0.16835703889418804,0.15193957932688404,BCH,0.1420264762577326,-0.011361014171061654,ETH,0.1320617096428862,-0.10203659058237052,GNO,0.11609356171326266,-0.4963523557957149
2024-10-02,Custom_Risk_2_neutral,7,BTC,0.20847407751922514,0.5376606103455339,AAVE,0.09858434492765832,0.3067862139956348,BNB,0.16953261599503328,0.24572255561584466,ETH,0.13803108444738416,0.09938752124232823,DCR,0.13170786111431462,-0.10579692924269139,INJ,0.10754289352239331,-0.14710479265284518,BCH,0.14612712247399107,-0.16493495393888113
2024-10-09,Custom_Risk_2_neutral,7,BTC,0.1901915272995097,1.0555852207628833,ETH,0.15607378902169258,0.290955177281463,BNB,0.1719506336306463,0.068779241785236,INJ,0.08643437213265705,0.03613031814568607,ETC,0.13003990179439065,-0.021323635966135325,BCH,0.1539550888150957,-0.08318630764789758,AAVE,0.11135468730600802,-0.3172807828945655
2024-10-16,Custom_Risk_2_neutral,7,BNB,0.2083263348367574,0.790438842097151,BTC,0.1611363635270846,0.7078579018466754,DCR,0.1351810233366421,0.274691759971209,ETC,0.1648025118377565,0.22159443852354227,ETH,0.14333718923601002,0.06860759385636024,GNO,0.11325300612088827,-0.08628295337378993,INJ,0.07396357110486129,-0.565304602765394
2024-10-23,Custom_Risk_2_neutral,7,BTC,0.17596166876871747,0.8187229645943033,BNB,0.24091154579197233,0.42612000630531227,ETH,0.12869599770937665,0.20698712703990718,ETC,0.14407415508381757,-0.0025274348009089592,BCH,0.07898071656368225,-0.10967437775860936,DCR,0.12697664302404849,-0.15171861216283128,AAVE,0.10439927305838533,-0.178403833439352
2024-10-30,Custom_Risk_2_neutral,7,BTC,0.18364957109320063,0.6325166283076299,BNB,0.20703677848237206,0.46448143383263873,ETH,0.14063948516326125,0.17660604960649467,DCR,0.1259510628341979,0.09848897473547565,ETC,0.1474419133976938,-0.041911261136260446,GNO,0.08436389499410892,-0.1831892219332215,AAVE,0.11091729403516543,-0.2959974878705181
2024-11-06,Custom_Risk_2_neutral,7,BTC,0.17166904099611516,0.9924273237462059,BNB,0.21875072952688612,0.42939478906851347,ETH,0.12881154348869286,0.2356049011975606,ETC,0.16590231067268954,0.1859055304486824,DCR,0.11357902381733194,0.03990417598184909,BCH,0.11289869761060388,-0.016024740649570726,GNO,0.08838865388768047,-0.1955724048948969
2024-11-13,Custom_Risk_2_neutral,7,BTC,0.17339735465405853,0.6105691005895486,GNO,0.1210963673680908,0.5054668728677193,BNB,0.21405690552914383,0.30186514702685857,DCR,0.12363537963826184,0.10435614421640732,ETH,0.14028836440500958,-0.013435531706908588,ETC,0.14895306471302497,-0.13500990145127523,AAVE,0.0785725636924105,-0.16098569442139632
2024-11-20,Custom_Risk_2_neutral,7,BTC,0.17207794737011892,1.0128218864080833,ETH,0.1524177046487467,0.49546416387283787,GNO,0.14268718048533216,0.29350650620962626,BNB,0.22364840170839045,0.24235564882955032,BCH,0.10053993474800128,-0.14519840042346907,AAVE,0.10706222361972416,-0.23806092184383376,INJ,0.10156660741968623,-0.3606813200763038
2024-11-27,Custom_Risk_2_neutral,7,BTC,0.18709222593866826,1.4998953432825437,BNB,0.22033539443621689,0.3572522053990519,GNO,0.1473953608416976,0.3533712324760756,ETH,0.12679976582878788,0.34973858415382153,BCH,0.11113751441333598,-0.030867300313542664,ETC,0.08195524899157629,-0.23553041783914175,DCR,0.12528448954971724,-0.4503950364749095
2024-12-04,Custom_Risk_2_neutral,7,BTC,0.21188142150815326,1.032228598457266,ETH,0.13265854375340713,0.5769793095892082,GNO,0.1816891151433702,0.2706372717608467,ETC,0.10258113574835662,0.1299799785184388,BCH,0.14239913504426305,-0.07931564060152105,INJ,0.09672343369497595,-0.21449956594724945,BNB,0.13206721510747382,-0.2732184603830817
2024-12-11,Custom_Risk_2_neutral,7,BTC,0.27607773607895947,0.6419006383151744,ETC,0.09207960504813127,0.2832620923821503,ETH,0.16398395476209904,0.14622212852798452,BCH,0.12153698204861682,0.09013479455448714,BNB,0.1354759978498769,-0.04197278085765579,GNO,0.13894946057798724,-0.09391835132205222,DCR,0.07189626363432924,-0.1120512756685233
2024-12-18,Custom_Risk_2_neutral,7,BTC,0.22751896892656753,0.6740802792882981,ETH,0.16376891442916083,0.3208268263643881,BCH,0.12358283688728496,0.012524104269188,BNB,0.19648020633622856,-0.04287067569004112,ETC,0.094744793632888,-0.07772395693831072,DCR,0.07633842872116267,-0.09810497044205893,GNO,0.11756585106670747,-0.13622914236171565
2024-12-25,Custom_Risk_2_neutral,7,BTC,0.22499043662920765,0.9520333508902943,ETH,0.16791974739673707,0.5661649567546226,BNB,0.19921843360737532,0.09708948554988758,ETC,0.11982918352697765,-0.010647765273664678,BCH,0.13704930165889234,-0.013218006216615341,AAVE,0.062304077462701106,-0.2461392995552097,INJ,0.08868881971810878,-0.3042785736049413
2025-01-01,Custom_Risk_2_neutral,7,BTC,0.24649664912391098,0.8141692783019092,ETH,0.16986469381457292,0.26097368286914907,AAVE,0.06054980518699904,0.2101928409974394,DCR,0.10100950511916941,0.03694121625338154,GNO,0.12459710210290752,-0.02175983607320521,BNB,0.16844216152787866,-0.10352511098385625,BCH,0.1290400831245614,-0.30891792056703704
2025-01-08,Custom_Risk_2_neutral,7,BTC,0.19366299145051868,0.7538504274496691,GNO,0.15607583891990318,0.4389503486972254,BNB,0.20345196349235617,0.3673141728479413,ETH,0.14511309918873838,0.31663606103094266,AAVE,0.08481880186645206,0.09176256570323171,BCH,0.12499798709026588,-0.0751166085086245,DCR,0.09187931799176563,-0.3560308930984608
2025-01-15,Custom_Risk_2_neutral,7,BTC,0.17816085253004457,0.9426391641145907,BNB,0.25562419158786986,0.7824678579249643,GNO,0.13614780477651442,0.4762491540747298,ETH,0.11914916114704523,0.42295228483347713,BCH,0.10896228519059681,-0.25413354006810973,ETC,0.10932457733995864,-0.4668586614366224,DCR,0.09263112742797035,-0.5358684968237332
2025-01-22,Custom_Risk_2_neutral,7,BTC,0.1822662216917705,0.8091888718212846,BNB,0.261067534849889,0.47432251561114236,ETH,0.1202850925035012,0.36302180315888033,GNO,0.13252168632615055,0.2107846428669448,BCH,0.0976280466783646,-0.08929652033205933,ETC,0.11861427900643788,-0.2061394252437418,DCR,0.0876171389438862,-0.39419535993164184
2025-01-29,Custom_Risk_2_neutral,7,BTC,0.19953947087487556,0.8075168705957465,BNB,0.22635348485423376,0.2714942924991556,ETH,0.14331655563564766,0.26946895215545474,AAVE,0.0756740928568934,0.22203657644122865,GNO,0.14831124771442686,0.015241491047386112,ETC,0.09820465141476403,-0.08590770990707333,BCH,0.10860049664915872,-0.11908275070424477
2025-02-05,Custom_Risk_2_neutral,7,BTC,0.24183187199712783,0.9019623414500615,ETH,0.13768171440351382,0.3944312152457864,BNB,0.1811029165203445,0.36190272293625425,BCH,0.1180729387992614,0.16008905107042826,ETC,0.10139559427047823,0.1297887055675284,GNO,0.14588162811219896,-0.036050355772172415,INJ,0.07403333589707521,-0.27834982397544944
2025-02-12,Custom_Risk_2_neutral,7,BTC,0.26229279908356884,1.3746693313788219,ETH,0.1365602531681646,0.6571240542968009,GNO,0.15330813445855745,0.15030525827783625,ETC,0.11540423079029741,-0.001947323999995875,BCH,0.12346785728851992,-0.029640425735953088,AAVE,0.07947679844139133,-0.05385982104031975,BNB,0.12948992676950044,-0.09595726154287848
2025-02-19,Custom_Risk_2_neutral,7,BTC,0.30679515997026907,1.1458248513491514,BNB,0.09960468613640665,0.6513421920341658,ETH,0.12873849481990635,0.39849779412806996,BCH,0.1517696219835882,0.2513624192623439,DCR,0.09261331945297181,0.2215059875584637,ETC,0.10919113367244775,-0.006785059005713318,GNO,0.11128758396441046,-0.09023261264725252
2025-02-26,Custom_Risk_2_neutral,7,BTC,0.22447069180082024,1.0154885511549365,ETH,0.1189736929533906,0.34290342493993736,BNB,0.1820637325724274,0.1568952460139899,AAVE,0.08915991615675227,0.11875157877997378,GNO,0.10933553293245764,0.031283824970917425,DCR,0.1459094774186914,-0.02851892213020296,ETC,0.13008695616546048,-0.062156941301836376
2025-03-05,Custom_Risk_2_neutral,7,BTC,0.1745696098285377,0.8799343761065654,BNB,0.21836183183071797,0.66295063487263,DCR,0.14745179849752652,0.5808194126830242,ETH,0.11198314756425011,0.3211578415701848,GNO,0.12488428194194741,0.13616563133020185,ETC,0.12846515091458005,-0.09686883536071185,INJ,0.09428417942244008,-0.1689021454621188
2025-03-12,Custom_Risk_2_neutral,7,BTC,0.17419448532257642,0.7837975542687923,BCH,0.11626529221561022,0.2485069005570507,ETH,0.12090929855246729,0.2405666213816089,BNB,0.21487268220986946,0.1537799321609672,ETC,0.12456006380352173,0.04479324394436908,AAVE,0.09004017745323876,-0.06611674731558492,DCR,0.15915800044271614,-0.08851984696524529
2025-03-19,Custom_Risk_2_neutral,7,BTC,0.16555270194646415,1.1478010630045958,BCH,0.13347570172577475,0.8749346430340049,BNB,0.1625669278374504,0.30672344276395946,ETC,0.12734916021775358,0.22018862662594946,DCR,0.15870328803822728,0.14653559460050852,ETH,0.13344043450866772,0.02935494469798025,GNO,0.11891178572566209,-0.3138773076131827
2025-03-26,Custom_Risk_2_neutral,7,BTC,0.15336776559825974,0.8866543535176791,BNB,0.15091867835336198,0.5065925487005372,BCH,0.1181504085479511,0.44325057775302923,ETC,0.16366330566872178,0.30014912086757745,ETH,0.1322123038227408,0.2828380785614792,DCR,0.16338311802232117,0.054666146890604894,GNO,0.11830441998664336,-0.12496708368340315
2025-04-02,Custom_Risk_2_neutral,7,BTC,0.17315397237116736,0.7316682722484832,DCR,0.12271455852249061,0.35188726512096463,BNB,0.17683332552933562,0.2483586447038929,BCH,0.13862282032307965,0.09729856196340537,ETH,0.11246920983194489,0.07557516467014323,ETC,0.15255581711721652,0.012557698689489756,GNO,0.12365029630476537,-0.21357271571109504
2025-04-09,Custom_Risk_2_neutral,7,BTC,0.17902455394517916,1.1371647331145556,BNB,0.21583472463120795,0.8113777239755862,ETH,0.1050418791046064,0.24883629266510404,ETC,0.1356870427161092,0.13332925765417947,GNO,0.11586474605586643,0.07907923198776139,BCH,0.12210812585515965,-0.19773322825780715,DCR,0.12643892769187118,-0.3198703295942238
2025-04-16,Custom_Risk_2_neutral,7,BTC,0.17974453256970357,0.985304428154598,DCR,0.12064220557702107,0.7096681044759294,BNB,0.25511897481892015,0.6390035058703419,ETH,0.1047250451973817,0.13131030317519973,ETC,0.14229635541028562,0.09434491982776037,BCH,0.10831424534349558,-0.4396871369257451,AAVE,0.08915864108319237,-0.4567662915083246
2025-04-23,Custom_Risk_2_neutral,7,BTC,0.16009665587192923,1.1822298038768146,BNB,0.2737992134123291,0.787712718211054,BCH,0.10027092146970638,0.295215772633622,DCR,0.09011113999211705,0.2672179175268282,ETC,0.1542839766842131,0.10491577802437381,GNO,0.12690148558334208,0.08397020897977645,ETH,0.09453660698636304,0.07188339606212366
2025-04-30,Custom_Risk_2_neutral,7,BTC,0.17186965544051558,0.7560910346695543,DCR,0.07662405015564486,0.6697937096566069,BNB,0.2540068032596319,0.254351420966814,ETC,0.130369844203192,-0.04515025984978206,ETH,0.10765653529318701,-0.09531463643415009,GNO,0.14859715551598335,-0.09821680770817592,BCH,0.11087595613184541,-0.21904651828459687
2025-05-07,Custom_Risk_2_neutral,7,BTC,0.19702383126608244,0.40701353073597524,ETH,0.19329732911961717,0.37152289561256824,BNB,0.2377623356744911,0.16354649461878085,TRUMP,0.02836507784449455,0.09530107077834199,ETC,0.10213430532320474,-0.011722256735754208,GNO,0.18137578964928788,-0.08490861951122135,BCH,0.06004133112282201,-0.1451999303792182
2025-05-14,Custom_Risk_2_neutral,7,BTC,0.24473236459292266,1.2036488688379479,BCH,0.11397160249207502,0.5564009499973415,BNB,0.22189391095219452,0.5198949160454578,DCR,0.15341671575842322,0.20970080593756824,ETC,0.10102033855136121,-0.176720209811678,ETH,0.08023568891184688,-0.24234357187062727,AAVE,0.0847293787411765,-0.34204668750557227
2025-05-21,Custom_Risk_2_neutral,7,BTC,0.24677924314808775,0.6180790000243455,ETH,0.07975230886363326,0.45804873920443645,INJ,0.07529295461609518,0.21786554646205972,ETC,0.09981300595724285,0.12237100210139662,BNB,0.21660901326875634,0.05736978319377865,BCH,0.13501109282519888,0.01572484406816082,DCR,0.1467423813209856,0.007140414105177469
2025-05-28,Custom_Risk_2_neutral,7,BTC,0.20405981209337595,0.9241674445026608,ETH,0.14811093735651673,0.3682880287233763,BNB,0.1921488759654669,0.18166437591686585,AAVE,0.10419518501281431,0.0518999758137008,ETC,0.12881377415686976,-0.03982196012803105,GNO,0.1266364813867281,-0.060960283718586805,DCR,0.09603493402822827,-0.1032856651838162
2025-06-04,Custom_Risk_2_neutral,7,BTC,0.2508664430774646,0.6815311937984839,ETH,0.14447764524141668,0.2905557731011811,INJ,0.05744361137275492,0.19935948030532757,BNB,0.20785514600308927,0.10289426017888376,AAVE,0.13548058248031355,0.009752832020563346,BCH,0.11310809938806554,-0.04763577605182408,DCR,0.0907684724368954,-0.19270014392725032
2025-06-11,Custom_Risk_2_neutral,7,BTC,0.2049256767254607,0.8497848135231819,BNB,0.21090092777460662,0.5253050478208552,ETH,0.1083416693776266,0.5208124318356109,DCR,0.1124181584375472,0.20052343052564836,GNO,0.10869727554881856,0.12854714797700884,BCH,0.13839049914199797,-0.09757508719860031,ETC,0.1163257929939425,-0.22223740941984158
2025-06-18,Custom_Risk_2_neutral,7,BTC,0.19995054375805318,0.8045980538474883,ETH,0.10886241826122378,0.44242985703425514,AAVE,0.07583615570385925,0.4020215094367361,BNB,0.23558304792189413,0.228886496341428,ETC,0.130096148538059,-0.09643650819949778,GNO,0.10704375511051435,-0.15789091545959252,DCR,0.14262793070639632,-0.20443968007234464
2025-06-25,Custom_Risk_2_neutral,7,BTC,0.22071439425162387,0.7575619223534495,ETH,0.11412564532906416,0.543197183237287,BNB,0.24747262371430256,0.3004123914439005,ETC,0.12587841744604977,-0.026538458737606616,DCR,0.11580586926069614,-0.08379530865563581,AAVE,0.08505359404063104,-0.1380754749500987,BCH,0.09094945595763256,-0.18418638669638948
2025-07-02,Custom_Risk_2_neutral,7,BTC,0.21676240047886938,1.2381292230817194,BNB,0.2278637636923869,0.5585977296313036,BCH,0.10180835762388889,0.25914058326479306,ETH,0.0963533569879518,-0.033380086033430845,DCR,0.11810713831609851,-0.07991030564847838,TRUMP,0.12829601370417573,-0.1198389938923421,ETC,0.11080896919662887,-0.1352828355824842
2025-07-09,Custom_Risk_2_neutral,7,BTC,0.20755761790695562,1.000874361912841,BCH,0.13102875687315454,0.6239087783614284,BNB,0.25986485359742995,0.5063621705849345,DCR,0.15472519879801216,0.005890774794828801,ETH,0.09176427665044831,-0.008528734625756845,ETC,0.1021339887112839,-0.19307635634656892,INJ,0.052925307462715405,-0.3915572256377041
2025-07-16,Custom_Risk_2_neutral,7,BTC,0.17672782108268256,0.80846192967946,BCH,0.12688148504109922,0.5774666323250915,DCR,0.1737559443010231,0.5053818939937457,BNB,0.22956642708412037,0.3821056130180849,ETH,0.08758324517333627,0.09889195041471094,AAVE,0.08998111248991258,0.058647932607467895,ETC,0.11550396482782582,-0.1279894198565533
2025-07-23,Custom_Risk_2_neutral,7,BTC,0.20444207877729895,0.8017993521335194,ETH,0.10786534652023326,0.6571612664772553,AAVE,0.10410361514746982,0.47966753980897203,GNO,0.11742007913880688,0.0438004336635782,BNB,0.2247541216417522,0.012692423187054547,DCR,0.13671255788804842,0.0020131873277467807,BCH,0.10470220088639046,-0.1926486083159533
