date,strategy,total_assets,asset_1_symbol,asset_1_weight,asset_1_score,asset_2_symbol,asset_2_weight,asset_2_score,asset_3_symbol,asset_3_weight,asset_3_score,asset_4_symbol,asset_4_weight,asset_4_score,asset_5_symbol,asset_5_weight,asset_5_score,asset_6_symbol,asset_6_weight,asset_6_score
2020-02-12,Custom_Risk_5_negative,6,BTC,0.2596732681367753,0.9779700153368117,ETH,0.14311385355417136,0.05011606493983578,DCR,0.1369193826828321,-0.018750339059306703,BCH,0.16631991185115094,-0.07932948073628496,ETC,0.151551655549448,-0.14117228836574097,BNB,0.1424219282256223,-0.3697240524934314
2020-02-19,Custom_Risk_5_negative,6,BTC,0.2596732681367754,0.7434332587558347,ETH,0.1431138535541714,0.08357981119594837,BNB,0.14242192822562233,0.04541809711260404,DCR,0.13691938268283213,-0.06144404176126271,BCH,0.16631991185115094,-0.08533200523277323,ETC,0.15155165554944802,-0.1250120529003212
2020-02-26,Custom_Risk_5_negative,6,BTC,0.2645303751775608,0.5921504102445965,ETH,0.15637616211727798,0.2581598098513502,GNO,0.12041423906118505,0.23860335277610903,BNB,0.19028508870230448,0.1778091359271011,BCH,0.14812390751865706,-0.15240580634810105,ETC,0.1202702274230146,-0.5479699794504229
2020-03-04,Custom_Risk_5_negative,6,BTC,0.26133931335286315,1.1204778212017954,ETH,0.1557070388769867,0.45615451461714895,GNO,0.128594894832354,0.0948506854602984,DCR,0.1485881096311794,-0.15931000970421383,BCH,0.13426050163957065,-0.2719663025478407,BNB,0.17151014166704617,-0.4688296843035127
2020-03-11,Custom_Risk_5_negative,6,BTC,0.22747887144297463,0.4973576603573928,DCR,0.19621360975822005,0.43602730596762335,BNB,0.1565502316695938,0.23849012254253638,ETH,0.14439751048928004,-0.07732067237442075,GNO,0.1461195240472283,-0.2983308565467221,ETC,0.12924025259270325,-0.31356078960419664
2020-03-18,Custom_Risk_5_negative,6,BTC,0.17322497543722798,0.709075305756586,ETH,0.14254494390514355,0.2996604247109261,GNO,0.21366797833301907,0.23712891503008024,DCR,0.17482150951147146,0.21720639091572894,BNB,0.15788968086140348,0.023099135677408927,BCH,0.1378509119517344,-0.7253843697359569
2020-03-25,Custom_Risk_5_negative,6,GNO,0.20261827018009937,0.9138044894953307,BTC,0.1690118825825968,0.5246737624586421,ETC,0.1581011530012923,0.016916287414730696,DCR,0.17047665134279635,-0.13395400642888705,BNB,0.15712723843237908,-0.3326605852629581,ETH,0.14266480446083615,-0.33604623212872936
2020-04-01,Custom_Risk_5_negative,6,BTC,0.15881095738588738,0.9420629336413837,DCR,0.17458548637793275,0.5119683090333373,ETC,0.23917933066706767,-0.09362743625361153,GNO,0.1351438644263625,-0.12025816655239506,ETH,0.15051545152981938,-0.2008349156456219,BCH,0.1417649096129302,-0.45598110998314245
2020-04-08,Custom_Risk_5_negative,6,BTC,0.16984098725697414,1.1075136967748955,DCR,0.16844761847676448,0.40364097336817206,ETC,0.20667687758726122,0.1715949523350688,BNB,0.1571128731826795,0.07189047843873453,BCH,0.1615747491373965,-0.1486896872161361,ETH,0.13634689435892414,-0.5380433796110087
2020-04-15,Custom_Risk_5_negative,6,BTC,0.22408922945177734,0.45137958272195067,BCH,0.14538978367983865,0.17659198407633742,ETH,0.1276707532591142,0.06310531109185162,ETC,0.14669532747085048,-0.05906421347625243,BNB,0.1499213120054271,-0.14329276119583523,DCR,0.20623359413299214,-0.22302198321773453
2020-04-22,Custom_Risk_5_negative,6,BTC,0.23113811769837608,0.7417984219669971,ETH,0.13281154075271723,0.36260469710042076,BNB,0.1343387780681733,0.30114711809303285,DCR,0.20360779610698215,0.1675006180773414,ETC,0.15272788058739634,0.09857863836136194,BCH,0.1453758867863548,0.05207732833834999
2020-04-29,Custom_Risk_5_negative,6,BNB,0.16895458875947686,0.40187544580162454,ETH,0.13807123403282343,0.3237055672525239,BTC,0.17305886416297878,0.23972438303379323,BCH,0.1691876822340606,0.21867728776316142,DCR,0.19931422327216963,0.015058561387814237,ETC,0.15141340753849067,-0.4298076836338085
2020-05-06,Custom_Risk_5_negative,6,ETH,0.16212973131856348,0.5980346840734792,BTC,0.15854800688408852,0.2900285534712881,BNB,0.2175308467543193,0.26221592154372936,BCH,0.19297336488305342,0.10410308765277249,ETC,0.1038822220103837,-0.13604058840291533,DCR,0.16493582814959146,-0.39529967881616845
2020-05-13,Custom_Risk_5_negative,6,DCR,0.15366508115325017,0.36351139680065425,BTC,0.1744872858641857,0.28251616675366964,ETC,0.12379703841739811,0.18367031948299756,ETH,0.16637890641876202,-0.09656408803499249,BNB,0.19342568997203363,-0.10793638599277378,GNO,0.18824599817437032,-0.26083423901165914
2020-05-20,Custom_Risk_5_negative,6,BTC,0.15887726424233545,0.8059516491853708,BCH,0.1629129890372663,0.17385460895536292,DCR,0.1622628493336386,0.13777705329237624,BNB,0.18700809368273394,0.04440166551866008,ETH,0.1636769120456431,-0.030864164359544588,ETC,0.1652618916583826,-0.1708343898148028
2020-05-27,Custom_Risk_5_negative,6,BTC,0.15764241708015048,0.8766060670398443,BNB,0.1893452280061528,0.4851057610278029,ETH,0.15725246837081527,0.19950771248958768,BCH,0.17812391005347733,0.06108901786498308,ETC,0.1877838057097925,-0.25235208383452734,DCR,0.12985217077961167,-0.5779308520137338
2020-06-03,Custom_Risk_5_negative,6,BTC,0.14741589000888575,0.5139767708828955,ETC,0.15744723034088004,0.3336011328983948,BNB,0.183209831412058,0.30603788769904994,GNO,0.1927921211665006,0.011706195626107772,BCH,0.15852748992149282,-0.10041433175940975,DCR,0.16060743715018283,-0.4206214550292752
2020-06-10,Custom_Risk_5_negative,6,BTC,0.1640700187808227,0.433208082226481,BNB,0.20711494673996686,0.35964061625717486,ETC,0.17270020503483863,0.1271495785129929,ETH,0.13397194829593423,0.11712724040975908,BCH,0.18966858622579702,0.08903327744174405,DCR,0.13247429492264046,-0.26274471110175346
2020-06-17,Custom_Risk_5_negative,6,GNO,0.08002132245527259,0.19226909604913434,BTC,0.2066810549290805,0.12842446325904294,ETC,0.1711322910026423,-0.007917770741466455,BNB,0.20344513869754682,-0.023303853102554867,ETH,0.17811607820103656,-0.06450762132844491,BCH,0.16060411471442126,-0.09829423737594
2020-06-24,Custom_Risk_5_negative,6,BTC,0.19769746290837026,0.5965948909206436,BCH,0.15951225508108516,0.3639441371386081,BNB,0.2018994140399812,0.35049970446084094,ETC,0.17811600597120103,-0.12157691718409774,ETH,0.1576879661997836,-0.154023032724152,GNO,0.10508689579957871,-0.4156025746329225
2020-07-01,Custom_Risk_5_negative,6,DCR,0.1594546809159497,0.35788416454973637,BTC,0.21526886233512774,0.2889337233231759,ETC,0.14167820841211876,0.22204028774659976,ETH,0.1463864734760423,0.11612628429120891,BCH,0.14552588628044688,-0.07756629626071639,BNB,0.19168588858031466,-0.1749507692653342
2020-07-08,Custom_Risk_5_negative,6,BTC,0.31574569346214393,0.8852611351222834,ETH,0.17402007050597812,0.3980333849346962,BNB,0.17757513139834258,0.005020300158263574,BCH,0.12998058396634615,-0.12625094959799893,DCR,0.16599358040762918,-0.2555468237338918,GNO,0.03668494025956004,-0.2822625250553743
2020-07-15,Custom_Risk_5_negative,6,BTC,0.2829714355979878,0.6484438193862875,ETH,0.17402585745459365,0.4917616766643632,ETC,0.12274102572796837,0.2773433292677605,BCH,0.1341382778652337,0.273115373388603,BNB,0.14953195734536961,-0.13366238540898873,DCR,0.136591446008847,-0.49245870755199944
2020-07-22,Custom_Risk_5_negative,6,BTC,0.3054398249088806,0.6980369731768372,BNB,0.12137961095664135,0.4152685906650319,DCR,0.12070964099148909,0.1423012915353516,ETC,0.15569469232434927,0.13721330729445563,ETH,0.12846792058405376,0.024612476869249833,BCH,0.16830831023458606,-0.09687299837023391
2020-07-29,Custom_Risk_5_negative,6,DCR,0.23294519747269035,0.40923035293081833,BNB,0.1983679218528596,0.2690868846069269,BTC,0.16859140472903447,0.26614986456671463,ETH,0.15048938112179036,0.02589478087056879,GNO,0.0900849964201949,-0.20038224085942413,ETC,0.15952109840343032,-0.26484309552080376
2020-08-05,Custom_Risk_5_negative,6,BTC,0.15991385144656273,0.6864630336256814,ETC,0.14867439420552409,0.24014480945019712,BNB,0.24113102188565919,0.13148922995026383,ETH,0.1547826177837374,0.007080778828766898,BCH,0.1140310571663785,-0.01604529828966944,GNO,0.18146705751213818,-0.4745240266775489
2020-08-12,Custom_Risk_5_negative,6,BNB,0.19127591329250995,0.6953395024127127,BTC,0.21349353348318018,0.5751986835951979,ETH,0.14920382516876302,0.46837415164062635,ETC,0.18661046706632572,0.16643312321723966,BCH,0.13218554076407474,-0.39355828541134136,DCR,0.12723072022514648,-0.4448177940427313
2020-08-19,Custom_Risk_5_negative,6,BTC,0.24456341589515904,0.7533840444793073,ETH,0.13132806815428824,0.5855024727775957,BNB,0.16475409519379725,0.2756109853438472,ETC,0.1603209119270548,0.049323733146379195,BCH,0.14117781425120174,0.007084981656413733,DCR,0.15785569457849888,-0.2180218731762316
2020-08-26,Custom_Risk_5_negative,6,BTC,0.28354886186343004,0.6193513674391922,ETH,0.1320450111918741,0.4629385242638163,BCH,0.18122903042809516,0.12525754238190434,BNB,0.172485861398331,0.007154603302125098,ETC,0.16841862924446188,-0.0044427374987277835,GNO,0.062272605873807806,-0.23262305452908172
2020-09-02,Custom_Risk_5_negative,6,BTC,0.2783249426673405,0.640201223846119,ETH,0.11989612321599279,0.28924370211290784,BNB,0.17750489543314502,0.10810560223682605,DCR,0.09300156949901701,0.05090668366935597,BCH,0.14539831224029687,0.019942751284405064,ETC,0.18587415694420786,-0.013334773450218773
2020-09-09,Custom_Risk_5_negative,6,BTC,0.2507460723891247,0.5705003859856674,ETH,0.13068599815636148,0.4734353806690016,ETC,0.20795739996984397,0.31813187520544206,BCH,0.13395391686117644,-0.06085308167781307,DCR,0.1605970060653908,-0.1835229013815146,BNB,0.11605960655810255,-0.5272386245967848
2020-09-16,Custom_Risk_5_negative,6,BTC,0.24917687608969996,0.534324364471308,GNO,0.09279333503126119,0.1296047297803617,ETH,0.14222360177228235,0.06638086931242819,ETC,0.21228233435078497,0.06417997776747061,DCR,0.15995412138987586,-0.09940111662977025,BCH,0.14356973136609572,-0.11384841394110234
2020-09-23,Custom_Risk_5_negative,6,BTC,0.3092282773444709,0.4761603930776209,BNB,0.08681557133223212,0.011316089868728313,GNO,0.07913229074346334,0.008291030848156467,DCR,0.1444482035512205,-0.017660522184155147,ETH,0.13579008184631983,-0.025220730014562445,ETC,0.24458557518229318,-0.20702849214994867
2020-09-30,Custom_Risk_5_negative,6,BTC,0.26381325528550864,1.1243102647441319,ETC,0.19272674775823603,0.16131203425843688,BCH,0.179698683647795,0.11364701027416982,ETH,0.12694622010200826,0.06441971345651987,DCR,0.13076905303225786,-0.059300150154286024,BNB,0.10604604017419414,-0.6264083064600059
2020-10-07,Custom_Risk_5_negative,6,BTC,0.24582176063452402,0.37283273938308775,ETH,0.14125128673826268,0.30451957016050357,BNB,0.10372155637662255,0.22277147125043545,ETC,0.1585269608804499,0.18974580585417739,BCH,0.19689860951468874,-0.14608312650054522,DCR,0.1537798258554523,-0.3609719271360537
2020-10-14,Custom_Risk_5_negative,6,BTC,0.2628711861691426,0.9436774131589329,ETC,0.1994641853254623,0.49800775776402734,ETH,0.15308323808630894,0.23055786391027672,DCR,0.12955476136114905,0.20329091232242366,BNB,0.10744931988701169,0.07659511008380217,BCH,0.14757730917092543,-0.06251626627024648
2020-10-21,Custom_Risk_5_negative,6,BTC,0.21202034456992244,0.5751704689744453,BNB,0.15098865187980887,0.23472787174379317,BCH,0.13207693075342877,0.2321012954873081,ETH,0.16689752976333855,0.22962461855502198,ETC,0.20947313587811545,0.2076128598462003,DCR,0.1285434071553858,-0.19580545123247375
2020-10-28,Custom_Risk_5_negative,6,BTC,0.23048640831544812,0.5245241083001302,GNO,0.06390846335367839,0.44740789134994086,ETH,0.17879243526582436,0.11096175503769036,ETC,0.20519192504486164,-0.0053802801473923495,DCR,0.1495711867762963,-0.022221506308773557,BCH,0.17204958124389125,-0.04139419233674102
2020-11-04,Custom_Risk_5_negative,6,BTC,0.23443673757362019,0.7031976209364071,BCH,0.15593432267996438,0.41681889565092817,BNB,0.181097281920313,0.3419792861143601,ETC,0.16183824574599676,0.2895682519317602,ETH,0.15076222848360318,0.21821131277976605,DCR,0.11593118359650251,-0.14888612344822563
2020-11-11,Custom_Risk_5_negative,6,BTC,0.16755666189518248,0.8856902972610239,ETH,0.15770836792153328,0.3905114534481675,BCH,0.17364233330147036,0.23737463702426795,BNB,0.20585584241436203,0.2224012947388624,ETC,0.17651026891512092,0.21486759779582343,DCR,0.11872652555233072,0.0401130786907476
2020-11-18,Custom_Risk_5_negative,6,BTC,0.1616210462893898,0.7237853203394676,ETH,0.15857710824354876,0.3995530961301324,BCH,0.17777027288156336,0.27994063205598063,BNB,0.25435942361205227,0.20595623167177765,GNO,0.14832336365162935,0.15900962561218854,DCR,0.09934878532181643,-0.054052898426133186
2020-11-25,Custom_Risk_5_negative,6,BTC,0.30973057868101345,0.8395539864597797,AAVE,0.09821682462629655,0.1629486818854312,ETH,0.18555886450398731,0.054298351376676796,DCR,0.1149133971559242,-0.021335806330270338,INJ,0.08102940924060793,-0.039110420468394524,BNB,0.2105509257921705,-0.04319435652629661
2020-12-02,Custom_Risk_5_negative,6,BTC,0.23381618585330663,0.8846286457870641,ETH,0.17087564600838276,0.38467855788559063,ETC,0.13941809131185232,0.30730455631612946,BNB,0.18683909401945295,0.18975374928409483,BCH,0.11007918888688721,-0.05615336792782691,DCR,0.1589717939201181,-0.14130213688895035
2020-12-09,Custom_Risk_5_negative,6,BTC,0.2126810042498874,0.8973839800103074,ETH,0.16666310350164054,0.45099528019242013,BNB,0.21321750654810392,0.30706190065741557,BCH,0.14524137331575937,0.058124444778935164,ETC,0.1512724826882051,0.010156153455557107,DCR,0.11092452969640373,-0.012732043159414515
2020-12-16,Custom_Risk_5_negative,6,BTC,0.18717739828288388,0.6913569742747077,ETH,0.14380226620113612,0.2965212664931873,BNB,0.20580303457988783,0.29263166939813323,ETC,0.14377979799494933,0.16005131128056194,GNO,0.1399933434350693,-0.029936642190632023,BCH,0.1794441595060736,-0.10320244200706118
2020-12-23,Custom_Risk_5_negative,6,BTC,0.21799726374100875,0.5090169863905656,ETH,0.18559984290484915,0.36288148645511714,ETC,0.13984927493038923,0.2578080985504901,BCH,0.11919030887882076,0.06335442905250785,BNB,0.19071483097086847,0.051926295216021795,AAVE,0.14664847857406355,-0.005719506152821435
2020-12-30,Custom_Risk_5_negative,6,BTC,0.2613095745191387,0.6375417672418779,INJ,0.065035439486612,0.13052356701294937,AAVE,0.15423009317708902,0.045822343207750305,BNB,0.18027354139613225,0.026735434145229067,ETC,0.13995082424359173,0.025192235811442143,ETH,0.19920052717743622,-0.035671802343895276
2021-01-06,Custom_Risk_5_negative,6,BTC,0.22735065649748604,0.9680276943658344,BNB,0.23957143100779021,0.6946477264714593,BCH,0.13380434800618754,0.01576375418055158,DCR,0.14532747051365394,-0.06139032226857832,ETC,0.18099930149099058,-0.17259921685292987,INJ,0.0729467924838916,-0.21782745334050602
2021-01-13,Custom_Risk_5_negative,6,BTC,0.2053503301531956,0.9564395333855724,ETH,0.13464009647238726,0.6099077769314447,BNB,0.26238947520448297,0.47623299639004757,GNO,0.12188407998986556,0.1464595271488401,DCR,0.14428339942514593,0.14264517396511103,ETC,0.1314526187549227,-0.21164105818660234
2021-01-20,Custom_Risk_5_negative,6,BTC,0.21456085600812067,1.0410009928880697,ETH,0.1737046794408318,0.37654529664890474,BNB,0.217113191414717,0.28030640180704547,DCR,0.16282580168585242,0.27344145334467557,ETC,0.13452738308663498,-0.05377455867239414,BCH,0.09726808836384324,-0.20578953398415376
2021-01-27,Custom_Risk_5_negative,6,BTC,0.18252476189565536,0.7366229200361887,ETH,0.1070069779223033,0.29979831982164085,BNB,0.20560684720954833,0.23217883403514114,ETC,0.23986138504921575,0.10546003082179092,BCH,0.1431200820252635,-0.06348016978330495,GNO,0.12187994589801372,-0.127595040210346
2021-02-03,Custom_Risk_5_negative,6,BTC,0.18492013687133044,0.7260147287630138,ETC,0.226482508971114,0.46478737900350914,BNB,0.20716801458319792,0.3094821682350611,ETH,0.12253424797759739,0.08388911017561172,BCH,0.1664913523958445,0.05977192253997779,AAVE,0.09240373920091578,-0.14260709551136524
2021-02-10,Custom_Risk_5_negative,6,BTC,0.16968451659111275,0.6979248359974597,ETH,0.18182928636908013,0.4379213098217055,ETC,0.18162652251883626,0.15552006881913163,GNO,0.13927969953867625,0.10318019681652185,BCH,0.21865173328092966,0.09198469614631874,AAVE,0.108928241701365,0.006187933286182444
2021-02-17,Custom_Risk_5_negative,6,BTC,0.19244215011806637,0.7714422056552088,ETH,0.2720810687902029,0.519024408384051,AAVE,0.14425391088155398,0.3860293530418278,GNO,0.1940281205569079,0.05488109050439517,BNB,0.08916277602971555,-0.16086196810157627,INJ,0.1080319736235534,-0.18715393608445055
2021-02-24,Custom_Risk_5_negative,6,BTC,0.20418406288869986,0.6193154268774762,ETH,0.2114088872469095,0.33893568915577976,BCH,0.11412826016405458,0.1655824121090203,AAVE,0.21789900981415355,0.15894326321235944,DCR,0.1713529233938184,0.07156553969808095,ETC,0.0810268564923642,-0.022360312859840664
2021-03-03,Custom_Risk_5_negative,6,BTC,0.24087762243029912,0.5447081125433397,ETH,0.20429786488137403,0.3765031193616719,ETC,0.17202262358241188,0.08607979133310756,BCH,0.17678767276256996,-0.0438695602913719,BNB,0.06509890101812281,-0.07292783926421048,INJ,0.14091531532522222,-0.0740499714957657
2021-03-10,Custom_Risk_5_negative,6,BTC,0.20804696950213197,0.5829322063533664,INJ,0.13174145349888922,0.2580229588485867,AAVE,0.14520898814752048,0.0657161424404945,BCH,0.2187014795915613,0.05838993515500176,GNO,0.1403682249820476,0.0034047920814698485,DCR,0.1559328842778495,-0.07074772181083291
2021-03-17,Custom_Risk_5_negative,6,BTC,0.19673893761417158,0.5263000391296839,DCR,0.1981432395943068,0.3994935277870119,ETH,0.17086458419940204,0.25853390261436143,AAVE,0.11749536252819043,0.1647552418534276,BCH,0.1717735959111505,0.06685900111649107,INJ,0.14498428015277873,-0.07404438560965237
2021-03-24,Custom_Risk_5_negative,6,BTC,0.1948918092143397,0.7740940597283809,ETH,0.19416084551497742,0.6170723901069731,DCR,0.19299132089746895,0.3228158469126475,AAVE,0.13290859251099588,0.3120841106163713,BCH,0.16109165542790868,0.023569163074446016,ETC,0.12395577643430944,-0.44935267767664966
2021-03-31,Custom_Risk_5_negative,6,BTC,0.21112142112758148,1.2876059490001934,BCH,0.1923230307478043,0.3803881155207137,ETH,0.1658291904155339,0.32145214058519767,GNO,0.11920130630671401,0.14539720529434066,DCR,0.16331847436270078,0.12492039411949724,ETC,0.14820657703966575,-0.2620760992550577
2021-04-07,Custom_Risk_5_negative,6,BTC,0.250418306622043,1.0801955724608348,ETH,0.1538377914753427,0.603146830074629,DCR,0.1982467470047986,0.5009379388545496,AAVE,0.11292331962556432,-0.13396997976333025,GNO,0.16352592120624493,-0.20504695755725594,BCH,0.12104791406600654,-0.3348607870403303
2021-04-14,Custom_Risk_5_negative,6,BTC,0.2675317590629834,0.834833544346234,DCR,0.21161733342516306,0.3305300865430246,ETH,0.15584186650951365,0.25526988469275436,ETC,0.10985276560356193,0.22865012036695154,GNO,0.16209188468801292,0.22346607043932282,INJ,0.0930643907107649,-0.3430942884115227
2021-04-21,Custom_Risk_5_negative,6,BTC,0.26184815038252723,0.9127760506832183,ETH,0.20258158960426884,0.6224193027214671,BNB,0.1067606721600937,0.2562657841505998,GNO,0.14221965300705638,0.13174384261667366,DCR,0.15052168467292315,0.10596051772487011,AAVE,0.13606825017313054,0.03731387243006448
2021-04-28,Custom_Risk_5_negative,6,BTC,0.27195825911146054,0.8606733881372545,ETH,0.21557543300748983,0.5783803106470868,DCR,0.15868524715221685,0.33272249689406996,BNB,0.15531695522003508,0.27762820084238676,BCH,0.11066621368607624,0.13436209258510448,ETC,0.08779789182272142,-0.1423235053200591
2021-05-05,Custom_Risk_5_negative,6,BTC,0.2080686056039133,0.5691983038262883,ETH,0.17022430828900656,0.5583415350380462,DCR,0.20817848979937914,0.24411062921702797,BNB,0.17170901168671215,0.1678270230218482,GNO,0.1332536661814415,0.001122990542166094,INJ,0.1085659184395473,-0.07112375596651538
2021-05-12,Custom_Risk_5_negative,6,BTC,0.19893612498142038,0.6396907361940941,ETH,0.1688707154098526,0.20849492715265022,BNB,0.17745783178485558,0.11294094035262983,INJ,0.1611611844009746,0.025927950117062754,DCR,0.23254464877979075,-0.04875883170916956,ETC,0.06102949464310614,-0.0730077120829129
2021-05-19,Custom_Risk_5_negative,6,ETH,0.149115568964602,0.5038501279139247,BTC,0.2843815460855727,0.4880176683543798,BNB,0.13727310483461208,0.26334466236929877,GNO,0.17300197409775817,0.17901709325947154,DCR,0.14849250067548517,0.12117269407318257,BCH,0.10773530534196994,-0.11906212695256319
2021-05-26,Custom_Risk_5_negative,6,BTC,0.30102547254598483,0.9823797128101229,ETH,0.15954429950581647,0.40019417736207785,AAVE,0.12021721064394653,0.11091404723843679,INJ,0.119523044179931,0.05895743358541483,DCR,0.15235971443632726,-0.11231037916114182,GNO,0.14733025868799393,-0.14073555826288564
2021-06-02,Custom_Risk_5_negative,6,BTC,0.29175605822068845,0.9707065902578015,ETH,0.16802559687046917,0.5859346259533426,ETC,0.1307930076986975,0.3452784209445349,GNO,0.13991434308027706,0.1036149927153338,AAVE,0.12485463164248477,-0.17929332595377812,BCH,0.14465636248738306,-0.27098786723970075
2021-06-09,Custom_Risk_5_negative,6,BTC,0.20286653266880383,0.5253327566013308,DCR,0.14891820790691457,0.4397054648081891,ETH,0.16241935661760093,0.205197401377755,ETC,0.1835781692901497,0.0738087040028395,AAVE,0.12538479806092295,-0.07175323217444335,GNO,0.17683293545560788,-0.20926747657522135
2021-06-16,Custom_Risk_5_negative,6,ETH,0.1805810418485227,0.49528821019687086,BTC,0.1468030695962949,0.3741777649543855,GNO,0.2242864790427561,0.09251345090183505,ETC,0.15221464637652896,0.07974053923956284,DCR,0.14243359814262954,-0.027635520327189175,BNB,0.15368116499326778,-0.07419925685328597
2021-06-23,Custom_Risk_5_negative,6,BTC,0.203198000690978,0.8571709458525921,ETH,0.17558366609533785,0.4036079557412013,GNO,0.18792539561525037,0.05606530313137348,ETC,0.1282023119786371,-0.02250734424785078,BCH,0.16095771215017646,-0.0872541388996355,DCR,0.14413291346962032,-0.17171290904037168
2021-06-30,Custom_Risk_5_negative,6,BTC,0.21242550820042497,1.399893733716361,ETH,0.16699102303863933,0.5487024995375006,GNO,0.175362845907773,0.3836757957189909,BNB,0.1417060091236976,0.33613691457109984,BCH,0.16477981886177237,0.07723371786177889,DCR,0.13873479486769272,-0.2144920265500195
2021-07-07,Custom_Risk_5_negative,6,BTC,0.1994553778070138,1.0211299995583918,ETH,0.16071807558897638,0.47312954104948796,DCR,0.15735091537138418,0.3807378751761968,GNO,0.17295849751685377,0.3082491030540261,BCH,0.2118962092905775,0.18322202620093153,ETC,0.09762092442519446,-0.1482713400519745
2021-07-14,Custom_Risk_5_negative,6,ETH,0.12838298465267733,0.5134662023509219,BTC,0.23605621200480126,0.33369152449579764,DCR,0.10902221346173734,0.30387649380067283,GNO,0.1399249011223121,0.16531787577313561,BCH,0.2057676104933931,-0.17521980391104175,BNB,0.18084607826507898,-0.2039543393029802
2021-07-21,Custom_Risk_5_negative,6,BTC,0.24158634574484245,0.7468968567707688,BCH,0.21733941715476682,0.17002344541108994,BNB,0.16562132887944256,0.15178131501287015,ETH,0.1552986170369412,0.04083948295039325,INJ,0.10625897867686271,-0.01069971154540772,AAVE,0.1138953125071443,-0.1909009667962247
2021-07-28,Custom_Risk_5_negative,6,GNO,0.15775672720207584,0.6366383423326183,BTC,0.1918276098610059,0.577726867066386,BNB,0.15633260701778293,0.439498320240917,ETH,0.16993188601909237,0.2692124400527946,BCH,0.17411364223711473,-0.14969853691671667,ETC,0.15003752766292822,-0.22229036595910248
2021-08-04,Custom_Risk_5_negative,6,BTC,0.1376128808754394,1.215880390484565,BNB,0.28658594939767307,0.18104833647045906,GNO,0.1624153037369541,0.16126145166343456,BCH,0.1679838367299139,0.11327783566810963,ETH,0.1603270076135491,-0.012400564515959,DCR,0.08507502164647027,-0.04669053713543675
2021-08-11,Custom_Risk_5_negative,6,BTC,0.17696576539307127,0.9511706779059232,ETH,0.15240568550443181,0.7012707841068192,BCH,0.17667594551021076,0.3026893994884091,GNO,0.15224349114790217,0.2708203338338847,BNB,0.2233488828373734,0.18443902451178412,DCR,0.11836022960701065,-0.2088870076610714
2021-08-18,Custom_Risk_5_negative,6,BTC,0.19583790987651167,0.8093730145108659,ETH,0.1428336074643987,0.6691153459110041,GNO,0.17311455465174294,0.6676595857106977,BNB,0.20610810499996848,0.13086532197616596,AAVE,0.12916627519291113,0.04145586782038024,BCH,0.15293954781446706,-0.19132802714493274
2021-08-25,Custom_Risk_5_negative,6,BTC,0.21181842406538845,1.022461256132913,ETH,0.1738903109704078,0.6472574641709735,BCH,0.16292135244188127,0.38625820775419906,BNB,0.14543960550693674,-0.013091926093679054,AAVE,0.15566101597528134,-0.043410855260617554,DCR,0.15026929104010447,-0.0642005490336227
2021-09-01,Custom_Risk_5_negative,6,BTC,0.23233495115294445,0.7958489751139821,GNO,0.09613239965913634,0.47165712328933834,BNB,0.14281019274712223,0.40846573202890923,BCH,0.18840487366656497,0.10126383990594343,DCR,0.16901489457810367,0.009802043873223164,ETH,0.17130268819612848,-0.09944773365615944
2021-09-08,Custom_Risk_5_negative,6,BTC,0.2185051941114374,0.4945245720529872,ETH,0.16015467061360467,0.4373613957907828,DCR,0.17180805357850357,0.3075653432869051,BNB,0.17094046719702574,0.27365192754339895,AAVE,0.13787529050134126,0.005263830501484434,GNO,0.14071632399808734,-0.20814482080248484
2021-09-15,Custom_Risk_5_negative,6,BTC,0.2243760904780964,0.8470960218558249,ETH,0.1769301276088002,0.586967627221455,BCH,0.15608750718995537,0.29512274750409967,BNB,0.16751986250893933,0.07781667703415739,DCR,0.1723392763345368,0.01922069625511391,INJ,0.10274713587967178,-0.1781458043263105
2021-09-22,Custom_Risk_5_negative,6,BTC,0.21815670220186398,0.5413729620955171,ETH,0.15376348001029952,0.4215254363436187,AAVE,0.10986271858940592,0.23934696067433758,BCH,0.17780721686173057,0.11642534347403984,GNO,0.16751477714949026,0.00215275928322306,BNB,0.17289510518720982,-0.12785829351875005
2021-09-29,Custom_Risk_5_negative,6,BTC,0.20989855140251285,0.8368668814670633,ETH,0.14836039396322603,0.392905793644771,BCH,0.17325373161487198,0.30192139897040793,GNO,0.18106659254681987,0.257789005488565,ETC,0.15931936694753648,0.13140724962354014,DCR,0.1281013635250327,-0.0919528560561041
2021-10-06,Custom_Risk_5_negative,6,BTC,0.17676280272003456,0.5536742930026405,BNB,0.15221010147992328,0.40652065735164,GNO,0.17594624926352256,0.2224120527784969,ETH,0.15793193312196402,0.2168514041088626,ETC,0.17670711030600397,0.049457203990392815,BCH,0.1604418031085516,-0.15408460918406452
2021-10-13,Custom_Risk_5_negative,6,BTC,0.152641629461548,0.9418499648864391,ETH,0.16147518397103003,0.41904258294412605,BCH,0.14294145900988464,0.2698203156755181,GNO,0.22590670395427662,0.2047214764116041,ETC,0.15773009134393218,0.10070979038529179,DCR,0.15930493225932857,-0.08678896277657006
2021-10-20,Custom_Risk_5_negative,6,BTC,0.16925892494166636,0.7366517443989484,BNB,0.14944516333376914,0.2788392967298408,ETC,0.1925924627343055,0.21373244656458978,DCR,0.15864853573943588,0.13879405704552208,BCH,0.17638738048448924,0.07303880344394656,ETH,0.15366753276633405,0.07128165260126432
2021-10-27,Custom_Risk_5_negative,6,BTC,0.15996615825697216,0.8523895193565466,ETH,0.15524216030476748,0.32209501262391316,BNB,0.19254847412229087,0.18838278973912362,BCH,0.15464736196370366,0.06945778798499315,GNO,0.17556659193470503,-0.046376169308570525,ETC,0.16202925341756091,-0.08344624398932625
2021-11-03,Custom_Risk_5_negative,6,BTC,0.20097175989837002,0.975150695434587,AAVE,0.1919517587947866,0.4534313461854574,ETH,0.15492027851090756,0.22578519835942434,GNO,0.1515753139501288,0.05069513550614668,BCH,0.16087884395607197,-0.03825523847271199,DCR,0.1397020448897352,-0.14066785716361063
2021-11-10,Custom_Risk_5_negative,6,BTC,0.2108829842785278,0.7106219700697912,ETH,0.1726245814692418,0.577458851217337,DCR,0.2057906376322146,0.3067144124180039,AAVE,0.17476313556727857,0.30176175329001254,GNO,0.08963783348750676,0.05783370867938156,ETC,0.1463008275652305,-0.1781915736513069
2021-11-17,Custom_Risk_5_negative,6,BTC,0.207586972180176,0.8466212247310966,ETH,0.21380744151571243,0.6202813916610125,BNB,0.15315695060208834,0.19714679565615628,GNO,0.10320589520046154,0.18693419408610432,ETC,0.1528862254382471,0.10264417562627233,AAVE,0.16935651506331453,0.05986663476518662
2021-11-24,Custom_Risk_5_negative,6,BTC,0.21757665678345567,0.9685544974089069,ETH,0.1425452444286347,0.3436981903052628,ETC,0.19599590849990398,0.23320359441942598,AAVE,0.15176610738139398,0.22842856209038026,DCR,0.1664643277495866,0.0873166573520185,BNB,0.12565175515702498,0.03214146771904289
2021-12-01,Custom_Risk_5_negative,6,BTC,0.195029987445098,0.7583151564927948,BCH,0.16942772888049462,0.47714416356631806,ETC,0.2157322534266372,0.2335453648352961,ETH,0.13893389525096053,0.07886252857762288,BNB,0.14039028963702577,-0.08496269687053384,DCR,0.1404858453597838,-0.09635780580115229
2021-12-08,Custom_Risk_5_negative,6,BTC,0.18971734497415607,0.7643896283709313,ETH,0.16499841133064722,0.2531880254079295,ETC,0.16437065432414863,0.12298919445719925,BNB,0.17998596126442326,0.09454507217924868,BCH,0.16878628517300104,0.08271472052411183,INJ,0.13214134293362376,-0.0990009164825027
2021-12-15,Custom_Risk_5_negative,6,ETH,0.17950006130222998,0.633292034247714,BTC,0.20600019649448004,0.5417102815849042,BNB,0.19699610358790454,0.5362469185875877,ETC,0.1504764225315645,0.059618718021794324,DCR,0.1035213879164103,0.032552520094719095,BCH,0.1635058281674106,-0.12462232703868617
2021-12-22,Custom_Risk_5_negative,6,BTC,0.19770017121279407,0.8549970970306358,ETH,0.16826034835260328,0.6581339065542834,BNB,0.20171735273786995,0.5239388826888354,BCH,0.1859602542096082,0.22331512191447794,ETC,0.16232643745184855,0.15715155069501544,GNO,0.08403543603527601,0.14201789460883124
2021-12-29,Custom_Risk_5_negative,6,BTC,0.16844059385423063,0.6047794229729454,ETH,0.18715691821852237,0.4799401636234129,BNB,0.19516560486102671,0.22492176487673443,GNO,0.10480694069902884,0.08354379481512181,BCH,0.18281841299731136,0.027870923981302066,ETC,0.16161152936988002,0.0207047308056666
2022-01-05,Custom_Risk_5_negative,6,BTC,0.21867810309916882,0.5329515360427461,ETH,0.20119082837999605,0.26640611040283985,BNB,0.20229281969845275,0.15709983394888294,GNO,0.09426440307046924,0.11476422369861647,BCH,0.2037797570277931,0.037917484009212354,AAVE,0.07979408872411993,0.019998065746141894
2022-01-12,Custom_Risk_5_negative,6,BTC,0.2611349860718496,0.4162030082666528,ETH,0.16976412499002166,0.3406468071527611,GNO,0.08972300518800184,0.2814607820639168,AAVE,0.11774079706139601,0.09269672709636043,BNB,0.14817207915551922,0.013859763521955337,BCH,0.2134650075332116,-0.00652098987849925
2022-01-19,Custom_Risk_5_negative,6,BTC,0.28817307181633633,0.5301923407698629,ETH,0.15484670077514215,0.37692037434325604,GNO,0.10537147626741247,0.17913806260294055,BNB,0.1318431504161547,0.14034292578081453,AAVE,0.09910671562812318,0.053848674457775234,BCH,0.22065888509683124,0.017115938604891856
2022-01-26,Custom_Risk_5_negative,6,BTC,0.2319072270375092,0.43134539147490236,ETH,0.16154560082921338,0.36656774055791996,AAVE,0.10611988339115011,0.17408705599214555,BNB,0.15518754301144388,0.14503007632523968,ETC,0.15525701425207702,0.09007536021777279,BCH,0.1899827314786063,0.08892530651834657
2022-02-02,Custom_Risk_5_negative,6,BTC,0.22177976350576617,0.5963006736736324,ETH,0.14826209379602256,0.30012786548816905,BNB,0.15589944022457528,0.1966750879963183,BCH,0.1922914551136297,0.10580547362730423,DCR,0.11124167802501649,0.08696469800664167,ETC,0.17052556933498966,-0.006915651758554436
2022-02-09,Custom_Risk_5_negative,6,BTC,0.16950659708771773,0.5941375505258225,ETH,0.16197991256141114,0.3664769079879502,DCR,0.18507784425246926,0.19641135341246377,BNB,0.15524788719693677,0.15835266497190825,ETC,0.1646877937837619,0.03664321157693917,BCH,0.1634999651177031,-0.01567074156063923
2022-02-16,Custom_Risk_5_negative,6,BTC,0.18699026094676488,0.586166341536101,ETH,0.1442333892894288,0.45228260421927063,ETC,0.1422969605936091,0.18633659203537617,BNB,0.17038525621975875,0.08175154269371192,DCR,0.18978636667696192,0.07467575032240084,BCH,0.16630776627347657,0.07199940871342989
2022-02-23,Custom_Risk_5_negative,6,BTC,0.21376977916381248,0.5259816847605252,ETH,0.1664805832275516,0.38982788786366585,GNO,0.17130058021142983,0.10918945580376921,ETC,0.14049291135885822,0.09298103390691045,BNB,0.17620038401865684,0.07839348233403771,DCR,0.13175576201969108,0.006484414492253225
2022-03-02,Custom_Risk_5_negative,6,BTC,0.1606764381391038,0.49539948967414044,ETH,0.16389705821853504,0.2929599835254806,GNO,0.18156841491420472,0.12601784478464212,BNB,0.1768391869020505,0.09884873430433198,BCH,0.177344850237956,0.05341211955364632,ETC,0.13967405158814986,0.05265316103244064
2022-03-09,Custom_Risk_5_negative,6,BTC,0.15665332976850946,0.5930690645623766,ETH,0.15899922813857417,0.27224084278429217,GNO,0.1612538569572479,0.15401147419667466,BNB,0.2010186815803121,0.09430093897267873,BCH,0.16289124689080134,0.026395621948838724,ETC,0.15918365666455506,0.016959940113539407
2022-03-16,Custom_Risk_5_negative,6,BTC,0.15411771758239148,0.6283550797767188,ETH,0.16330655030116975,0.23124758400202428,BNB,0.19972274596677325,0.13161531281986863,BCH,0.15395463961635886,0.09424380383402561,ETC,0.16425965986404942,0.08203912066080393,GNO,0.16463868666925727,0.06204386055424054
2022-03-23,Custom_Risk_5_negative,6,BTC,0.1756025925857371,0.6063043102949868,ETH,0.18124445285546573,0.4450344246832811,BNB,0.20931585600806515,0.18422287303916465,AAVE,0.09367566480120965,0.04799890155694597,INJ,0.17127815455708464,0.04383383002861357,GNO,0.16888327919243776,0.041376866638404036
2022-03-30,Custom_Risk_5_negative,6,BTC,0.21314412252791587,0.5506547318405888,ETH,0.19562791698495413,0.33393710704419044,ETC,0.053972103842741766,0.3276048511706896,BCH,0.09993820271302753,0.1739431183717184,BNB,0.2781181994803151,0.14257782679602293,DCR,0.1591994544510457,0.0167941636243476
2022-04-06,Custom_Risk_5_negative,6,BTC,0.27288805433343183,0.4121952339223672,ETC,0.13611629354554938,0.3454066448340566,ETH,0.21250880619961687,0.2747479843975602,GNO,0.09867399573212664,0.07228272232941252,BCH,0.21496160627465788,0.03796629782688049,AAVE,0.0648512439146175,0.03323136257218165
2022-04-13,Custom_Risk_5_negative,6,BTC,0.2678371784604994,0.5198216425469366,ETH,0.20114474528927404,0.32645252291683213,GNO,0.12808127829523636,0.05802361880728105,BNB,0.20308936181113468,0.043254908291505356,AAVE,0.08635628990844095,0.04291226576989134,ETC,0.11349114623541469,0.03636597817694871
2022-04-20,Custom_Risk_5_negative,6,BTC,0.2274332437890423,0.44781340948948656,ETH,0.21252323738213108,0.4081876384022064,BNB,0.19432214294422867,0.11647078552307454,ETC,0.10895138498343093,0.1125112515409579,BCH,0.1269957266878081,0.055712265520402676,INJ,0.12977426421335883,0.008442065190261572
2022-04-27,Custom_Risk_5_negative,6,BTC,0.18791744279419825,0.48579528354362833,ETH,0.17700276164445075,0.2942540898518762,BNB,0.23525214573327194,0.09587818529783843,ETC,0.14347559715767774,0.06092855373879036,AAVE,0.10571324800192074,0.02208549288506778,INJ,0.1506388046684805,0.015431837535729926
2022-05-04,Custom_Risk_5_negative,6,BTC,0.1911376732689945,0.5301731437769267,ETH,0.16047499409612231,0.30142528625509857,DCR,0.13190240148339846,0.11038478637062991,BNB,0.18365737621468628,0.08412733823950842,BCH,0.14441241635553262,0.06935518787069145,GNO,0.18841513858126585,0.026214391456173658
2022-05-11,Custom_Risk_5_negative,6,BTC,0.23786259342807525,0.4562354670000384,ETH,0.20001952870472448,0.30927208280839236,DCR,0.15288978839524336,0.15248969383922595,AAVE,0.11015612934452812,0.1186365162860334,BNB,0.14974465555909466,0.08959654101357876,BCH,0.14932730456833407,0.026640687022953746
2022-05-18,Custom_Risk_5_negative,6,BTC,0.22361414332766755,0.745886919617088,ETH,0.18330407084392003,0.4984243846437168,GNO,0.18228896907615602,0.2834024370112417,BNB,0.13773270427642703,0.12326465010297813,BCH,0.1358668507816545,0.07832818597387266,ETC,0.137193261694175,-0.02850963399451159
2022-05-25,Custom_Risk_5_negative,6,BTC,0.21778281076666778,0.743945451487418,ETH,0.17061689049159232,0.3771235135541987,BNB,0.18664156820110295,0.17690800994405323,GNO,0.14735247165927365,0.10930095897254208,DCR,0.12018268481045066,0.08243488025200288,BCH,0.15742357407091268,0.06854911720599355
2022-06-01,Custom_Risk_5_negative,6,BTC,0.19428350824589388,0.5964690510365983,BNB,0.18343892867299066,0.28858862721118683,ETH,0.1481105432003128,0.27821851266856856,ETC,0.13923888475738402,0.13776639070648233,GNO,0.15928355279659762,0.01529575476455454,DCR,0.17564458232682117,-0.020042933920178613
2022-06-08,Custom_Risk_5_negative,6,BTC,0.20592755821529343,0.5598465087551033,ETH,0.15393059720133231,0.24074313962023489,BNB,0.2135295253340686,0.17698425970444032,AAVE,0.09771066760785882,0.08608738284111918,ETC,0.17463733051484587,0.06461986908049683,BCH,0.15426432112660113,0.007332196520464643
2022-06-15,Custom_Risk_5_negative,6,BTC,0.1757744806787656,0.6098180827323927,ETH,0.16432830822420744,0.32312098235691705,AAVE,0.1326201800694564,0.06640080390972453,GNO,0.16596569892838373,0.06146948791231988,ETC,0.1553375031100516,0.05891217577858816,BNB,0.2059738289891353,0.04910238206630321
2022-06-22,Custom_Risk_5_negative,6,BTC,0.18622741668457668,0.6636615074363261,ETH,0.1462495519983267,0.2375746042733394,BNB,0.18121502798988867,0.1902793272413426,DCR,0.17945492112650185,0.05896975721443197,BCH,0.1651152544718535,0.020302472207356356,ETC,0.14173782772885254,0.01697521731576862
2022-06-29,Custom_Risk_5_negative,6,BTC,0.20573784212619733,0.5735141716197675,BNB,0.17495648581407158,0.21419198955792168,ETH,0.13249476611948693,0.16879729014013495,DCR,0.17769561264182537,0.09753791986897944,BCH,0.15686968630854164,0.06544015552909144,ETC,0.15224560698987719,0.0536588349662339
2022-07-06,Custom_Risk_5_negative,6,BTC,0.21316497287578387,0.5985332557767952,BNB,0.16941278154941602,0.18758275294403984,ETH,0.12414203507221418,0.18239023157787568,ETC,0.1754367715394457,0.11878311766272841,DCR,0.14756956793782958,0.1074646551804166,BCH,0.1702738710253107,-0.03918670066402344
2022-07-13,Custom_Risk_5_negative,6,BTC,0.18362227929367236,0.6171285455921827,ETH,0.13330885224707423,0.32277940946837,BNB,0.20963461255202936,0.28790947257558586,ETC,0.1783391342844919,0.10417585042679889,GNO,0.1485132144408601,0.07853124574901023,BCH,0.14658190718187195,-0.004039460304913076
2022-07-20,Custom_Risk_5_negative,6,BTC,0.22128937501023332,0.6555739393185979,BNB,0.24056385767657318,0.29090870658492446,DCR,0.18511864967851765,0.20150313100406708,AAVE,0.09469754573480542,0.16431671255183955,ETH,0.12132363050201059,0.1146745142568869,INJ,0.13700694139785996,-0.0036846141371231836
2022-07-27,Custom_Risk_5_negative,6,BTC,0.21801935649348742,0.6166666668633133,ETH,0.11605108127872077,0.29033977250138776,BNB,0.20354129605353619,0.15156444494038437,GNO,0.12812219226872923,0.06809948943555458,AAVE,0.10885279888478055,0.06434914282573487,DCR,0.2254132750207459,0.0027261046112207407
2022-08-03,Custom_Risk_5_negative,6,BTC,0.25992853536682653,0.5422767757942182,ETH,0.15719846565584625,0.2817489092567482,ETC,0.07327522275360011,0.2205453444634664,GNO,0.17533887796235972,0.038227582101558494,BNB,0.2084006768810636,0.02111066380515178,AAVE,0.12585822138030384,0.015006467007813495
2022-08-10,Custom_Risk_5_negative,6,BTC,0.27755018779653345,0.5723456110196093,ETC,0.07970470291039945,0.38407685321775353,ETH,0.14670887178161204,0.29888096415585635,BNB,0.2521184362663048,0.18868682213728905,BCH,0.08999377990812056,0.041578234165463884,GNO,0.15392402133702973,0.031510411162521845
2022-08-17,Custom_Risk_5_negative,6,BTC,0.2623277475706526,0.4428281913630457,ETH,0.1305953586877906,0.24666831561583935,ETC,0.1148507320477001,0.15993249046399147,BNB,0.26545822767892285,0.15918989747934423,AAVE,0.09290231813614369,0.07288204449798383,GNO,0.13386561587879026,0.015934149928288815
2022-08-24,Custom_Risk_5_negative,6,BTC,0.229733888570522,0.5082754181825162,ETC,0.11887403837975724,0.2692016254552526,ETH,0.16670314908610917,0.2536691961822578,INJ,0.10033757823534484,0.07370991869482466,BNB,0.2471902939363664,0.0648104002396002,AAVE,0.13716105179190038,0.03994288013414414
2022-08-31,Custom_Risk_5_negative,6,BTC,0.22419768161733963,0.4656084967505127,ETH,0.1429302901857937,0.23796917621975272,ETC,0.1284067007973793,0.13729055316806238,INJ,0.1304222977881505,0.10513795315218594,BNB,0.2328099019710192,0.09732394251259012,BCH,0.14123312764031756,0.03257010009721183
2022-09-07,Custom_Risk_5_negative,6,BTC,0.24715162157533593,0.5833940867476631,ETH,0.1439485215643025,0.22832360508923366,BNB,0.20802462369453167,0.1694316571371019,GNO,0.18708760090648935,0.07306594695776872,INJ,0.13046843004399356,0.046255253049347876,ETC,0.08331920221534704,-0.033586961611058785
2022-09-14,Custom_Risk_5_negative,6,BTC,0.1526339170007064,0.44754021962429746,ETH,0.18612191538704448,0.2289409662026037,BNB,0.2259047797707773,0.14432484038027532,ETC,0.08741623165885536,0.08338585671042084,GNO,0.17668799036475355,0.06833809889061407,AAVE,0.17123516581786294,0.05545514258220695
2022-09-21,Custom_Risk_5_negative,6,BTC,0.1627038369749046,0.4255955319291371,ETH,0.1409687869032445,0.34250902134736744,ETC,0.12021575896211413,0.27289275607691393,GNO,0.14379498621939338,0.09836510123927901,BNB,0.2697071940200115,0.0006438405336781361,AAVE,0.1626094369203319,-0.019685885295095726
2022-09-28,Custom_Risk_5_negative,6,BTC,0.2380653934842807,0.6007860494813692,BNB,0.2339568215427364,0.18574608586362804,ETH,0.11864458473045933,0.11733155546052569,ETC,0.12221355459584722,0.07635360958302122,BCH,0.15302686382542843,0.07382092802254364,GNO,0.13409278182124793,0.02502489094567908
2022-10-05,Custom_Risk_5_negative,6,BTC,0.2007993431379297,0.5806479512373754,BNB,0.2496305650653223,0.18757821038574632,ETH,0.17118029884060637,0.1406060066206854,BCH,0.14054615425510641,0.03874215108674381,AAVE,0.14402311087749278,0.037811425700346374,INJ,0.0938205278235425,0.009016467938407935
2022-10-12,Custom_Risk_5_negative,6,BTC,0.21685480398589513,0.5464897968111722,BNB,0.22759666969592188,0.16755722628007746,INJ,0.06687022279580088,0.12709001443235526,ETH,0.19576635694242436,0.09349477817320806,BCH,0.14204072885437566,0.07734083764692623,AAVE,0.15087121772558199,0.04331764608013658
2022-10-19,Custom_Risk_5_negative,6,BTC,0.2722374709691435,0.5835460837542361,ETH,0.19461615137813917,0.22299586078250994,BNB,0.23061767409801315,0.14868999479199996,BCH,0.16014617614744908,0.13176332099640262,ETC,0.08876514772959294,0.020364792206150294,INJ,0.05361737967766205,0.016856005345928765
2022-10-26,Custom_Risk_5_negative,6,BTC,0.24331875184648574,0.533284015526476,INJ,0.08551326560961095,0.20859015035915837,BNB,0.27939033972082533,0.1550711859802318,ETH,0.1262817247842746,0.1417241463895887,AAVE,0.11293845515732873,0.13828850010724741,DCR,0.15255746288147462,0.0282770006683465
2022-11-02,Custom_Risk_5_negative,6,BTC,0.24344819836023213,0.5422443558052255,ETH,0.12034018977301728,0.36711753214453535,GNO,0.11867715775357383,0.11259806336434577,AAVE,0.12876808787258576,0.06178714558151303,DCR,0.17029234400445661,0.019598896061475704,BNB,0.21847402223613432,0.012470607254020188
2022-11-09,Custom_Risk_5_negative,6,BTC,0.22769981652359952,0.46376788129790014,INJ,0.09120957601652475,0.34092608921664674,ETH,0.16198649571049195,0.31941863297650064,DCR,0.17433730676776488,0.05901858616754139,BNB,0.1776336796168734,0.02125987271208815,GNO,0.16713312536474556,-0.014531089807518278
2022-11-16,Custom_Risk_5_negative,6,BTC,0.2125338441649538,0.6218173264359458,BNB,0.17736755773655635,0.3295752479623825,ETH,0.15008467756883226,0.24246792652814958,DCR,0.16344381669632474,0.021312931986823824,BCH,0.17501438274028044,0.0052208444329351344,AAVE,0.12155572109305234,-0.005388516288576242
2022-11-23,Custom_Risk_5_negative,6,BTC,0.23175360425746383,0.5896309267662052,ETH,0.1514755887520548,0.29295264658233516,BNB,0.15166596215252176,0.11869988683643856,BCH,0.18656635488142922,0.0793922524147457,GNO,0.1577102497880651,0.02370037073796146,INJ,0.12082824016846527,-0.015695045301553766
2022-11-30,Custom_Risk_5_negative,6,BTC,0.24912242276422403,0.5299932727346569,BCH,0.21359109570139903,0.25289520050750786,BNB,0.12196258314865017,0.22624082004777385,ETH,0.1522132380819402,0.2043976487409182,DCR,0.13074482868484993,0.053348540962447996,ETC,0.13236583161893656,0.01934667998574747
2022-12-07,Custom_Risk_5_negative,6,BTC,0.23095218150394936,0.5081252340624747,ETH,0.12374434358739661,0.24262525208411706,BNB,0.17724927470832838,0.1567880016963902,BCH,0.21367113156888348,0.15074881453663916,ETC,0.16431958969858576,0.022282842346049388,INJ,0.09006347893285649,0.01060861401568304
2022-12-14,Custom_Risk_5_negative,6,BTC,0.23879730790132203,0.5344010485519339,BNB,0.2199416755017645,0.21289841887938166,ETH,0.13355760079815895,0.1858398212571847,BCH,0.1588319335245591,0.14149203234551466,AAVE,0.12291009506160402,-0.006799409140087712,DCR,0.12596138721259145,-0.010702230442127314
2022-12-21,Custom_Risk_5_negative,6,BTC,0.26056074415363645,0.5706355033000706,ETH,0.16606016747840524,0.25927770231837277,BCH,0.18034295945241943,0.086746139690881,AAVE,0.14384138913073505,0.03399124604134547,INJ,0.12258647429234877,0.0301337254104306,BNB,0.12660826549245505,0.028851997042438834
2022-12-28,Custom_Risk_5_negative,6,BTC,0.2695442630653813,0.5963106741327662,ETH,0.1620394275014035,0.3024061449346664,GNO,0.16332167373430145,0.06820419371387294,BCH,0.166495659205259,0.05663139010474863,DCR,0.12580213595828207,0.050310937646127,AAVE,0.11279684053537259,-0.004907416836384779
2023-01-04,Custom_Risk_5_negative,6,BTC,0.29790005314044354,0.6639819083388885,ETH,0.15419285219684165,0.3516170497676797,BCH,0.12631617318783137,0.13543867796358455,DCR,0.13975500519963147,0.10636583594367248,GNO,0.1568008322188607,0.10014390949899271,BNB,0.12503508405639135,0.06796331474574649
2023-01-11,Custom_Risk_5_negative,6,BTC,0.26579435856740213,0.6092057077308706,ETH,0.15681607684470664,0.2728191914305344,BCH,0.1579891182282181,0.06879819815348323,BNB,0.11001080082189314,0.04968061354787352,GNO,0.14897260222972128,0.041996756276954095,DCR,0.16041704330805873,0.020905975590317268
2023-01-18,Custom_Risk_5_negative,6,BTC,0.19086728478806522,0.47892036540900673,ETH,0.18582653526785295,0.27788697268535,BNB,0.18052408754878602,0.15697591633388094,ETC,0.10027971226631027,0.10113176452075111,GNO,0.1888435974253727,0.058820531310042834,BCH,0.15365878270361277,0.056384083177609914
2023-01-25,Custom_Risk_5_negative,6,BTC,0.1831909261449232,0.6093540102533792,ETH,0.15920260925118396,0.3395464303016855,AAVE,0.11019535078907035,0.20532119882289393,GNO,0.17018112744657043,0.1339970955290805,BNB,0.22265573027160776,0.09968250423454691,BCH,0.15457425609664424,0.08951490222874268
2023-02-01,Custom_Risk_5_negative,6,BTC,0.19880308431702778,0.6679212961857771,ETH,0.15149736668281466,0.29119227845610385,BCH,0.1873507181113953,0.1477844224289082,AAVE,0.1004951128035909,0.14554019579956504,BNB,0.24065200050872335,0.11141076956103489,DCR,0.12120171757644786,0.08449425380108488
2023-02-08,Custom_Risk_5_negative,6,BTC,0.26328409970144523,0.5519097219885372,INJ,0.05065400845943987,0.309602473112952,ETH,0.19416796634562333,0.13875826887820836,BCH,0.20583737472360514,0.05131437442902211,GNO,0.16558917713866447,-0.005736673442600454,AAVE,0.12046737363122201,-0.010033506394204306
2023-02-15,Custom_Risk_5_negative,6,BTC,0.18882780536043572,0.45305485180789984,INJ,0.06580878389712064,0.23499418673645994,ETH,0.1802422556979938,0.14071023991019568,GNO,0.18034117700318397,0.07409616783205225,BNB,0.16910248300673922,0.034349619487527676,BCH,0.21567749503452668,-0.0022206545091534163
2023-02-22,Custom_Risk_5_negative,6,BTC,0.1963952148619173,0.5150809955867008,INJ,0.08542506089205464,0.22110855228502252,ETH,0.2033406274610808,0.19371518270367882,GNO,0.1930918715808312,0.057818001846580855,AAVE,0.13283163863191808,0.021610592105161093,BNB,0.18891558657219795,0.0027849651441776285
2023-03-01,Custom_Risk_5_negative,6,BTC,0.2126368070030271,0.5437253654595272,ETH,0.21417221789690535,0.16106338537483272,INJ,0.06870074343797176,0.11463957889074637,BCH,0.1454493020467008,0.07777333706715395,DCR,0.11315006898486402,0.04898284431336926,BNB,0.24589086063053106,0.004164556703502506
2023-03-08,Custom_Risk_5_negative,6,BTC,0.2213249576671815,0.5123081725236325,INJ,0.06739053723089751,0.21281361422495973,ETH,0.188420805546558,0.1783895280953824,BCH,0.19058481695981166,0.06332789405703153,DCR,0.13969347511675567,0.05347130859389793,ETC,0.1925854074787957,0.009647788793540925
2023-03-15,Custom_Risk_5_negative,6,BTC,0.1433237346556462,0.5579785297096265,ETH,0.15889742662898323,0.2484987914334084,GNO,0.16976316182515763,0.14011455302186201,DCR,0.14568472617291936,0.12429103634737441,BNB,0.2284870990936378,0.11218897468244789,BCH,0.15384385162365563,0.0644259844486237
2023-03-22,Custom_Risk_5_negative,6,BTC,0.16711247967141973,0.5255060437823542,ETH,0.18283875322417315,0.2725802274264023,BNB,0.2241885310355783,0.12825234723041343,INJ,0.08185517781686585,0.0758377503831481,GNO,0.18177465084476857,0.07469141745590767,BCH,0.16223040740719438,0.046115376456321897
2023-03-29,Custom_Risk_5_negative,6,BTC,0.1868182575136963,0.6034819610654906,ETH,0.19371802755024073,0.2939375632304103,BNB,0.20137512884834974,0.1362319274167189,BCH,0.17194678273668765,0.05162046410304976,INJ,0.08413860450163839,0.03457974804489551,AAVE,0.16200319884938724,0.013986832610225014
2023-04-05,Custom_Risk_5_negative,6,BTC,0.1799024840280494,0.6126240811749883,ETH,0.16003436072250574,0.36407179220461294,BNB,0.18901108856524984,0.09831983634918381,GNO,0.14954504616914416,0.04788359988861518,ETC,0.15838677410396065,0.035650289655774624,BCH,0.16312024641109013,0.0010406999271674808
2023-04-12,Custom_Risk_5_negative,6,BTC,0.1642459651453617,0.45485097275831754,ETH,0.16841489320633019,0.3873472483670898,GNO,0.17581294719156085,0.08274643647599614,INJ,0.04653474775265533,0.027356219078254557,BNB,0.2962483259680954,0.018596583066061004,BCH,0.14874312073599658,-0.013139195277083987
2023-04-19,Custom_Risk_5_negative,6,BTC,0.1813759268651138,0.5306797918709876,ETH,0.1370404998303939,0.3002992832189896,ETC,0.17102950825526872,0.07963085625709847,AAVE,0.1274049322040456,0.017876187071608284,BCH,0.1964362565696499,0.011658366972740634,BNB,0.18671287627552807,0.010394176094338764
2023-04-26,Custom_Risk_5_negative,6,BTC,0.21558864126337143,0.4512716725481405,INJ,0.05918457271842327,0.2613793373099749,ETH,0.15571644584834193,0.2334517398231497,BCH,0.22327095134636854,0.006835502782931983,ETC,0.18469689041889797,-0.024471454231583367,GNO,0.16154249840459692,-0.03596950031875433
2023-05-03,Custom_Risk_5_negative,6,BTC,0.18075307364507845,0.4715616231625099,INJ,0.05763875193932956,0.30228970978024716,ETH,0.19955775328465447,0.22704688735618372,BNB,0.18010978130598962,0.0699686402044475,DCR,0.1213168404071133,-0.023937958334484373,BCH,0.2606237994178347,-0.039456348032463534
2023-05-10,Custom_Risk_5_negative,6,BTC,0.19765721617699547,0.5224435576570114,ETH,0.1523460591455899,0.2737843354651335,INJ,0.07568733574172999,0.2644527837817231,BNB,0.21180995225870988,0.06161284249247552,AAVE,0.13653915907166592,0.012867483054522066,ETC,0.22596027760530882,-0.020690576989275872
2023-05-17,Custom_Risk_5_negative,6,BTC,0.2253777170853744,0.5565049169443076,ETH,0.1358854476723873,0.29715006377564734,BNB,0.30156713178465744,0.0990811037331423,GNO,0.11825331128125323,0.08230238962024498,ETC,0.17107063757499094,0.03925827087121815,INJ,0.04784575460133663,0.01393342407299289
2023-05-24,Custom_Risk_5_negative,6,BTC,0.17554905135329202,0.5484883935172146,ETH,0.1871058498670669,0.24784714171512784,GNO,0.11899765429993518,0.09925040349226609,BNB,0.20593671553515466,0.09024031766045788,BCH,0.162967333397615,0.055918984890133056,ETC,0.1494433955469362,0.031918175616011166
2023-05-31,Custom_Risk_5_negative,6,BTC,0.142973534202264,0.5261830796491329,ETH,0.15785297538160914,0.2585697149268649,BNB,0.21034767399548204,0.12577059394591542,GNO,0.1339132499701099,0.10871026886058169,BCH,0.18225291677096772,0.04789786005270112,ETC,0.1726596496795673,0.02857460923428265
2023-06-07,Custom_Risk_5_negative,6,BTC,0.16318265563460793,0.47796034148644395,ETH,0.19747402179479076,0.26694897770221004,BNB,0.1274697418129779,0.16228661736141753,GNO,0.18807632373279926,0.0391100606333292,DCR,0.15296332182694455,0.015888900896558835,ETC,0.17083393519787976,0.013834116652627682
2023-06-14,Custom_Risk_5_negative,6,BTC,0.2180603325143615,0.5031674461121425,ETH,0.21329129575514075,0.45675169216087286,INJ,0.07889293155856747,0.11866835538592167,GNO,0.17872147665784313,0.11823229815988096,BCH,0.1704644255283458,0.08070886533150615,ETC,0.14056953798574146,0.06740157742568645
2023-06-21,Custom_Risk_5_negative,6,BTC,0.2211483262201409,0.5588258467677515,ETH,0.2002190807272298,0.303115698757115,GNO,0.197334732759875,0.14905278355872068,DCR,0.0756053115558633,0.11405624590505696,BNB,0.17847154463081152,0.04435989829884805,AAVE,0.1272210041060794,0.021424144385599843
2023-06-28,Custom_Risk_5_negative,6,BTC,0.18497056215797905,0.6732385775187852,ETH,0.19176560870814952,0.4741407038929417,GNO,0.2100005310007548,0.16286884552833186,INJ,0.1026739867262859,0.10853457133103145,BNB,0.22044142093946784,0.0967720745274406,ETC,0.09014789046736284,0.02223622729262844
2023-07-05,Custom_Risk_5_negative,6,BTC,0.3132976526622084,0.6061181890195324,ETH,0.20650089567860555,0.3382113865232536,BCH,0.03314019906414886,0.223938282041092,GNO,0.17905531567741037,0.09631731091391472,BNB,0.17541999162226235,-0.006581784828122453,INJ,0.09258594529536444,-0.017952572978359213
2023-07-12,Custom_Risk_5_negative,6,BTC,0.3261416514563644,0.4826047200064476,BCH,0.055768941074209336,0.27663630982104814,ETH,0.2117263887316528,0.24352626360498494,INJ,0.09480096415990659,0.01615682884845001,DCR,0.08493458124447188,-0.009318820357823243,GNO,0.22662747333339484,-0.024245070407798552
2023-07-19,Custom_Risk_5_negative,6,BTC,0.24137528312325618,0.47309180081568997,BCH,0.15284787865193564,0.4284937131863341,ETH,0.16677418767225094,0.2441945523674817,AAVE,0.10104274763776344,0.03854402283754004,GNO,0.1876322264382747,-0.03320042756840712,BNB,0.15032767647651907,-0.033884571940496315
2023-07-26,Custom_Risk_5_negative,6,BTC,0.24796967013524857,0.4898470421657865,ETH,0.181440993643667,0.22600670311963678,BCH,0.16061170769449087,0.16601237256135667,INJ,0.08898680689021742,0.10640394777336665,GNO,0.17436916324241916,0.026728124996566766,ETC,0.14662165839395708,-0.014650785749249662
2023-08-02,Custom_Risk_5_negative,6,BTC,0.2301940482058194,0.5134704891221856,ETH,0.2535929124630928,0.19344590883272506,BCH,0.08214515753293494,0.13787993236873633,AAVE,0.08310451243016906,0.08843036656234768,GNO,0.17633481328503445,0.06217637294830822,ETC,0.17462855608294933,-0.0056632928984818864
2023-08-09,Custom_Risk_5_negative,6,BTC,0.21288361458715577,0.547553959489939,ETH,0.23691859443611685,0.21320520949090616,GNO,0.17296080424138052,0.07135745450668092,BCH,0.06053312419912469,0.06489009175139585,ETC,0.1607913950526152,0.05353264575021764,BNB,0.15591246748360682,0.05040234141517319
2023-08-16,Custom_Risk_5_negative,6,BTC,0.2294883370814005,0.5104406247481332,ETH,0.287707008406999,0.17261151914661704,BCH,0.05546841969316319,0.10952262446813396,INJ,0.09224553256353923,0.05973261119918114,BNB,0.20590895861592337,0.04293017157380949,ETC,0.12918174363897458,0.039689412246811384
2023-08-23,Custom_Risk_5_negative,6,BTC,0.17902492543102502,0.6241398058629768,ETH,0.17298896818864917,0.31815308978169554,BNB,0.18936290701527814,0.11354128576622578,GNO,0.21430316286126497,0.09135802044819125,BCH,0.08799267004546547,0.0393527179417354,DCR,0.15632736645831716,0.0019872652497755078
2023-08-30,Custom_Risk_5_negative,6,BTC,0.16980490606690873,0.5505369865696784,ETH,0.18103356492348957,0.22182480903701346,INJ,0.11873813442650372,0.19338981098863095,ETC,0.13072519082687642,0.061507052430617916,GNO,0.19659633397094087,0.05896031339083896,BNB,0.20310186978528064,0.048047073036067686
2023-09-06,Custom_Risk_5_negative,6,BTC,0.1656615462059496,0.5474740673155613,ETH,0.21987811028413157,0.20252889531791893,BCH,0.06966806768239744,0.10410272625485122,GNO,0.18934102601875527,0.05203603224683204,DCR,0.11405217432866353,0.04470469241781598,BNB,0.2413990754801026,0.043962590349689704
2023-09-13,Custom_Risk_5_negative,6,BTC,0.15408132660347787,0.4975376558641941,ETH,0.17032509863905984,0.23149738463439362,BNB,0.1976123755557979,0.07168418019214942,GNO,0.15328038530000085,0.06566598735898442,DCR,0.11139641605803534,0.05155564505208801,ETC,0.21330439784362829,0.03900215512806432
2023-09-20,Custom_Risk_5_negative,6,BTC,0.19954429535651583,0.55454874591119,ETH,0.17079531997555747,0.25585833992999096,BNB,0.2150644453284926,0.10177359959259706,GNO,0.14835971684181254,0.08181731631712146,ETC,0.17686560891209704,0.04606427995179037,BCH,0.08937061358552453,0.04177517061103586
2023-09-27,Custom_Risk_5_negative,6,BTC,0.26159673603241906,0.5207999568161512,ETH,0.24533564847894898,0.1795490342585211,AAVE,0.08107604165142941,0.14469453286143244,INJ,0.09505858802314002,0.047606879672464145,GNO,0.19861474616432115,0.029698127172385916,DCR,0.11831823964974147,0.02578846473144461
2023-10-04,Custom_Risk_5_negative,6,BTC,0.19605347760416725,0.4892763417619722,ETH,0.15052150519828703,0.20948922137691794,BCH,0.0880977782956107,0.08851079482703304,BNB,0.28548845536233286,0.0818881307847971,DCR,0.1256264056885403,0.04765726238474597,GNO,0.1542123778510617,0.04132132294458215
2023-10-11,Custom_Risk_5_negative,6,BTC,0.22365040899794497,0.5264255254542611,ETH,0.1630751175937851,0.2103486199708542,BCH,0.12590245912819112,0.09873648984481152,AAVE,0.08847502061108198,0.07311686051908996,BNB,0.28230549558818757,0.04009214308893154,INJ,0.1165914980808094,0.013260957076788829
2023-10-18,Custom_Risk_5_negative,6,BTC,0.14469514311430404,0.5223278776192639,ETH,0.1456777089222127,0.2174093715398523,AAVE,0.11491501610913513,0.09535258271836078,DCR,0.24577599545606968,0.07818718777495344,BNB,0.17194931702987834,0.058846950488380595,ETC,0.17698681936840005,0.05279971537265161
2023-10-25,Custom_Risk_5_negative,6,BTC,0.12381790314006763,0.5559065867458759,ETH,0.1707432125518904,0.24483751820575944,BNB,0.1971471809511979,0.17484133923801481,BCH,0.10494150962826608,0.10766922747305413,ETC,0.17250977344392726,0.08814901972919276,DCR,0.23084042028465068,0.0832072185789555
2023-11-01,Custom_Risk_5_negative,6,BTC,0.16083579872812986,0.5726532463148316,ETH,0.25597458854356886,0.2339851509758481,AAVE,0.08226645425301264,0.09421823514031548,INJ,0.07707141045435943,0.06849744606325817,BCH,0.1407107219349046,0.058992179244078576,BNB,0.28314102608602454,0.016635779247515387
2023-11-08,Custom_Risk_5_negative,6,BTC,0.31399191133781307,0.6215748943354178,INJ,0.07068297741279296,0.27937025141578953,ETH,0.2422514947075531,0.24862532124543457,ETC,0.14249051480188288,0.056685596674535245,BCH,0.1693391370724203,0.03645952412870266,AAVE,0.06124396466753777,0.026618623187789237
2023-11-15,Custom_Risk_5_negative,6,BTC,0.21443680047956104,0.4648593540857776,INJ,0.0850201616291026,0.312069869716475,AAVE,0.10263098708873705,0.1406319130551049,ETH,0.1261849601030056,0.12493674957212832,BNB,0.18799231579373757,0.014522255765468131,BCH,0.2837347749058562,-0.0007508812426190187
2023-11-22,Custom_Risk_5_negative,6,BTC,0.22393169602971746,0.4609734438140512,ETH,0.15780399892804087,0.20894828537398702,INJ,0.09625529118527557,0.18380023990279798,BNB,0.17153598671216813,0.03550448232671108,ETC,0.1433543694861272,0.02744669259713839,DCR,0.20711865765867077,0.025399436279225425
2023-11-29,Custom_Risk_5_negative,6,BTC,0.21432822425712056,0.48122309287977205,GNO,0.16074855223929949,0.3153734650472361,ETH,0.18576815689099888,0.20857641580012615,DCR,0.18170636505725304,0.009398660313920323,INJ,0.08096690690915406,-0.012308331059929054,ETC,0.17648179464617386,-0.012885632100977845
2023-12-06,Custom_Risk_5_negative,6,BTC,0.18552488951979879,0.42897486289700215,GNO,0.11843697441266021,0.24058257312699696,ETH,0.20597343984132394,0.17667593541355509,INJ,0.07962395948672546,0.09529785744670206,AAVE,0.1656302700186186,0.06601984203011671,DCR,0.24481046672087298,0.02119866940380115
2023-12-13,Custom_Risk_5_negative,6,BTC,0.1741814942219199,0.6991564148750384,ETH,0.1796273920225886,0.3617789735117695,BCH,0.13255970063173322,0.1120120722312454,ETC,0.14298921844936952,0.10468551782753825,AAVE,0.17504430753911981,0.0980067220138105,DCR,0.19559788713526893,0.06053606089443791
2023-12-20,Custom_Risk_5_negative,6,BTC,0.20785294362465506,0.6205301264059827,GNO,0.07884346029510278,0.45675435852758484,ETH,0.19287574125676377,0.42160630934832855,DCR,0.2005057045659025,0.1599304620416402,ETC,0.1341369476925649,0.15393536475067893,BCH,0.18578520256501102,0.14014428710138077
2023-12-27,Custom_Risk_5_negative,6,BTC,0.29675394671451405,0.8266293579076887,INJ,0.07074069573275263,0.6559879282009,ETH,0.2114810060834294,0.49946129444238246,GNO,0.1514483081021976,0.15179130978811645,ETC,0.13946860333433483,0.021913573349881997,AAVE,0.13010744003277144,0.00328307244616885
2024-01-03,Custom_Risk_5_negative,6,BTC,0.29225946436787265,0.473894261475883,ETH,0.21535146969421373,0.3340304176913698,DCR,0.0837546032683764,0.3147621699769563,INJ,0.09508852037559777,0.25241931473472273,ETC,0.14698035160543035,0.11499272584903206,BNB,0.16656559068850904,0.059855295578620904
2024-01-10,Custom_Risk_5_negative,6,BNB,0.3102586527833517,0.7399855632655339,BTC,0.18980061364280962,0.6831558389342107,DCR,0.11097236807175993,0.2132724047473326,ETH,0.142997660369189,0.19450305412200383,AAVE,0.10122444440023495,0.08634232147727972,GNO,0.14474626073265479,0.014658136683016229
2024-01-17,Custom_Risk_5_negative,6,BTC,0.20056541762996177,0.9309607820155802,ETH,0.17765495963993985,0.4686438799841007,BNB,0.2508260908427846,0.20464316991869036,AAVE,0.13964858800573782,0.05300421849036646,BCH,0.1462295234819138,0.024536042352874238,INJ,0.08507542039966222,-0.10286893946372438
2024-01-24,Custom_Risk_5_negative,6,ETH,0.17391595106161428,0.539184238237551,BTC,0.16722137999866685,0.534216514619063,BNB,0.18140307296643546,0.20317485965772145,GNO,0.1571899740008711,0.17222256954395035,DCR,0.17894962766340997,-0.01621677479404665,AAVE,0.14131999430900238,-0.06410984776625936
2024-01-31,Custom_Risk_5_negative,6,BTC,0.16925208021563323,0.5092738825532189,ETH,0.17448297029315013,0.4645140976532779,BNB,0.1994256671230572,0.39892438896215754,BCH,0.21458241327154443,0.3208078265918617,AAVE,0.13232973950272262,0.24031474489518867,GNO,0.10992712959389234,0.0024468994303686875
2024-02-07,Custom_Risk_5_negative,6,BTC,0.1829350843620219,0.6333554142162475,BNB,0.2036948871293319,0.4027016226349949,ETH,0.19391413191761034,0.26920532392711516,BCH,0.18612561572882586,0.16372518092795177,ETC,0.12291229919269854,-0.01786787300705371,AAVE,0.11041798166951156,-0.024597054797330986
2024-02-14,Custom_Risk_5_negative,6,BNB,0.20667527847876782,0.4935336181898191,BTC,0.1906826637886508,0.48966534135571554,ETC,0.1526317193971135,0.23282029391878722,ETH,0.15299617393509576,0.19279189807434585,AAVE,0.16257863083666702,-0.028200470102703018,GNO,0.13443553356370505,-0.029869169392398254
2024-02-21,Custom_Risk_5_negative,6,BTC,0.22346619392097533,1.0002344462628219,ETH,0.17093072217713104,0.4663460820273058,ETC,0.15617649467236291,0.2381803121438787,GNO,0.15246205139446223,0.20637828500291366,BCH,0.09888539977617054,0.18902444755976633,AAVE,0.1980791380588978,0.0018726719967765704
2024-02-28,Custom_Risk_5_negative,6,ETH,0.21443403244025266,0.7397141043007271,BNB,0.14861106291777484,0.6780607449311522,BTC,0.14234408345987076,0.4035308411700778,AAVE,0.17933366289220853,0.12106901228725817,ETC,0.15569778867428566,0.06996257439363901,GNO,0.15957936961560765,0.059493098093899466
2024-03-06,Custom_Risk_5_negative,6,BTC,0.1557300907157994,0.8119471590195845,GNO,0.17614086891996747,0.6851807273555918,ETH,0.24995191773535944,0.5690831996114467,BNB,0.18049209597478788,0.40764995092787343,INJ,0.1107118056173597,0.2877132199810065,DCR,0.12697322103672612,-0.07959232649849098
2024-03-13,Custom_Risk_5_negative,6,ETH,0.246836140760004,0.763132614734463,BTC,0.1959743959446453,0.731705050131364,ETC,0.12235733054143481,0.3559178048929223,GNO,0.15723524480042458,0.3539513035883033,AAVE,0.10427590043972151,-0.019813157454894967,GOHM,0.17332098751376993,-0.08846041981471536
2024-03-20,Custom_Risk_5_negative,6,BTC,0.21562179998567985,0.5011342983165472,ETH,0.19059400826560455,0.40724201461730136,DCR,0.13703098607395808,0.2677340405608229,BNB,0.13323374253249326,0.24371099739336713,GNO,0.1502445888068506,0.1623161262829087,ETC,0.1732748743354138,-0.030209570402469688
2024-03-27,Custom_Risk_5_negative,6,BTC,0.17575973817564444,0.850699712296477,ETH,0.1588495136051697,0.5081594054801467,BNB,0.16680771123287275,0.43652461067465786,GOHM,0.220698182214883,0.2656453097629211,GNO,0.13924729144829232,-0.12225966867255927,AAVE,0.13863756332313792,-0.12655603088001954
2024-04-03,Custom_Risk_5_negative,6,BTC,0.189152632703634,0.7523513214641153,ETH,0.17461556159654434,0.33201741334129226,BNB,0.19863803176007064,0.22837478771275804,DCR,0.12194856421760451,0.027192239151091258,GNO,0.16713561718778172,-0.006414588185146966,GOHM,0.1485095925343646,-0.028888913479991174
2024-04-10,Custom_Risk_5_negative,6,BTC,0.20406478902789468,0.8008330359911683,ETH,0.15952317257018142,0.3265474477490715,BNB,0.18337891886271626,0.2684102309261227,INJ,0.15229952061321766,0.10950859697027371,GOHM,0.15078560230645152,-0.026970887755555673,GNO,0.1499479966195384,-0.14304985002844134
2024-04-17,Custom_Risk_5_negative,6,BTC,0.22913052382880786,0.6711009501334898,ETH,0.16541241863088949,0.24577193418789067,BNB,0.22824324236354138,0.20811457431212804,BCH,0.10056757575228371,0.14985661648143045,AAVE,0.09054223102497276,0.004383259289376162,GNO,0.18610400839950486,-0.048277578808094135
2024-04-24,Custom_Risk_5_negative,6,BTC,0.21893392023869812,0.9751673108325334,GOHM,0.18354484620770348,0.877279896920464,ETH,0.17413498902592067,0.42220895769835187,GNO,0.11641458551963586,0.1217881489051461,BNB,0.20980785102756946,0.07017293554617088,BCH,0.09716380798047228,-0.18717356646761407
2024-05-01,Custom_Risk_5_negative,6,BTC,0.17373716972657677,0.9630518358007427,BNB,0.1946902334584773,0.5879779705057373,GOHM,0.2798114397476139,0.2198219417219645,DCR,0.10499177999806901,0.2043120578270899,ETH,0.1627641152098184,0.19929114039220827,GNO,0.08400526185944457,-0.13857128174355746
2024-05-08,Custom_Risk_5_negative,6,GOHM,0.35130043082103113,1.0112399245991992,ETH,0.1281482758362576,0.5422288341669548,BTC,0.12333631788864084,0.47481422263255724,GNO,0.14807409357934184,0.410894322428242,BNB,0.1619043089323139,0.37402135624061633,DCR,0.08723657294241481,-0.48816393528735363
2024-05-15,Custom_Risk_5_negative,6,GOHM,0.3692986166970219,0.6944496252118153,BNB,0.1522259127943293,0.6833292543550323,GNO,0.13222108406521205,0.44981062718008175,ETH,0.1328855409610372,0.22863683920137098,BTC,0.10666630877997367,0.13298505234737407,ETC,0.10670253670242581,0.040747099671266745
2024-05-22,Custom_Risk_5_negative,6,GOHM,0.42389909808549336,1.0691866316668248,BTC,0.1254604068918293,1.0085405519701145,BNB,0.18520024020758366,0.6717588198610156,BCH,0.10934102708047373,0.02532917025756505,DCR,0.07575682560491187,-0.11678103613034715,ETC,0.08034240212970813,-0.20052940189117752
2024-05-29,Custom_Risk_5_negative,6,BTC,0.15583166458005485,0.8245288165358696,GOHM,0.3525173738435645,0.5654973284523265,BNB,0.20902631174257363,0.4814140727308498,ETH,0.0764176421339903,0.30364839750361644,BCH,0.13019164831282434,0.277566748482551,ETC,0.07601535938699232,-0.22150793816483763
2024-06-05,Custom_Risk_5_negative,6,GOHM,0.26583083490841747,0.667564222264742,BTC,0.20036545384384505,0.6531815046175676,ETH,0.20088796450801466,0.5033858531327278,AAVE,0.10569033537239358,0.11295085166759229,ETC,0.09974777213776052,0.09438223273710744,BCH,0.12747763922956876,-0.20727578198236954
2024-06-12,Custom_Risk_5_negative,6,BTC,0.21390321908231538,0.7608196930439867,ETH,0.16905566779831435,0.5638903663200372,BNB,0.08178071342049846,0.4376947806952941,AAVE,0.13215427698949642,0.24008461099918602,GOHM,0.27452070042610255,0.15904316641815108,BCH,0.1285854222832729,0.025758400531999466
2024-06-19,Custom_Risk_5_negative,6,BTC,0.2541749508632128,0.686607779987278,ETH,0.1443636777390864,0.28162150117284845,GOHM,0.32095955609882865,0.26133886162269276,INJ,0.04432521697670718,0.12797237425283448,BCH,0.11874608493056571,0.059821046876529504,BNB,0.11743051339159943,0.025643863282277496
2024-06-26,Custom_Risk_5_negative,6,BTC,0.15860004997446733,1.0479699879064268,ETH,0.14763974741070807,0.6995775896596268,GOHM,0.3694728015695534,0.6634043012269185,GNO,0.08928981032572253,0.4752428311859113,BNB,0.16003341085170594,0.3997291134336116,BCH,0.07496417986784276,-0.15500814987114403
2024-07-03,Custom_Risk_5_negative,6,GOHM,0.45332296856816,0.5368302400837717,BTC,0.11011347239802972,0.48199045499316107,ETH,0.13992847628407198,0.44474815282272673,AAVE,0.05325896509312335,0.20248647740113504,BNB,0.12601049126813854,0.17480428558683855,ETC,0.11736562638847658,-0.08572838772036791
2024-07-10,Custom_Risk_5_negative,6,GOHM,0.4554134534882043,0.8578624015850271,BTC,0.1460568801628726,0.8065699214414276,ETH,0.12206732667745769,0.6690409820151907,BNB,0.09625129829110851,0.24113674921953973,ETC,0.10584635441892443,0.0965442743923313,BCH,0.07436468696143263,-0.11492390351713472
2024-07-17,Custom_Risk_5_negative,6,GOHM,0.44527492375310235,1.2579360134853261,BTC,0.14211981681270222,0.6365789887371657,ETH,0.11867917272415782,0.33611237355543383,AAVE,0.10134945440626211,0.04173595335096013,BNB,0.09862577056739451,0.03146879715030877,GNO,0.09395086173638094,0.017940581333915184
2024-07-24,Custom_Risk_5_negative,6,GOHM,0.3781512344205337,0.64701641322842,BTC,0.1435724787285381,0.4115860314200863,ETH,0.12606667685604983,0.2445624105475853,AAVE,0.107639031476264,0.21676408414057746,DCR,0.11141175656887503,0.05834648410390397,BNB,0.13315882194973927,-0.24333045932069014
2024-07-31,Custom_Risk_5_negative,6,BTC,0.1576656841130756,0.9033112281101197,GOHM,0.3151324835258457,0.7830206661082789,ETH,0.1287765891468028,0.5377056206811647,BNB,0.17121453569447012,0.24400537191392213,ETC,0.11888687526866067,0.13878831301634306,GNO,0.10832383225114492,-0.154262161353041
2024-08-07,Custom_Risk_5_negative,6,BTC,0.1273463272494986,0.5628004076504114,ETH,0.10143955857700614,0.3986816249524897,GOHM,0.43744973694398276,0.25000944768569344,BNB,0.12353170325033234,0.10529469535994163,BCH,0.08056381855589739,0.009983404941456053,ETC,0.1296688554232828,-0.09915331374287142
2024-08-14,Custom_Risk_5_negative,6,GOHM,0.37066296872308585,0.9762420901662726,BTC,0.12544972896344336,0.8019325933798166,ETC,0.13740699639370535,0.27415976148995325,AAVE,0.10089029980000454,0.22714937138865404,DCR,0.13266076804670282,0.22474108113471236,BNB,0.13292923807305795,0.1719454685941655
2024-08-21,Custom_Risk_5_negative,6,GOHM,0.3171400936638001,1.094743573798638,BTC,0.13965002979616842,0.6872055401768289,ETH,0.11650318323393025,0.1668571885442418,ETC,0.15978021527549582,0.12669572443161997,BNB,0.16150552353598568,0.11229716712281101,GNO,0.1054209544946197,-0.16041168837563552
2024-08-28,Custom_Risk_5_negative,6,AAVE,0.08374100277699678,0.5420950375889191,BTC,0.15298519768340657,0.4015415760273028,GOHM,0.2928817374494562,0.34458238066790803,BNB,0.16241494222793865,0.2524092235719138,BCH,0.1532771989118323,0.018711682133103147,ETC,0.15469992095036936,-0.06656665609595683
2024-09-04,Custom_Risk_5_negative,6,GOHM,0.2919069453890701,0.6433688267764064,BTC,0.14669501857979755,0.6412680622956232,BNB,0.18609109614970024,0.5487093738422655,ETH,0.11217561276313155,0.16590990588518095,ETC,0.12894119783947086,0.09003009432565937,BCH,0.13419012927882984,-0.10806960117987488
2024-09-11,Custom_Risk_5_negative,6,BTC,0.16835687998721538,0.8212327835708088,GOHM,0.24585042266719895,0.6448700681723254,ETH,0.12941915687834707,0.44375359096224637,ETC,0.16778646320239146,0.07558569442188956,BNB,0.18143182616594908,0.043484407317887344,GNO,0.10715525109889813,-0.003342879331553028
2024-09-18,Custom_Risk_5_negative,6,GOHM,0.2414711207102659,0.5490733585703742,ETC,0.20465281431952026,0.25383454691451973,BCH,0.14323314267949094,0.23120499590722593,AAVE,0.098447681521072,0.19659388990851973,DCR,0.1511941974071415,0.11913835074525889,BTC,0.1610010433625095,0.11320770115601209
2024-09-25,Custom_Risk_5_negative,6,BTC,0.18395754908677928,0.9151352993980408,GOHM,0.21482107074177678,0.8910603133480065,BNB,0.1581908837382898,0.3139040223548901,DCR,0.11888564736840482,0.22110224976401419,ETC,0.17582140899020945,0.11701833874755824,BCH,0.14832344007453988,-0.05423372024505241
2024-10-02,Custom_Risk_5_negative,6,BTC,0.20311223372578324,0.4107139349676921,AAVE,0.09604880734777789,0.30203634660243484,BNB,0.16517232614184943,0.21321332035194068,GOHM,0.27286523124908346,0.13682931353459094,ETH,0.13448099744254774,0.07312599700549251,DCR,0.12832040409295822,-0.09511154424819783
2024-10-09,Custom_Risk_5_negative,6,GOHM,0.32035028697176554,0.9684764457264061,BTC,0.17594302026648545,0.8647258020245545,ETH,0.14438126774000423,0.19575328870523492,INJ,0.07995900082293639,-0.023357149156864987,BNB,0.15906867275990275,-0.07995152043884998,ETC,0.12029775143890563,-0.08338424044517725
2024-10-16,Custom_Risk_5_negative,6,BNB,0.20229240563527262,0.7697364130150188,GOHM,0.210757900664302,0.706121442606858,BTC,0.15646923678063165,0.5095657689365227,DCR,0.13126566273263246,0.2658543157886684,ETC,0.1600291993833561,0.22026879583994569,ETH,0.13918559480380524,-0.02067141622242273
2024-10-23,Custom_Risk_5_negative,6,BTC,0.1772744012749119,0.6763385729084543,BNB,0.24270882595811094,0.40254982166682335,GOHM,0.22564172506763547,0.37660005321184525,ETH,0.1296561126070836,0.18187086550772277,ETC,0.14514899614439888,0.0298734074406124,BCH,0.07956993894785928,-0.11387943331781891
2024-10-30,Custom_Risk_5_negative,6,GOHM,0.26216628141015014,0.8333487517717866,BTC,0.1683853342432386,0.42098340207958107,BNB,0.18982868807085546,0.4165746471155114,ETH,0.12895007908836617,0.06378422366325862,DCR,0.11548250119715511,0.043469731338106596,ETC,0.1351871159902344,-0.09353070823351736
2024-11-06,Custom_Risk_5_negative,6,BTC,0.1354088888267889,0.8293836152915515,GOHM,0.3699924482716344,0.5736278688712458,BNB,0.17254592350146233,0.45030759976346263,ETC,0.1308602145828611,0.1996847769024514,ETH,0.10160380619975742,0.19714487994664867,DCR,0.08958871861749577,0.046252313731831945
2024-11-13,Custom_Risk_5_negative,6,GOHM,0.4234663988989733,0.5535556925457265,GNO,0.09822762273882239,0.4166546255789807,BTC,0.14065170002247923,0.3724189881005566,BNB,0.17363279690334435,0.2948813125496789,DCR,0.10028714892300188,0.15797084641527137,AAVE,0.06373433251337896,-0.1368810916721292
2024-11-20,Custom_Risk_5_negative,6,BTC,0.19153111270264403,0.976641216975835,ETH,0.16964830771817246,0.5248335244396933,BNB,0.24893153299441487,0.40577726233585354,GNO,0.15881776174361964,0.2923845138171215,BCH,0.1119058302800268,-0.1171270883732756,AAVE,0.1191654545611221,-0.238423854276418
2024-11-27,Custom_Risk_5_negative,6,BTC,0.20822805684820384,1.3692732394659102,GOHM,0.1176815179689262,0.7099813334156356,BNB,0.24522671002576113,0.4255300470372904,GNO,0.1640466322024935,0.2982993637171728,ETH,0.14112435038316973,0.2531192364550623,BCH,0.12369273257144574,-0.11906976443713688
2024-12-04,Custom_Risk_5_negative,6,BTC,0.23886772298925238,1.0664294943023658,ETH,0.149554614349362,0.5687475810899922,GNO,0.2048299700715331,0.3351439322364417,GOHM,0.1305654815918405,0.19421201388281734,ETC,0.11564639383410238,0.007116474932488848,BCH,0.16053581716390966,-0.09111333196135274
2024-12-11,Custom_Risk_5_negative,6,BTC,0.2974643084188441,0.72154430436571,ETC,0.09921262186563605,0.2536922158612925,ETH,0.1766870968586315,0.23435572968506188,BCH,0.1309519370372748,0.1627345109429662,BNB,0.14597074932634435,0.1424487687447168,GNO,0.14971328649326918,0.026190621700998354
2024-12-18,Custom_Risk_5_negative,6,BTC,0.22503195423558253,0.6551098678890892,ETH,0.16197875294050076,0.33532513803722486,BCH,0.12223195026740281,0.07937467542352922,BNB,0.19433247701962955,0.036772496615371436,GOHM,0.20271572925938525,-0.022308030392131736,ETC,0.09370913627749893,-0.06944133435844732
2024-12-25,Custom_Risk_5_negative,6,BTC,0.2287594989976564,0.9814596102115811,ETH,0.17073275585307207,0.6244432399038743,BNB,0.20255576079541188,0.17529297481701586,BCH,0.13934516531089283,0.06940793829865563,ETC,0.12183657403228075,0.06267588915675898,GOHM,0.136770245010686,-0.09488429481440444
2025-01-01,Custom_Risk_5_negative,6,BTC,0.2830172139358785,0.8242972933294479,ETH,0.19503158586673092,0.28073972572463163,AAVE,0.0695207712936101,0.11562149656520049,DCR,0.11597491820466338,0.11226226568287645,GNO,0.14305721731707077,-0.002430892878349397,BNB,0.1933982933820462,-0.0732615424436967
2025-01-08,Custom_Risk_5_negative,6,BTC,0.20857684723358322,0.6938165050073261,GNO,0.16809513354836075,0.4796388716685445,BNB,0.21911966138125077,0.39025228073451795,ETH,0.15628816065672846,0.2907093488353272,GOHM,0.15656955683868412,0.15254281978574152,AAVE,0.09135064034139266,0.006525628702989672
2025-01-15,Custom_Risk_5_negative,6,BTC,0.18833127411590514,0.9407478656831695,BNB,0.2702166554152138,0.849374225072919,GNO,0.1439198857522332,0.5109429244946361,ETH,0.12595086412083817,0.4423830527509448,BCH,0.11518246409976687,-0.2037457188714649,GOHM,0.15639885649604274,-0.22491024565048537
2025-01-22,Custom_Risk_5_negative,6,BTC,0.1934813202061361,0.6437232825660271,BNB,0.2771313896610971,0.46176046382971137,GOHM,0.15738971397102156,0.377767214459353,ETH,0.12768640444004667,0.33972827323768906,GNO,0.14067593319450894,0.28438731865749084,BCH,0.10363523852718964,-0.10417369470042749
2025-01-29,Custom_Risk_5_negative,6,BTC,0.18227499742939526,0.6803735990642341,BNB,0.20676902012941578,0.2777050378535053,ETH,0.1309165785372776,0.21825116918803988,AAVE,0.06912664958208442,0.18219085227466777,GOHM,0.2754336324349632,0.1317834912105199,GNO,0.13547912188686373,0.05206119622478962
2025-02-05,Custom_Risk_5_negative,6,BTC,0.2611669311350579,0.8595931741133438,BNB,0.19558254475154,0.3960252881012527,ETH,0.1486897096202698,0.385463585049761,BCH,0.12751316367706422,0.15237286219042384,ETC,0.10950242400865492,0.1113867514789944,GNO,0.1575452268074131,0.031987533256270434
2025-02-12,Custom_Risk_5_negative,6,BTC,0.24639020362838224,1.108385554592861,GOHM,0.2569264183649334,0.9605983833209418,ETH,0.12828071797322668,0.5227862665586682,GNO,0.14401318907385008,0.13731813884170724,BCH,0.11598210322650135,-0.09795878848156367,ETC,0.10840736773310623,-0.10444896948412373
2025-02-19,Custom_Risk_5_negative,6,BTC,0.34778617024901026,0.985858634202172,GOHM,0.11632660226143408,0.8836066975307459,BNB,0.11291290362466136,0.5553114717302141,ETH,0.14593929083293292,0.3052487945641025,BCH,0.17204761507621982,0.23299193005697783,DCR,0.10498741795574155,0.08915021782357882
2025-02-26,Custom_Risk_5_negative,6,BTC,0.26281838501427796,0.9765309263010786,ETH,0.13929869236087256,0.3532387548329782,BNB,0.21316678707799977,0.156375159355608,AAVE,0.10439164678620388,0.11631890765252734,GNO,0.12801398685705354,0.08878723787711297,ETC,0.15231050190359222,-0.019670951941250764
2025-03-05,Custom_Risk_5_negative,6,BTC,0.1549847305523909,0.7177348894972763,GOHM,0.3099487033986037,0.6337976200147509,BNB,0.19386392455393966,0.6022226259601242,DCR,0.13090925323170846,0.4957568320845334,ETH,0.09941981292563283,0.28398830282727394,GNO,0.11087357533772443,0.16895314316472973
2025-03-12,Custom_Risk_5_negative,6,BTC,0.16504084900250252,0.628450112127302,GOHM,0.28865159007064284,0.2921678554939845,ETH,0.11455571195863795,0.21342112124544393,BCH,0.11015574058647558,0.1486880021915784,BNB,0.203581472936363,0.07731146906914793,ETC,0.11801463544537802,0.020277183799926452
2025-03-19,Custom_Risk_5_negative,6,GOHM,0.2979798126448661,1.1287098139518883,BTC,0.15544931983083238,0.9194296140043692,BCH,0.12532992094520082,0.7484327969712412,BNB,0.15264576211804562,0.13477317281947793,ETC,0.11957727118992696,0.12747358866828756,DCR,0.14901791327112804,0.010259979548223275
2025-03-26,Custom_Risk_5_negative,6,BTC,0.17394639269478518,0.8908150397512604,BNB,0.17116869107030766,0.5669205821210686,BCH,0.1340036303075958,0.3255660034658451,DCR,0.18530558814851505,0.2627859255891583,ETH,0.14995232687991691,0.24138227361313896,ETC,0.18562337089887926,0.24024641361632018
2025-04-02,Custom_Risk_5_negative,6,BTC,0.2062746116511437,0.6643560108126784,DCR,0.1461872202903227,0.2894975532671198,BNB,0.2106577461148549,0.24181650907466828,BCH,0.16513839120499957,0.10142647322652368,ETH,0.13398215624568877,0.0809299744060146,GOHM,0.13775987449299038,0.08092540912012258
2025-04-09,Custom_Risk_5_negative,6,GOHM,0.18930104374193266,1.2070838601369678,BTC,0.1931391974880044,0.818734349925796,BNB,0.23285155352533954,0.5488241930427883,ETH,0.11332358487042035,0.10575341918893469,ETC,0.14638487270151135,0.056450915404949474,GNO,0.12499974767279161,0.007146479594806104
2025-04-16,Custom_Risk_5_negative,6,BTC,0.1766642610529341,0.8000371774707051,DCR,0.11857476717293476,0.6683345263669844,BNB,0.2507470159043011,0.5740436903294862,GOHM,0.2112257465222597,0.4370896586755593,ETH,0.10293037823754637,0.10686279468788062,ETC,0.13985783111002387,0.09594254953534961
2025-04-23,Custom_Risk_5_negative,6,BTC,0.13705107204133493,1.0065314999809052,GOHM,0.333510475389153,0.7840237545153865,BNB,0.23438638063903094,0.7343246748492247,BCH,0.08583712887162986,0.19928666021830205,DCR,0.07713982700966476,0.14334707510851669,ETC,0.1320751160491865,0.08872644911280833
2025-04-30,Custom_Risk_5_negative,6,DCR,0.06797982840670533,0.7549598373648116,BTC,0.1524804504777941,0.6343450713996264,BNB,0.22535142510283315,0.2970715719792157,GOHM,0.3066925197711151,0.1693806388292916,ETC,0.11566237519864384,0.010800712024372397,GNO,0.13183340104290836,-0.012481374166718254
2025-05-07,Custom_Risk_5_negative,6,BTC,0.19442165075845544,0.34570562943297345,ETH,0.19074436616696738,0.3092699426634509,BNB,0.2346221037981529,0.20366644595300235,GOHM,0.25143605893335474,0.18401391338386294,TRUMP,0.02799044776959471,0.057477332280480575,ETC,0.10078537257347488,0.04308566512182109
2025-05-14,Custom_Risk_5_negative,6,BTC,0.20292256961634747,1.097954958605082,GOHM,0.3076214726519192,0.6272912071325245,BNB,0.1839858110615519,0.5354958254171766,BCH,0.09450082533813589,0.4861631113752858,DCR,0.12720718093654346,0.18463227542343752,ETC,0.08376214039550206,-0.18956196359917168
2025-05-21,Custom_Risk_5_negative,6,BTC,0.2243650003193038,0.5180174395278424,GOHM,0.346989722689816,0.49571494756202766,ETH,0.07250863798507012,0.32938550895978025,ETC,0.09074728015122772,0.15038591429431458,INJ,0.06845431394869898,0.14257998467482066,BNB,0.19693504490588346,0.10160303408153734
2025-05-28,Custom_Risk_5_negative,6,BTC,0.19486707415099117,0.9164042002523256,BNB,0.18349271655537167,0.26569114922987125,ETH,0.14143865328670488,0.2302471031426648,GOHM,0.2362591384469007,0.09041849325115205,ETC,0.12301081248085007,0.049515405704090715,GNO,0.12093160507918164,-0.01931555098584821
2025-06-04,Custom_Risk_5_negative,6,BTC,0.23289761931788533,0.6222159271688227,INJ,0.05332909483475759,0.2383432209615699,ETH,0.1341291374350522,0.19220598745347556,BNB,0.19296709465499476,0.14389341227646546,BCH,0.1050064996732821,-0.032905175295401046,GOHM,0.28167055408402797,-0.04374803286524251
2025-06-11,Custom_Risk_5_negative,6,BTC,0.20322282913912088,0.7780666389300654,BNB,0.20914842832428668,0.5582982664470014,GOHM,0.2609092913898841,0.39585939202552406,ETH,0.10744139493106773,0.36221843089066164,DCR,0.11148401005353283,0.21390804229492755,GNO,0.10779404616210783,0.19139248305183892
2025-06-18,Custom_Risk_5_negative,6,BTC,0.2085451511273476,0.7239627747795466,ETH,0.11354172407676218,0.3785013238150677,AAVE,0.07909587168372688,0.34926873316915247,BNB,0.24570927094532513,0.24993110522281134,GOHM,0.217419824245224,0.081129711447392,ETC,0.13568815792161432,-0.04896613741418801
2025-06-25,Custom_Risk_5_negative,6,BTC,0.2092901573210513,0.6129745996638702,ETH,0.10821847096232426,0.5189757459467624,BNB,0.23466337356671363,0.3008603221200467,GOHM,0.21865335569675443,0.24391572343363088,ETC,0.119362916405779,0.01010732789146869,DCR,0.10981172604737752,-0.11655254970921854
2025-07-02,Custom_Risk_5_negative,6,BTC,0.19928811050010653,1.1631237764383697,BNB,0.20949453787823924,0.5783964816438547,GOHM,0.27778672284400074,0.5024172530097925,BCH,0.09360108201035439,0.09688223689610695,TRUMP,0.11795343703205292,0.001311476326891936,ETC,0.10187610973524619,-0.1485481117565317
2025-07-09,Custom_Risk_5_negative,6,BTC,0.18174287434744898,0.9107456589501265,GOHM,0.2601478388746347,0.586251767326203,BCH,0.1147322036957244,0.5469012068569596,BNB,0.2275444568642509,0.527329135571827,DCR,0.1354814275048048,-0.08587864042363313,ETH,0.08035119871313612,-0.17288923621438324
2025-07-16,Custom_Risk_5_negative,6,BTC,0.17979849248855,0.7515638754551878,BCH,0.129086069161827,0.5831901000636552,DCR,0.17677497891875332,0.532365841484598,GOHM,0.18924073522300802,0.5123747126482259,BNB,0.2335551768976801,0.41954909015607855,AAVE,0.0915445473101815,-0.0403373809137889
2025-07-23,Custom_Risk_5_negative,6,BTC,0.24352245272219025,0.8243340547531596,AAVE,0.12400366817622979,0.5477594122451572,ETH,0.1284844778796727,0.46952128281432176,GOHM,0.2012777312190205,0.10073941981532565,DCR,0.1628460129829141,0.06429582177493567,GNO,0.1398656570199727,0.042789604775020904
