date,strategy,total_assets,asset_1_symbol,asset_1_weight,asset_1_score,asset_2_symbol,asset_2_weight,asset_2_score,asset_3_symbol,asset_3_weight,asset_3_score,asset_4_symbol,asset_4_weight,asset_4_score
2020-02-12,Custom_Risk_8_positive,4,ETH,0.3762617400008987,0.8166687735267913,BTC,0.3188281116666466,0.692010202578772,GNO,0.21857816489343715,0.47441964692672106,BNB,0.08633198343901766,-0.18738188748903734
2020-02-19,Custom_Risk_8_positive,4,ETH,0.3953229253822344,0.7961852581046235,BTC,0.3315396830237975,0.6677250196026446,GNO,0.22072017667533533,0.44453316403351534,BNB,0.05241721491863287,-0.1055689187485526
2020-02-26,Custom_Risk_8_positive,4,ETH,0.3595264752540229,0.7769124628976243,BTC,0.31341657579468196,0.6772720802871156,GNO,0.2871435844801818,0.620497918174536,BNB,0.0399133644711132,-0.08625008845836343
2020-03-04,Custom_Risk_8_positive,4,BTC,0.35806475197761667,0.9106536032886714,ETH,0.3088245553611309,0.7854227275105147,GNO,0.20895034350005665,0.5314161256191647,DCR,0.12416034916119578,-0.3157726883887486
2020-03-11,Custom_Risk_8_positive,4,BTC,0.5789950137952434,0.8793700572137163,ETH,0.301711883715972,0.4582360644286987,GNO,0.11833971628968501,0.17973281393597068,DCR,0.0009533861990997619,0.0014479904946912217
2020-03-18,Custom_Risk_8_positive,4,BTC,0.5942865240523374,1.335188183529957,ETH,0.17978059209710326,0.40391446294166955,GNO,0.11897329615543059,0.2672982353682839,DCR,0.1069595876951286,-0.2403069425703398
2020-03-25,Custom_Risk_8_positive,4,BTC,0.5998537131771429,1.2944548720856495,GNO,0.2251396778121012,0.4858403748141918,ETH,0.07797808230831084,-0.16827287444010605,ETC,0.09702852670244516,-0.2093827984426963
2020-04-01,Custom_Risk_8_positive,4,BTC,0.780422658024254,1.6389445443153463,BCH,0.04698654430155527,-0.09867517254588996,DCR,0.07938449733974245,-0.16671323862837353,ETH,0.0932063003344483,-0.19574003376028865
2020-04-08,Custom_Risk_8_positive,4,BTC,0.8054589298113994,1.4550877418111123,BCH,0.07420351018340784,0.1340510534690017,BNB,0.049744440635790005,-0.08986494917790183,ETH,0.07059311936940285,-0.12752876509132338
2020-04-15,Custom_Risk_8_positive,4,BTC,0.5554645957282928,0.8174853312999982,ETH,0.28499600184604856,0.4194327645361845,BCH,0.15105655102331236,0.22231212503547468,BNB,0.00848285140234636,-0.012484335891693545
2020-04-22,Custom_Risk_8_positive,4,BTC,0.4190475756102155,0.9529126476018553,ETH,0.3490782325634822,0.7938026185400389,BNB,0.12342711020696535,0.28067279521160443,BCH,0.10844708161933686,-0.2466082652312034
2020-04-29,Custom_Risk_8_positive,4,BTC,0.3590302042541039,0.6171691856289953,GNO,0.3414807849309781,0.5870019164032292,ETH,0.28038930829533715,0.4819863036850122,BNB,0.019099702519580652,0.032832189910748766
2020-05-06,Custom_Risk_8_positive,4,BTC,0.3566489441205195,0.7393131626586347,GNO,0.3035496508120007,0.6292413199740431,ETH,0.2408733077300749,0.49931679281178754,BNB,0.0989280973374047,-0.20507237081179386
2020-05-13,Custom_Risk_8_positive,4,BTC,0.5163718051605909,0.9037343023558666,GNO,0.3940867044446606,0.6897155680261355,ETH,0.013266407251339245,-0.023218361618967995,ETC,0.07627508314340925,-0.1334937507486622
2020-05-20,Custom_Risk_8_positive,4,BTC,0.6256248693226566,1.3600846451593365,GNO,0.18975509634342314,0.4125203545006743,ETH,0.015193517892324926,-0.033030129402748194,DCR,0.16942651644159526,-0.3683267958074194
2020-05-27,Custom_Risk_8_positive,4,BTC,0.648464485269483,1.3719673058038888,GNO,0.19729848350517246,0.41742774662716464,ETH,0.053209372452334265,0.11257597142981146,BNB,0.10102765877301026,-0.2137459305283012
2020-06-03,Custom_Risk_8_positive,4,GNO,0.45896880967509895,0.8598875986932284,BTC,0.42287467333162165,0.792264484501069,ETH,0.03688358336096643,-0.06910215957793363,ETC,0.08127293363231308,-0.15226652937334756
2020-06-10,Custom_Risk_8_positive,4,BTC,0.38798710225181987,0.5699823951125191,GNO,0.3266354824981886,0.47985222591810417,ETH,0.2691159518816085,0.39535168547151145,DCR,0.016261463368383054,-0.02388931947724814
2020-06-17,Custom_Risk_8_positive,4,GNO,0.5638694487070198,0.8985117762201578,BTC,0.30459564717832655,0.48536549834841136,ETH,0.10744166048488656,0.1712055821142358,DCR,0.02409324362976707,-0.03839197739534759
2020-06-24,Custom_Risk_8_positive,4,GNO,0.37567020403258755,0.753811729029108,BTC,0.32792058610746677,0.6579983755551331,ETH,0.1505894040414706,0.3021694502663217,DCR,0.14581980581847503,-0.29259887734183565
2020-07-01,Custom_Risk_8_positive,4,BTC,0.44910624291430207,0.7366367099595414,ETH,0.2425320498591424,0.39780789977144326,GNO,0.22009076587276266,0.36099907365555034,DCR,0.08827094135379292,-0.1447844844060593
2020-07-08,Custom_Risk_8_positive,4,BTC,0.4509949344817555,1.0175505413732175,ETH,0.2699399824935095,0.6090480276462157,GNO,0.18344389902144825,0.41389253955897765,BNB,0.09562118400328672,-0.21574385898835097
2020-07-15,Custom_Risk_8_positive,4,BTC,0.5210190230926911,0.6813712516928953,ETH,0.4568525135997127,0.5974564367779386,BNB,0.016764182260124338,0.02192363684225139,ETC,0.005364281047472014,-0.007015227332876545
2020-07-22,Custom_Risk_8_positive,4,BTC,0.3980480706228684,0.5678007135147749,BNB,0.3052040325364592,0.4353621590744424,ETH,0.18121707499631295,0.2584993926059128,DCR,0.11553082184435934,-0.16480040456803774
2020-07-29,Custom_Risk_8_positive,4,GNO,0.36446298815853334,0.5370375219517591,ETH,0.3176801019709791,0.4681027711424757,BTC,0.2807390034089292,0.4136699297442991,BNB,0.0371179064615584,0.05469336847307466
2020-08-05,Custom_Risk_8_positive,4,ETH,0.4696533903818849,0.955585816370857,BTC,0.40593476160324743,0.825939955941837,BCH,0.021525688188979195,0.04379749564734239,BNB,0.10288615982588842,-0.20933853996144014
2020-08-12,Custom_Risk_8_positive,4,ETH,0.5381547199601834,1.2187058636984922,BTC,0.3155230093329412,0.7145338084822517,BNB,0.05527992651351972,0.1251869919339047,BCH,0.09104234419335566,-0.20617460852430708
2020-08-19,Custom_Risk_8_positive,4,ETH,0.5458464596444832,1.2682391843030136,BTC,0.3206506516022071,0.7450111906910177,BNB,0.0464039638064254,-0.10781662895572894,BCH,0.08709892494688423,-0.2023687569582321
2020-08-26,Custom_Risk_8_positive,4,ETH,0.35412114881148954,0.7993310742291775,BTC,0.2801769392632853,0.6324223633273681,GNO,0.24139468969981426,0.5448821039877725,BNB,0.12430722222541093,-0.2805893570868789
2020-09-02,Custom_Risk_8_positive,4,ETH,0.46299542999800847,0.765667853171757,BTC,0.2823778314287944,0.46697572797708026,GNO,0.20481533560215867,0.3387085663196121,DCR,0.04981140297103848,-0.08237444152844525
2020-09-09,Custom_Risk_8_positive,4,GNO,0.3683193324259559,0.7409829566327631,BTC,0.2597872439495056,0.5226386539345715,ETH,0.25427846944254406,0.5115561294450047,BNB,0.11761495418199458,-0.23661716565345214
2020-09-16,Custom_Risk_8_positive,4,GNO,0.5417494587439172,0.8801920045816113,BTC,0.36780068550551803,0.5975736891591821,ETH,0.08685862746310741,0.1411210813190652,BNB,0.0035912282874571403,0.005834745885258494
2020-09-23,Custom_Risk_8_positive,4,BTC,0.40050970340437364,0.6996297126437502,GNO,0.27509610812734564,0.48055118126370744,BNB,0.266687211224842,0.4658621136242908,ETH,0.05770697724343856,0.10080533770639591
2020-09-30,Custom_Risk_8_positive,4,BTC,0.618984226093189,1.1619498560677186,BNB,0.15078821072249854,0.28305784276857826,ETH,0.09215128654725416,0.1729853033830247,BCH,0.13807627663705843,-0.2591951507026649
2020-10-07,Custom_Risk_8_positive,4,BTC,0.39502593389794255,0.7966587562547812,BNB,0.3310941324069196,0.6677258809916485,ETH,0.1808365304882437,0.36469758844090006,ETC,0.0930434032068941,-0.1876429761081629
2020-10-14,Custom_Risk_8_positive,4,BTC,0.5887069052034224,1.0077406524620809,BNB,0.20607379744710608,0.3527543863663825,ETH,0.16125815697667936,0.27603956890969183,BCH,0.04396114037279229,-0.07525209555160028
2020-10-21,Custom_Risk_8_positive,4,BTC,0.5917372598354483,0.9222283721727643,BNB,0.17537591491574808,0.2733250979937205,ETH,0.13425736706525285,0.20924143447586935,BCH,0.09862945818355073,0.15371498609736317
2020-10-28,Custom_Risk_8_positive,4,BTC,0.5660030811471252,1.0072870041092266,INJ,0.22231984077085218,0.39565135566090975,GNO,0.18410667058383967,0.32764531294259025,ETH,0.027570407498182993,0.04906565723040032
2020-11-04,Custom_Risk_8_positive,4,BTC,0.6218662761210387,1.2189103971381823,INJ,0.24979038531780526,0.4896102417198192,ETH,0.08960440483598611,0.17563219759275706,BCH,0.03873893372516989,0.07593158031690063
2020-11-11,Custom_Risk_8_positive,4,BTC,0.5820429345240585,1.2791182288398166,INJ,0.22227465175630118,0.4884786705691982,ETH,0.15439165979274558,0.33929659602039763,GNO,0.041290753926894734,-0.09074202760251388
2020-11-18,Custom_Risk_8_positive,4,BTC,0.5901622227685286,1.0621471236315425,INJ,0.22994918981042747,0.4138520920447734,AAVE,0.10823010661300243,0.19478762278286915,ETH,0.07165848080804162,0.1289676742049276
2020-11-25,Custom_Risk_8_positive,4,BTC,0.43722874023013386,0.9489914160959768,AAVE,0.2832754004460641,0.6148404683392259,INJ,0.2654278902543435,0.5761030011688073,ETH,0.014067969069458652,0.03053409042093857
2020-12-02,Custom_Risk_8_positive,4,BTC,0.5360473848248458,0.9050303219808822,INJ,0.28590288348437837,0.48270131712269576,ETH,0.149599645658132,0.25257508815651564,DCR,0.028450086032643894,0.048033422513423435
2020-12-09,Custom_Risk_8_positive,4,BTC,0.4551956879164222,0.8022824146369167,AAVE,0.20489502773958304,0.36112749300075303,DCR,0.1769998704939697,0.31196227745548566,ETH,0.16290941385002503,0.2871278471659871
2020-12-16,Custom_Risk_8_positive,4,INJ,0.5091974347215026,0.869043886571052,BTC,0.44572738764187675,0.7607199779380606,DCR,0.023251657023877763,0.03968344891662616,AAVE,0.021823520612742807,0.03724605797029281
2020-12-23,Custom_Risk_8_positive,4,INJ,0.5282085668037536,0.9539868452238609,BTC,0.41580493090084997,0.7509769041780873,ETH,0.01410075232469849,0.025467084539959682,DCR,0.04188574997069786,-0.07564900871671648
2020-12-30,Custom_Risk_8_positive,4,INJ,0.5109149204898495,1.2153310024209465,BTC,0.39747619284726915,0.945490375243661,DCR,0.0408153288038435,-0.09708883510733396,ETH,0.05079355785903781,-0.12082439387396435
2021-01-06,Custom_Risk_8_positive,4,BTC,0.5078835906386195,1.1442157168944875,INJ,0.3552725120673354,0.8003967830047091,ETH,0.11262405679145376,0.25373179653069844,DCR,0.024219840502591326,0.054565106403410946
2021-01-13,Custom_Risk_8_positive,4,BTC,0.49863999470647613,1.1078412315836617,ETH,0.3594682209060563,0.7986397416801133,DCR,0.1024772636244586,0.22767635799024147,INJ,0.03941452076300875,0.08756824901314782
2021-01-20,Custom_Risk_8_positive,4,BTC,0.45349741210954353,0.8682407676842104,ETH,0.40983998869999344,0.7846567078769049,INJ,0.07173148119696116,0.1373330798336091,AAVE,0.06493111799350201,0.12431348498997499
2021-01-27,Custom_Risk_8_positive,4,INJ,0.31774505901309963,0.6806891932894292,ETH,0.2967204707979347,0.6356492797314561,BTC,0.24469395895652152,0.5241955108357628,AAVE,0.14084051123244418,0.3017155145418984
2021-02-03,Custom_Risk_8_positive,4,AAVE,0.48825312865067017,0.9473654586756417,BTC,0.25838449002746716,0.5013476136569294,ETH,0.21309431583332794,0.4134703546468216,INJ,0.04026806548853471,0.07813278009493428
2021-02-10,Custom_Risk_8_positive,4,AAVE,0.4476208902378175,0.8768274113951661,BTC,0.27035697383779805,0.5295919173854484,ETH,0.16999847782068156,0.3330035047502647,INJ,0.11202365810370296,0.21943885169858937
2021-02-17,Custom_Risk_8_positive,4,BTC,0.31058373167469927,0.6084692035044756,AAVE,0.30190586406046,0.5914682641221004,BNB,0.28579367445643505,0.5599026340673284,INJ,0.1017167298084057,0.19927475671657136
2021-02-24,Custom_Risk_8_positive,4,BNB,0.5468799706694015,0.7937880585479381,BTC,0.40864389423441516,0.5931404711069529,DCR,0.007107826146101818,0.01031690282989206,AAVE,0.037368308950081565,-0.054239538845053614
2021-03-03,Custom_Risk_8_positive,4,BNB,0.5732433100859188,1.071103009775866,BTC,0.389697061282944,0.7281475211257327,INJ,0.017645501221484935,-0.032970553925005155,DCR,0.01941412740965237,-0.03627522543182243
2021-03-10,Custom_Risk_8_positive,4,BNB,0.5334272818075871,0.9843072221559797,BTC,0.44346709838350756,0.8183081042429621,DCR,0.013998755219316768,0.025831216987768295,INJ,0.009106864589588523,-0.016804450939128995
2021-03-17,Custom_Risk_8_positive,4,BTC,0.3935467564976548,0.8796081184558606,BNB,0.3901806413815324,0.8720845850131046,DCR,0.11962380954269207,0.26736867296477546,ETH,0.09664879257812087,0.2160176934177788
2021-03-24,Custom_Risk_8_positive,4,BTC,0.4275127769279239,0.9726725854235801,ETH,0.2685118172192302,0.6109152698269994,BNB,0.2396509834523933,0.5452514035931203,DCR,0.06432442240045264,0.1463502510772329
2021-03-31,Custom_Risk_8_positive,4,BTC,0.5636863338390949,1.2049453636184928,BNB,0.20931523090190876,0.4474357490490161,ETH,0.20763877738476816,0.4438521338865859,DCR,0.019359657874228085,0.04138352944964281
2021-04-07,Custom_Risk_8_positive,4,BTC,0.33113360723249985,0.6909757078822637,BNB,0.3221129522078053,0.6721523285721908,ETH,0.3025960555722918,0.6314264669446208,DCR,0.044157384987403084,0.09214310986102123
2021-04-14,Custom_Risk_8_positive,4,ETC,0.3312570767427215,0.6255298202604223,BNB,0.3032431972733867,0.5726297670402456,BTC,0.23151787827048867,0.4371871484396753,ETH,0.13398184771340318,0.2530048322059458
2021-04-21,Custom_Risk_8_positive,4,BNB,0.5599950035913327,1.186311728848349,ETH,0.23806338439764924,0.5043212587774514,BTC,0.17919013049805343,0.3796022324135557,ETC,0.022751481512964633,0.048197482467545474
2021-04-28,Custom_Risk_8_positive,4,ETC,0.3138400654174541,0.6447908176870708,BNB,0.3041655629192673,0.6249143549154231,ETH,0.2786760957426616,0.5725457245388337,BTC,0.10331827592061693,0.2122695058843434
2021-05-05,Custom_Risk_8_positive,4,ETC,0.4624866868605762,0.7493566766438731,ETH,0.3530326191303122,0.5720107361666064,BNB,0.18390552295191281,0.29797794274074774,BTC,0.0005751710571987344,0.0009319366030834976
2021-05-12,Custom_Risk_8_positive,4,ETC,0.5752175436769177,1.10732694025174,ETH,0.3404878045635316,0.6554586572765156,BTC,0.082769920290648,0.1593368693076625,BCH,0.0015247314689027071,-0.0029351959979751346
2021-05-19,Custom_Risk_8_positive,4,ETC,0.5199359894802417,1.0478346260258629,ETH,0.2979325910811548,0.6004279208840987,BTC,0.16014435629433854,0.32274127023901195,BNB,0.021987063144265004,-0.04431085086110097
2021-05-26,Custom_Risk_8_positive,4,ETC,0.3662369826931266,0.73988301336213,ETH,0.361455069439495,0.730222447785939,BTC,0.22751186569307363,0.459626342284713,AAVE,0.044796082174304884,0.09049839811976018
2021-06-02,Custom_Risk_8_positive,4,ETC,0.41037360726812866,1.0117494478125482,ETH,0.325065875048197,0.801428780403585,BTC,0.22123448292572673,0.5454392338417386,AAVE,0.04332603475794773,-0.10681752180427151
2021-06-09,Custom_Risk_8_positive,4,BTC,0.3189303606174167,0.6220542419233436,ETC,0.30820702417900336,0.6011390273725157,ETH,0.2884441619483693,0.5625927683731735,DCR,0.0844184532552107,0.16465305103707206
2021-06-16,Custom_Risk_8_positive,4,BTC,0.48965400340619736,0.9047855368190889,ETH,0.30717109473170606,0.5675925488381626,ETC,0.20076822281002202,0.3709806985907329,BNB,0.0024066790520744794,0.0044470756553297765
2021-06-23,Custom_Risk_8_positive,4,BTC,0.6798876425087595,1.3322086653793275,ETH,0.2764636523696414,0.5417178520706958,GNO,0.035803110637188565,0.07015455386480694,BNB,0.007845594484410443,-0.015373082703219139
2021-06-30,Custom_Risk_8_positive,4,BTC,0.6113011243149286,1.4896204451427812,ETH,0.2634498056119863,0.6419752902439123,GNO,0.08111955760226665,0.19767238550508742,BNB,0.04412951247081853,0.10753493065203132
2021-07-07,Custom_Risk_8_positive,4,BTC,0.3960174002279109,0.9379165020043756,ETH,0.2786568088980951,0.6599629695841405,DCR,0.17429525007500882,0.4127959811166112,ETC,0.15103054079898529,0.3576964962663017
2021-07-14,Custom_Risk_8_positive,4,BTC,0.3836599875899416,0.5393530485226496,ETH,0.31895352731987453,0.448388059379525,DCR,0.16115378011381887,0.22655159619677712,GNO,0.1362327049763651,0.19151729946887905
2021-07-21,Custom_Risk_8_positive,4,BTC,0.507256830857783,0.7697527708944504,AAVE,0.2127321805585679,0.3228171125196464,ETH,0.18826838489151598,0.2856937593073001,GNO,0.0917426036921333,0.13921768836838033
2021-07-28,Custom_Risk_8_positive,4,BTC,0.507343957487564,1.0254931507309462,GNO,0.29927675336830584,0.6049273992973793,ETH,0.14332856044970751,0.28970968290068627,AAVE,0.05005072869442259,0.10116742046046999
2021-08-04,Custom_Risk_8_positive,4,BTC,0.6179062989505333,1.3467518205871096,ETH,0.2867922514775515,0.6250753349879494,GNO,0.09112998954532539,0.1986215054591576,DCR,0.004171460026589816,0.009091866185630085
2021-08-11,Custom_Risk_8_positive,4,ETH,0.4829746496610883,1.2533039522796796,BTC,0.37929634510471166,0.9842620285320366,AAVE,0.09462626186628353,0.24555215904123662,GNO,0.04310274336791656,0.11185025685098365
2021-08-18,Custom_Risk_8_positive,4,ETH,0.4654007474883142,1.1117196066366428,BTC,0.3457675247720348,0.825947398455659,AAVE,0.1480996689263659,0.35377103833717116,GNO,0.040732058813284844,0.09729814282806375
2021-08-25,Custom_Risk_8_positive,4,BTC,0.5420923153286817,0.9899700629849064,ETH,0.40195862666273785,0.7340576424024121,INJ,0.02665509670723894,0.04867759055048525,ETC,0.029293961301341397,-0.05349669031368388
2021-09-01,Custom_Risk_8_positive,4,GNO,0.3820722112346237,0.7539529079040903,BTC,0.2837673687935523,0.5599654373680948,INJ,0.17295360279227562,0.34129378668067956,ETH,0.1612068171795483,0.3181135529164316
2021-09-08,Custom_Risk_8_positive,4,ETH,0.38356429052535734,0.7978482427189368,INJ,0.3477157885506126,0.7232801324668549,BTC,0.21700137902042035,0.45138239715144307,GNO,0.051718541903609604,0.10757922151007093
2021-09-15,Custom_Risk_8_positive,4,ETH,0.38537747926515004,0.8919477392879518,BTC,0.3464015227440049,0.801738741159906,INJ,0.26599471365366517,0.6156389417418344,GNO,0.0022262843371798698,0.005152686361813909
2021-09-22,Custom_Risk_8_positive,4,ETH,0.4073223310872572,0.8498409338811557,BTC,0.3881648549070281,0.8098706052120797,GNO,0.13555625456263437,0.28282577501566514,AAVE,0.06895655944308038,0.14387157884988394
2021-09-29,Custom_Risk_8_positive,4,BTC,0.4949026171088163,1.2376699417653152,ETH,0.2919137316225498,0.73002816862926,GNO,0.1576965974879968,0.39437321986649165,BNB,0.0554870537806371,-0.13876398355418323
2021-10-06,Custom_Risk_8_positive,4,BTC,0.5518163020004151,1.3432766929674442,ETH,0.1971270236978944,0.4798628375557187,GNO,0.14287409572664003,0.3477958917173322,BNB,0.1081825785750506,0.26334694328199704
2021-10-13,Custom_Risk_8_positive,4,BTC,0.7122254723775183,1.813234620887822,ETH,0.24215642219609776,0.6164991641348555,GNO,0.04074799670492729,0.10373916859580336,BNB,0.0048701087214564715,-0.01239867160571291
2021-10-20,Custom_Risk_8_positive,4,BTC,0.6585560970535562,1.6550776727019176,ETH,0.1912918563381924,0.48075309273053124,GNO,0.08099129737680419,0.20354665087947518,BNB,0.06916074923144727,0.17381421627168664
2021-10-27,Custom_Risk_8_positive,4,BTC,0.5242665669409385,1.429154994246779,ETH,0.2702891839595146,0.7368105492604181,GNO,0.10756467544931174,0.2932221942358493,INJ,0.09787957365023518,0.2668205266896942
2021-11-03,Custom_Risk_8_positive,4,BTC,0.39042295533286386,1.1262807717462908,GNO,0.2799562266217082,0.8076095697443122,ETH,0.26128691911563834,0.7537528951336242,AAVE,0.0683338989297895,-0.19712764163024094
2021-11-10,Custom_Risk_8_positive,4,GNO,0.33903905441577165,0.9015208830390917,BTC,0.3297016820091609,0.8766923681301586,ETH,0.2690369655289683,0.7153820174250415,BNB,0.06222229804609916,0.1654520337661472
2021-11-17,Custom_Risk_8_positive,4,BTC,0.32316419796329443,0.8870929526305262,ETH,0.2660064608346933,0.7301936855871847,GNO,0.25313177000259507,0.6948523712447202,BNB,0.15769757119941727,0.4328833606556965
2021-11-24,Custom_Risk_8_positive,4,BTC,0.4089464587959668,0.8627099261550182,ETH,0.2884573663917949,0.6085271749055446,BNB,0.25815107414191896,0.5445932818822344,GNO,0.04444510067031925,0.09376100145269585
2021-12-01,Custom_Risk_8_positive,4,ETH,0.33617829912885394,0.704703330481609,BTC,0.3013660762342588,0.6317292881985099,BNB,0.19029398843364767,0.398897869872382,INJ,0.17216163620323952,0.3608884890189897
2021-12-08,Custom_Risk_8_positive,4,ETH,0.3750288217839561,0.814951594852187,BTC,0.29276110558322693,0.63618078410833,BNB,0.22807253557613602,0.49561011264576293,INJ,0.10413753705668095,0.22629474584012235
2021-12-15,Custom_Risk_8_positive,4,ETH,0.39474048627394687,1.0564457186156557,BTC,0.2516416260282445,0.6734696026556698,BNB,0.23983853628651317,0.6418809410978208,GNO,0.11377935141129529,0.304508184098223
2021-12-22,Custom_Risk_8_positive,4,BTC,0.3379687170244945,1.0151072179891063,ETH,0.282778343292746,0.8493399622742707,GNO,0.2482342881189634,0.7455850347346925,BNB,0.13101865156379616,0.3935215663287856
2021-12-29,Custom_Risk_8_positive,4,BTC,0.4341024914951073,1.1247810099695532,ETH,0.3001732459935449,0.777763715733624,GNO,0.1642082069641236,0.42547157985265344,BNB,0.1015160555472242,0.26303311711773264
2022-01-05,Custom_Risk_8_positive,4,BTC,0.4564012391202534,1.0132042812012756,ETH,0.22678770957344868,0.5034655004587012,GNO,0.22362704061323893,0.49644886017061307,AAVE,0.09318401069305908,0.20686718282295555
2022-01-12,Custom_Risk_8_positive,4,BTC,0.37668054334622575,0.87209156022291,ETH,0.274753560940063,0.636110003209755,GNO,0.22718477390230005,0.5259786506924478,AAVE,0.12138112181141117,0.28102182013904464
2022-01-19,Custom_Risk_8_positive,4,BTC,0.4810965725093174,1.0112670975030555,ETH,0.31337139576023487,0.6587080431232891,AAVE,0.1085655391796785,0.22820523771859016,GNO,0.09696649255076925,0.20382399102410767
2022-01-26,Custom_Risk_8_positive,4,BTC,0.4595056702940951,0.9622797766438604,ETH,0.3315059309613571,0.6942274575141605,BNB,0.11354979988795569,0.23779179047824078,AAVE,0.09543859885659217,0.19986398324996837
2022-02-02,Custom_Risk_8_positive,4,BTC,0.4605370023827309,1.1233896370525567,ETH,0.28751075213952204,0.7013260559382938,DCR,0.15051288789303013,0.3671466519021742,BNB,0.10143935758471684,0.24744140538187656
2022-02-09,Custom_Risk_8_positive,4,BTC,0.48647146640441175,1.1849487662961142,ETH,0.30400016180377215,0.7404845742457961,DCR,0.14986978060979955,0.3650532948031518,BNB,0.05965859118201667,0.1453165887458796
2022-02-16,Custom_Risk_8_positive,4,BTC,0.4944428352779776,1.1087058520947353,ETH,0.3764526959437177,0.8441325816663717,ETC,0.08420058403797327,0.18880581052451034,DCR,0.04490388474033149,0.10068949581482675
2022-02-23,Custom_Risk_8_positive,4,BTC,0.5119442293246409,1.042030605837222,ETH,0.3619558819491774,0.7367386628254614,GNO,0.09742851494866087,0.19830967641085467,ETC,0.02867137377752098,0.05835879628331542
2022-03-02,Custom_Risk_8_positive,4,BTC,0.5400894160466823,1.0889462025580023,ETH,0.29183860193873506,0.5884146733835522,GNO,0.10080904978103944,0.20325455134091192,INJ,0.06726293223354332,0.1356177559722857
2022-03-09,Custom_Risk_8_positive,4,BTC,0.6274434540059701,1.2977483170883681,ETH,0.23693536081830457,0.49005605811572356,GNO,0.08983890045882492,0.185814803127104,BNB,0.04578228471690035,0.09469201178924504
2022-03-16,Custom_Risk_8_positive,4,BTC,0.6861239369106593,1.3210551838097888,ETH,0.2359228612056321,0.4542431797063509,BNB,0.049786222671837736,0.09585782393641176,INJ,0.028166979211870793,0.054232379747085876
2022-03-23,Custom_Risk_8_positive,4,BTC,0.5518157413280165,1.0805727437694117,ETH,0.40445474938373616,0.7920085375244157,BNB,0.035741921786557204,0.06999029494799038,AAVE,0.007987587501690152,0.015641397474504
2022-03-30,Custom_Risk_8_positive,4,BTC,0.42636551125712663,0.974770395979859,ETC,0.3215578652339578,0.7351558213523397,ETH,0.22138776033433824,0.5061437407775086,BCH,0.030688863174577388,0.07016185530732112
2022-04-06,Custom_Risk_8_positive,4,BTC,0.3603230385859812,0.804809555481849,ETC,0.28094682454954023,0.6275166025105493,ETH,0.25502616422517793,0.5696207899216241,AAVE,0.10370397263930073,0.23163089556823202
2022-04-13,Custom_Risk_8_positive,4,BTC,0.4696756083184045,0.9489444660394802,ETH,0.30078659098004895,0.6077168281983644,AAVE,0.11946226419202846,0.24136457695014088,ETC,0.11007553650951803,0.22239939517195648
2022-04-20,Custom_Risk_8_positive,4,BTC,0.452856821150088,0.8546125202264185,ETH,0.4074866549597457,0.7689918333776512,ETC,0.10332558079261762,0.19499173001475328,AAVE,0.03633094309754874,0.06856224173447607
2022-04-27,Custom_Risk_8_positive,4,BTC,0.5613302349999606,1.0279110422869362,ETH,0.3195271916224046,0.5851199670005778,AAVE,0.08229003838209406,0.1506899750788878,BNB,0.03685253499554067,0.06748456665296972
2022-05-04,Custom_Risk_8_positive,4,BTC,0.5736705988748814,1.0888298219466401,ETH,0.31439600124266515,0.5967252683424485,DCR,0.07533867978812901,0.1429932115403644,AAVE,0.036594720094324476,0.06945697172321151
2022-05-11,Custom_Risk_8_positive,4,BTC,0.527491003596691,1.0845816550983718,ETH,0.3478119638491894,0.7151410599278991,BNB,0.079459197744628,0.16337717158215065,DCR,0.04523783480949162,0.09301414700194317
2022-05-18,Custom_Risk_8_positive,4,BTC,0.5321343940483785,1.446798975437157,ETH,0.2910128612370798,0.7912232589847679,BNB,0.09463491328413759,0.2572990904392223,GNO,0.0822178314304041,0.22353878194417007
2022-05-25,Custom_Risk_8_positive,4,BTC,0.5908509271064516,1.4351018446070232,ETH,0.24403305000202374,0.592725278299996,BNB,0.16318704101557852,0.39636059255133477,DCR,0.001928981875946297,0.004685251933073965
2022-06-01,Custom_Risk_8_positive,4,BTC,0.5338800614295962,1.255687252673472,BNB,0.1885475511826064,0.4434643165148797,ETH,0.18038563633894225,0.4242674721915466,ETC,0.09718675104885509,0.2285834838896501
2022-06-08,Custom_Risk_8_positive,4,BTC,0.5529418674011863,1.2184040992013894,ETH,0.21210476100475556,0.46737157286160447,AAVE,0.11969171886193905,0.26373998696690826,BNB,0.11526165273211908,0.25397836273383195
2022-06-15,Custom_Risk_8_positive,4,BTC,0.6100011083108251,1.2870679523041653,ETH,0.23409468182773682,0.49392658255924926,AAVE,0.08379445300167594,0.17680157227576757,BNB,0.07210975685976205,0.1521475220916384
2022-06-22,Custom_Risk_8_positive,4,BTC,0.6175887570254839,1.359094717869726,ETH,0.16276852224563357,0.3581960265678433,BNB,0.15195383713314087,0.3343967244519748,ETC,0.06768888359574166,0.14895932464274952
2022-06-29,Custom_Risk_8_positive,4,BTC,0.5653797969503538,1.1706533539110553,ETH,0.20334601670564098,0.4210403303141289,BNB,0.19384752602210717,0.4013731260104913,ETC,0.03742666032189809,0.07749418296842168
2022-07-06,Custom_Risk_8_positive,4,BTC,0.5410432599222371,1.20971024696784,ETH,0.20932847449407657,0.46803429473278396,BNB,0.1852735743199395,0.4142503159163313,ETC,0.0643546912637469,0.14388965768355685
2022-07-13,Custom_Risk_8_positive,4,BTC,0.543922352564911,1.2235701004067088,ETH,0.25087257126445744,0.5643455830852423,BNB,0.19501253176750977,0.43868670215545674,ETC,0.01019254440312187,0.022928442855709552
2022-07-20,Custom_Risk_8_positive,4,BTC,0.5124007707789873,1.1832540693033737,AAVE,0.1793471324693895,0.4141547718393847,ETH,0.1789486341717938,0.4132345454089605,BNB,0.12930346257982944,0.2985921509056284
2022-07-27,Custom_Risk_8_positive,4,BTC,0.4455208004642454,1.0315523788673515,ETH,0.2771669526655811,0.6417483292983539,ETC,0.17716999919955556,0.4102168382436623,AAVE,0.10014224767061795,0.23186790314190903
2022-08-03,Custom_Risk_8_positive,4,ETC,0.386051830206051,0.9151275972960979,BTC,0.3836374249766755,0.9094043013975182,ETH,0.20875645340829277,0.4948527028757275,AAVE,0.021554291408980762,0.05109398626084099
2022-08-10,Custom_Risk_8_positive,4,ETC,0.4050692939833368,0.9363755678515948,BTC,0.35350723790971583,0.8171825056948796,ETH,0.23222777592592198,0.5368276953683223,BNB,0.009195692181025412,0.021257156777107752
2022-08-17,Custom_Risk_8_positive,4,BTC,0.3879505398453021,0.7085121617267981,ETC,0.3389953551175648,0.619105548778109,ETH,0.25557185807909083,0.4667496266827113,DCR,0.017482246958042385,0.03192774158536679
2022-08-24,Custom_Risk_8_positive,4,BTC,0.431158205328102,0.8440694793649477,ETC,0.29966331660323736,0.5866446619926641,ETH,0.19701926637528241,0.3857005329811582,INJ,0.0721592116933782,0.14126459265472077
2022-08-31,Custom_Risk_8_positive,4,BTC,0.45505118737947997,0.8370223884765257,ETH,0.26602171554921683,0.48932106521445207,ETC,0.2003011499315476,0.3684344785380928,INJ,0.07862594713975557,0.1446247804563249
2022-09-07,Custom_Risk_8_positive,4,BTC,0.5385188937314849,0.959767619677892,ETH,0.2588860781304638,0.46139602132309193,ETC,0.15981780458853068,0.2848330034053783,BNB,0.04277722354952063,0.07623909671593404
2022-09-14,Custom_Risk_8_positive,4,BTC,0.5188356196866356,0.9185658348784933,ETH,0.22735559203832972,0.40251877722103485,ETC,0.2262742290595443,0.40060429207443937,BNB,0.027534559215490268,0.048748205431739786
2022-09-21,Custom_Risk_8_positive,4,BTC,0.487546422133985,0.9498751094628171,ETH,0.2667849007652023,0.5197706829806902,ETC,0.23549566033609437,0.4588105993285133,INJ,0.010173016764718506,-0.019819846837679185
2022-09-28,Custom_Risk_8_positive,4,BTC,0.6858135701225843,1.2082686554728619,ETH,0.12388746606413054,0.21826535456930507,BNB,0.11510179384029984,0.20278672768326117,ETC,0.07519716997298555,0.13248262708243472
2022-10-05,Custom_Risk_8_positive,4,BTC,0.6399380926137245,1.1827206909971344,INJ,0.13838881833924174,0.25576742616455184,BNB,0.11817292214210967,0.21840481406914927,ETH,0.10350016690492422,0.19128692342745127
2022-10-12,Custom_Risk_8_positive,4,BTC,0.6070786779686009,1.1526972818153556,INJ,0.21208771047905764,0.40270386071489794,ETH,0.09319479358327173,0.1769546339565836,BNB,0.08763881796906965,0.16640516447142012
2022-10-19,Custom_Risk_8_positive,4,BTC,0.5932984491348205,1.1530748343019481,ETH,0.1776386192599497,0.34524044646920665,INJ,0.17451342758928168,0.3391666401528876,BNB,0.05454950401594804,0.10601689654872076
2022-10-26,Custom_Risk_8_positive,4,BTC,0.49521983735288844,1.0383545708620239,INJ,0.23509381503750504,0.49293408505288494,ETH,0.22032716689811252,0.46197204469155895,AAVE,0.0493591807114941,0.10349409906465978
2022-11-02,Custom_Risk_8_positive,4,BTC,0.49970412765553746,1.0196703955113908,ETH,0.35495046276476955,0.7242935543726302,INJ,0.13467860378493904,0.27481819258250206,DCR,0.010666805794753768,0.021766132160263817
2022-11-09,Custom_Risk_8_positive,4,BTC,0.4203315233870476,0.9744018496343249,INJ,0.268463550059072,0.6223453754527939,ETH,0.2671649948465124,0.6193350977777472,BNB,0.0440399317073679,0.10209224986895421
2022-11-16,Custom_Risk_8_positive,4,BTC,0.5259915826180439,1.16012408003994,ETH,0.24523068669361803,0.5408794250697897,BNB,0.22201471520661198,0.48967440876603174,BCH,0.006763015481726228,0.014916468957509817
2022-11-23,Custom_Risk_8_positive,4,BTC,0.5162478808856693,1.1122524105742366,ETH,0.2461414397687936,0.530309992276142,BNB,0.14294410612890251,0.3079720663385386,BCH,0.09466657321663438,0.2039584629003499
2022-11-30,Custom_Risk_8_positive,4,BTC,0.4554721389734578,1.0157915781045794,ETH,0.2271896344545266,0.5066771325062639,BNB,0.16107873129612524,0.35923694263966716,BCH,0.15625949527589028,0.34848910771548053
2022-12-07,Custom_Risk_8_positive,4,BTC,0.5187709914622586,1.0648072811983167,ETH,0.24660100196898213,0.5061627322438207,BNB,0.12073972915070305,0.2478252347287127,BCH,0.11388827741805624,0.23376223619608966
2022-12-14,Custom_Risk_8_positive,4,BTC,0.5755526783875632,1.1525595760026281,ETH,0.22768646609918636,0.45594821583317563,BNB,0.11543907443202527,0.23116982281145418,BCH,0.08132178108122504,0.1628490337067652
2022-12-21,Custom_Risk_8_positive,4,BTC,0.6483625081480567,1.233084331549751,ETH,0.30042759731730656,0.5713664167214834,BCH,0.04700199908583246,0.08939046890573887,BNB,0.004207895448804231,0.008002760618501314
2022-12-28,Custom_Risk_8_positive,4,BTC,0.6190846835165722,1.2642171191028972,ETH,0.3248733871908586,0.6634156983091202,GNO,0.03043354193699055,0.062147563550002574,BCH,0.025608387355578577,0.05229423784746886
2023-01-04,Custom_Risk_8_positive,4,BTC,0.5992315540641434,1.2820532709328523,ETH,0.32970560034627877,0.7054036799330154,BCH,0.045574301236020694,0.09750601678740217,BNB,0.025488544353557154,0.05453262839409342
2023-01-11,Custom_Risk_8_positive,4,BTC,0.6316846057528103,1.2062791992004087,ETH,0.30198826707751186,0.576683619737807,ETC,0.03745678319604387,0.07152831971344287,BNB,0.02887034397363403,0.055131461321037065
2023-01-18,Custom_Risk_8_positive,4,BTC,0.5696801708001904,1.0934416372849403,ETH,0.2911221947895012,0.5587786720283561,ETC,0.07700893275400646,0.14781060993895934,BNB,0.062188701656301956,0.11936472295354247
2023-01-25,Custom_Risk_8_positive,4,BTC,0.5709669489687581,1.2211808584415342,ETH,0.26263218143720285,0.5617162138038313,AAVE,0.15703164477059867,0.33585838744221,BCH,0.009369224823440415,0.020038844688796076
2023-02-01,Custom_Risk_8_positive,4,BTC,0.5927141546205643,1.2363508798951723,ETH,0.1851829787299103,0.38627580750269147,INJ,0.12876882188257624,0.26860071587037526,AAVE,0.09333404476694913,0.1946868106189637
2023-02-08,Custom_Risk_8_positive,4,BTC,0.45600515025623234,1.0585177626355147,INJ,0.4279374313796938,0.9933645972145061,ETH,0.08470295280251458,0.1966196654550042,AAVE,0.03135446556155916,-0.0727826401000178
2023-02-15,Custom_Risk_8_positive,4,BTC,0.44379139324507955,0.9873845289622836,INJ,0.4374348769759238,0.9732420153448657,ETH,0.08524582225656335,0.18966209650739455,GNO,0.03352790752243314,-0.07459571699680703
2023-02-22,Custom_Risk_8_positive,4,BTC,0.4834900501554381,1.0602774101796635,INJ,0.36452143303505574,0.7993832362199262,ETH,0.12950581849701379,0.28400190199377756,AAVE,0.022482698312492472,-0.04930380083924482
2023-03-01,Custom_Risk_8_positive,4,BTC,0.5555150277904773,1.1288148210251192,INJ,0.2829974752797551,0.5750550901909434,ETH,0.15283342387385893,0.3105597965603472,BCH,0.008654073055908665,-0.017585205510278916
2023-03-08,Custom_Risk_8_positive,4,BTC,0.5742922090535867,1.1437161787129155,INJ,0.23588177093796253,0.46976398675126146,ETH,0.18450166779276725,0.3674393264046765,BCH,0.005324352215683487,-0.010603570228261538
2023-03-15,Custom_Risk_8_positive,4,BTC,0.6805852435583105,1.2495621559816052,ETH,0.2345046283708705,0.4305531331868559,GNO,0.0436912324517715,0.08021759380866085,INJ,0.04121889561904745,0.0756783555982357
2023-03-22,Custom_Risk_8_positive,4,BTC,0.5566169839980504,1.2642245114254291,ETH,0.22047095130561464,0.5007478907593242,INJ,0.17833697623138056,0.4050504801808117,BNB,0.04457508846495451,0.10124182527019296
2023-03-29,Custom_Risk_8_positive,4,BTC,0.5695007621465846,1.3299802292785108,ETH,0.23980160065719747,0.5600192467193277,INJ,0.17796283730006532,0.41560445725000444,BNB,0.012734799896152473,0.02974013945453048
2023-04-05,Custom_Risk_8_positive,4,BTC,0.5085851864617493,1.2015979774352232,ETH,0.3094666984983279,0.7311549154354184,INJ,0.15349655496108253,0.362655371989257,BNB,0.028451560078840418,-0.06722047349324953
2023-04-12,Custom_Risk_8_positive,4,BTC,0.4059614523229986,0.9956979527267699,ETH,0.29327159461462954,0.7193045661841988,INJ,0.26507272532886755,0.6501414565924453,GNO,0.03569422773350444,-0.08754690691700437
2023-04-19,Custom_Risk_8_positive,4,BTC,0.4134556208965818,1.0263913592339042,INJ,0.3066371776410486,0.7612177308610536,ETH,0.2394157098876976,0.5943424238874959,ETC,0.04049149157467199,-0.1005189311119107
2023-04-26,Custom_Risk_8_positive,4,INJ,0.4022338388645868,1.041063584025476,BTC,0.3691529081638131,0.955443357802192,ETH,0.16143257787925308,0.4178205856072329,BNB,0.06718067509234707,-0.17387735101132346
2023-05-03,Custom_Risk_8_positive,4,BTC,0.4209893245671211,1.0129799812331224,INJ,0.38463538198441716,0.9255055159054247,ETH,0.18687858845630895,0.44966524797747504,BNB,0.0074967049921527635,-0.018038490857386093
2023-05-10,Custom_Risk_8_positive,4,BTC,0.47109071700719407,1.08363011261146,INJ,0.2830473973868131,0.6510819934071617,ETH,0.24312183705380977,0.5592429104496697,BNB,0.0027400485521831643,-0.0063028181493921635
2023-05-17,Custom_Risk_8_positive,4,BTC,0.553777075871371,1.1364204517684033,ETH,0.26599606011151516,0.5458574866518247,INJ,0.13225906691933673,0.2714122977056053,GNO,0.04796779709777704,0.09843597364953513
2023-05-24,Custom_Risk_8_positive,4,BTC,0.605420589878309,1.1373348078259216,ETH,0.2684092921123428,0.5042300109493192,GNO,0.07514816958559842,0.1411723196121984,INJ,0.05102194842374976,0.09584913178637265
2023-05-31,Custom_Risk_8_positive,4,BTC,0.6033414761453286,1.1277343783172935,ETH,0.27562573499450665,0.5151852295786903,GNO,0.08212955152645862,0.15351226858114958,BNB,0.03890323733370609,0.07271589954225102
2023-06-07,Custom_Risk_8_positive,4,BTC,0.5455786296493519,1.0915474629400885,ETH,0.3029741423538485,0.6061649750382326,INJ,0.11447350921059535,0.22902889109308175,GNO,0.036973718786204035,0.07397388156951841
2023-06-14,Custom_Risk_8_positive,4,BTC,0.45528361774036713,1.050839186765232,ETH,0.36170225328959915,0.8348442309091546,INJ,0.13870399736531244,0.3201424125819772,GNO,0.04431013160472114,0.10227212411477271
2023-06-21,Custom_Risk_8_positive,4,BTC,0.6076765325541426,1.243396121758546,ETH,0.2694608646819093,0.5513568093586674,GNO,0.06228293854410682,0.12744011013880704,INJ,0.06057966421984134,0.12395495878668714
2023-06-28,Custom_Risk_8_positive,4,BTC,0.500552609037821,1.2199902307014479,ETH,0.2835540884781121,0.6911026165335852,BCH,0.11959292249970921,0.29148224277791446,INJ,0.09630037998435773,0.2347116380425792
2023-07-05,Custom_Risk_8_positive,4,BCH,0.41533181326498025,1.048908004767411,BTC,0.40149950188088934,1.0139749183246642,ETH,0.1764878750831764,0.44571482127478884,INJ,0.006680809770954068,0.01687218417485217
2023-07-12,Custom_Risk_8_positive,4,BCH,0.4647777112077029,1.0589208463866508,BTC,0.3946313497151267,0.8991037065120834,ETH,0.13878873174030404,0.3162076789385783,INJ,0.0018022073368663375,-0.004106037945666241
2023-07-19,Custom_Risk_8_positive,4,BCH,0.4251328904407231,0.9628564531803412,BTC,0.3804535070537358,0.8616649585075065,ETH,0.17982554674129744,0.4072754473243545,AAVE,0.014588055764243615,0.033039559977105844
2023-07-26,Custom_Risk_8_positive,4,BTC,0.476943535322874,0.9591684453710012,BCH,0.2713084579726157,0.5456212163006477,ETH,0.19056120723986777,0.38323257022982676,INJ,0.061186799464642616,0.12305114331825141
2023-08-02,Custom_Risk_8_positive,4,BTC,0.5845560519247281,1.063511416842382,BCH,0.2104094316248828,0.38280817041852144,ETH,0.1679538974829584,0.30556674058572886,AAVE,0.03708061896743065,0.06746258376009887
2023-08-09,Custom_Risk_8_positive,4,BTC,0.6374636882979456,1.124736574929219,ETH,0.1872775685263795,0.33043126197171196,BCH,0.16571086888529524,0.292379124521174,INJ,0.00954787429037958,0.01684620414362649
2023-08-16,Custom_Risk_8_positive,4,BTC,0.6540419879793898,1.1369090912321185,ETH,0.19670026628943374,0.34192043492975693,BCH,0.12136047844492248,0.2109586751250897,INJ,0.027897267286254097,0.04849330376519207
2023-08-23,Custom_Risk_8_positive,4,BTC,0.6368950697816367,1.2397100580658138,ETH,0.27588675992018097,0.5370108945536354,BCH,0.054111161724584245,0.10532684994184756,BNB,0.03310700857359808,0.06444247014697813
2023-08-30,Custom_Risk_8_positive,4,BTC,0.6607924291458744,1.1663743297484717,ETH,0.19346952922629615,0.3414958805895429,INJ,0.13564160990645002,0.2394229789302165,BCH,0.010096431721379287,0.01782135851207716
2023-09-06,Custom_Risk_8_positive,4,BTC,0.6356909817626413,1.1455459606409844,ETH,0.18854891665946358,0.33977428665667386,BCH,0.14952495378744976,0.26945121409666234,DCR,0.02623514779044553,0.04727700791795365
2023-09-13,Custom_Risk_8_positive,4,BTC,0.6494132109197542,1.1031633890617676,ETH,0.22803760869345568,0.3873693004851706,BCH,0.09483122989263569,0.1610905648332775,DCR,0.027717950494154313,0.04708470306859205
2023-09-20,Custom_Risk_8_positive,4,BTC,0.6467576228821517,1.1301465764337715,ETH,0.2096672426268384,0.3663732873979698,BCH,0.13644031941157603,0.23841630065892533,INJ,0.007134815079433798,0.012467401311139114
2023-09-27,Custom_Risk_8_positive,4,BTC,0.5914865083818661,1.0842404462740534,ETH,0.1614283618034358,0.2959106531810331,BCH,0.1255537155128594,0.23014965617971778,AAVE,0.1215314143018387,0.22277646744542767
2023-10-04,Custom_Risk_8_positive,4,BTC,0.5994557155892425,1.0646506512684786,ETH,0.20764009082429824,0.36877479382816025,BCH,0.12113635106589492,0.21514165550631456,AAVE,0.0717678425205644,0.1274617595472363
2023-10-11,Custom_Risk_8_positive,4,BTC,0.609494885618547,1.1498672407375405,ETH,0.19960254552381446,0.3765682595231832,AAVE,0.10021535561540021,0.18906533452543384,BCH,0.09068721324223836,0.17108963195844143
2023-10-18,Custom_Risk_8_positive,4,BTC,0.6627940471673914,1.195741596283908,ETH,0.20139009277250103,0.3633263033014794,AAVE,0.08449951230011414,0.15244491430598536,INJ,0.05131634775999347,0.09257942470702024
2023-10-25,Custom_Risk_8_positive,4,BTC,0.6633820697976549,1.2600386188843093,ETH,0.19187008283694956,0.36444113458904737,INJ,0.07837108641973262,0.1488593074619935,BCH,0.066376760945663,0.12607709191401306
2023-11-01,Custom_Risk_8_positive,4,BTC,0.5002582326676323,1.2051113199011907,INJ,0.24557524246927762,0.5915854757833241,ETH,0.15041428684283573,0.36234478097954215,AAVE,0.10375223802025434,0.24993690925694803
2023-11-08,Custom_Risk_8_positive,4,BTC,0.4811365444373583,1.162002409915146,INJ,0.3356511192747966,0.8106376744758151,ETH,0.11334418150785858,0.2737397804941398,AAVE,0.0698681547799865,0.16873996616825038
2023-11-15,Custom_Risk_8_positive,4,BTC,0.44805445455253334,0.9604259532919506,INJ,0.3559450525357967,0.7629850856915514,ETH,0.11586787099009539,0.24836827158142558,AAVE,0.08013262192157454,0.17176807197614444
2023-11-22,Custom_Risk_8_positive,4,BTC,0.42308195421374095,0.9256037309097536,INJ,0.22158828374374298,0.48478300744417857,ETH,0.1869439127862013,0.4089892783712485,GNO,0.16838584925631467,0.3683886035595659
2023-11-29,Custom_Risk_8_positive,4,BTC,0.45162783084352903,1.0197999381597467,GNO,0.2955898848221668,0.6674578617072209,ETH,0.1592787119123332,0.3596599001770505,INJ,0.0935035724219711,0.21113609671826933
2023-12-06,Custom_Risk_8_positive,4,BTC,0.4854221457822966,1.0641604130233986,GNO,0.21719534002503227,0.47614367155686776,ETH,0.1748929880692698,0.38340688828432534,INJ,0.12248952612340129,0.2685260774422478
2023-12-13,Custom_Risk_8_positive,4,BTC,0.6036901022150964,1.2828881212071845,ETH,0.25461794540150673,0.5410828112026714,GNO,0.10911189317324793,0.23187120531009203,INJ,0.03258005921014887,0.06923514365328204
2023-12-20,Custom_Risk_8_positive,4,BTC,0.41885269919229984,1.0235269567054674,INJ,0.2941371025659882,0.7187664160314058,ETH,0.1689775193856828,0.4129209302028693,GNO,0.11803267885602917,0.288429867622365
2023-12-27,Custom_Risk_8_positive,4,INJ,0.4374329183235201,1.2339900365006389,BTC,0.3157385717889473,0.8906925734344158,ETH,0.18890322536398915,0.5328924463558455,GNO,0.057925284523543494,-0.16340613833422604
2024-01-03,Custom_Risk_8_positive,4,INJ,0.4295748725282413,0.926682987075427,BTC,0.3451990494766381,0.7446666617670444,ETH,0.11302227314098776,0.24381271898872472,DCR,0.1122038048541328,0.24204711144183685
2024-01-10,Custom_Risk_8_positive,4,BTC,0.42043862825957323,0.7863281847582356,BNB,0.2175008454270622,0.4067824254779311,INJ,0.19031577394473906,0.3559393618904899,ETH,0.1717447523686255,0.3212067833319951
2024-01-17,Custom_Risk_8_positive,4,BTC,0.43800501140066683,0.9466056040417193,ETH,0.24660856619411875,0.5329643375940851,INJ,0.18457175765108233,0.3988919203952255,ETC,0.13081466475413198,0.28271341999287364
2024-01-24,Custom_Risk_8_positive,4,BTC,0.37201463062573437,0.687655792569358,ETH,0.2869102886519613,0.5303434480719579,ETC,0.21811475815558265,0.4031773606276428,INJ,0.12296032256672171,0.22728777609359388
2024-01-31,Custom_Risk_8_positive,4,BTC,0.5093593319751567,0.7229325598243032,GOHM,0.2085236699244545,0.29595717800610843,ETH,0.20576867743746222,0.2920470233355444,ETC,0.07634832066292656,0.10836100063408335
2024-02-07,Custom_Risk_8_positive,4,BTC,0.5908224777656632,0.8796744923118304,ETH,0.15041458331591465,0.22395199437080815,GOHM,0.1381272154269003,0.20565735509016705,GNO,0.120635723491522,0.17961430516048377
2024-02-14,Custom_Risk_8_positive,4,BTC,0.5311581583970141,1.0485125383913774,GNO,0.27059041245813964,0.5341487008070941,ETH,0.14195086439452426,0.2802126989865501,GOHM,0.05630056475032199,0.11113798616476275
2024-02-21,Custom_Risk_8_positive,4,BTC,0.45438617777443346,1.2206576000451372,ETH,0.2808307952134306,0.7544204935612403,GNO,0.26460719758498885,0.7108376146932514,BCH,0.0001758294271469709,-0.0004723460726947515
2024-02-28,Custom_Risk_8_positive,4,BTC,0.37755391095991364,1.058516217709193,ETH,0.2519817211379958,0.7064600065000075,GNO,0.2440826028311929,0.6843139113580023,BNB,0.12638176507089766,0.35432594939921574
2024-03-06,Custom_Risk_8_positive,4,BTC,0.4271564499297952,1.2203393651175745,GNO,0.30224960092258757,0.8634941276376189,ETH,0.2279251048490462,0.651157152822007,BNB,0.04266884429857106,0.12190023203483602
2024-03-13,Custom_Risk_8_positive,4,BTC,0.4525536011629907,0.9496914579222222,ETH,0.2819495102682243,0.591675860669262,BCH,0.17844080139769233,0.3744610680297083,GNO,0.08705608717109267,0.18268868512824518
2024-03-20,Custom_Risk_8_positive,4,BTC,0.324314270297557,0.7127138053407243,BNB,0.3067126420289223,0.6740324255419827,DCR,0.2298162356997333,0.5050447016233919,ETH,0.13915685197378738,0.3058114261160249
2024-03-27,Custom_Risk_8_positive,4,BTC,0.4602794053964472,1.0651049468020317,BNB,0.3310460139119296,0.7660537119469654,ETH,0.10775722747403764,0.2493545326830632,BCH,0.10091735321758553,0.23352679018440387
2024-04-03,Custom_Risk_8_positive,4,BTC,0.4462186417656236,0.9753349065605723,BCH,0.33264038223071574,0.7270780414675686,BNB,0.1604452492823643,0.3506977019106651,ETH,0.0606957267212963,0.1326673863649015
2024-04-10,Custom_Risk_8_positive,4,BCH,0.4569114701605583,1.0507874472256051,BTC,0.4123657575560612,0.9483429285618984,BNB,0.06939009798688765,0.15958068179105742,ETH,0.06133267429649284,0.14105052830668569
2024-04-17,Custom_Risk_8_positive,4,BCH,0.45901379791931046,0.9916406170397252,BTC,0.4191569468751047,0.9055349867909271,ETH,0.06359421942083836,0.13738717936693817,BNB,0.05823503578474641,0.12580934839145708
2024-04-24,Custom_Risk_8_positive,4,BTC,0.495739996427844,1.1602333130191347,GOHM,0.2875424742770089,0.6729663936097032,BNB,0.12396593827691527,0.29013073850192284,ETH,0.09275159101823179,0.21707646449814394
2024-05-01,Custom_Risk_8_positive,4,BTC,0.4967027793897839,1.1877111007852532,BNB,0.21884186104413453,0.5232926378989544,GOHM,0.19860236802277897,0.47489614902634947,ETH,0.08585299154330255,0.20529088082992952
2024-05-08,Custom_Risk_8_positive,4,BTC,0.3722682248272018,0.9180782813286091,GOHM,0.24794138812387997,0.6114666476964605,BNB,0.21182617406784635,0.5224002395554791,ETH,0.1679642129810718,0.41422900396603257
2024-05-15,Custom_Risk_8_positive,4,BTC,0.4609979875555109,1.0025849933001734,BNB,0.28129013228250743,0.61175378852582,GOHM,0.1606513121463948,0.3493867631961463,ETH,0.0970605680155869,0.2110887065898536
2024-05-22,Custom_Risk_8_positive,4,BTC,0.5771948356561549,1.3934464284715349,ETH,0.1908441254942896,0.46073015321157695,BNB,0.13861949136249418,0.33465101075623,GOHM,0.09334154748706124,0.22534235918100715
2024-05-29,Custom_Risk_8_positive,4,BTC,0.48872768823914264,1.1947724500551262,ETH,0.46963028319233485,1.1480858105081053,BCH,0.02936546546994214,0.0717885439495793,ETC,0.012276563098580384,0.03001200816838126
2024-06-05,Custom_Risk_8_positive,4,ETH,0.44015843123917636,1.0700054047217615,BTC,0.3819452860091348,0.9284918595952101,AAVE,0.13639703033274364,0.3315750631724894,ETC,0.041499252418945254,0.10088282134042612
2024-06-12,Custom_Risk_8_positive,4,BTC,0.365039838406068,1.0154189780098222,ETH,0.3432685709959652,0.9548585794514777,BNB,0.21108656647703988,0.5871723660070393,AAVE,0.08060502412092688,0.22421627067531621
2024-06-19,Custom_Risk_8_positive,4,BTC,0.39173939030740845,0.9453444186547103,ETH,0.3053079201256865,0.7367682326645965,INJ,0.2746520831475969,0.6627896512314553,BNB,0.028300606419308098,0.0682949455300937
2024-06-26,Custom_Risk_8_positive,4,BTC,0.42439326093639795,1.294292942913146,ETH,0.30219940300331544,0.9216323411845473,GOHM,0.15429718315183347,0.4705676872063346,GNO,0.11911015290845327,0.3632560752698206
2024-07-03,Custom_Risk_8_positive,4,BTC,0.3536380756949348,0.9276630986005733,ETH,0.30182325956340045,0.7917425171090522,GOHM,0.2283373511727543,0.5989743448833003,AAVE,0.11620131356891042,0.3048191866641137
2024-07-10,Custom_Risk_8_positive,4,BTC,0.3984931145611555,1.0743102835242684,ETH,0.2959128282736322,0.7977608215168457,GOHM,0.267429768685974,0.7209724337050416,BNB,0.03816428847923831,0.10288832122428127
2024-07-17,Custom_Risk_8_positive,4,BTC,0.3765192948825707,1.0735171318208565,GOHM,0.2985077562525394,0.8510936748100751,ETH,0.17482965573722448,0.49846749724416556,AAVE,0.15014329312766528,0.428082702775747
2024-07-24,Custom_Risk_8_positive,4,BTC,0.4039847060714136,1.0218189704887308,ETH,0.22421931004978296,0.5671292529531106,INJ,0.19666105644897544,0.4974247668682669,AAVE,0.17513492742982809,0.44297763888945557
2024-07-31,Custom_Risk_8_positive,4,BTC,0.5643736550361851,1.4138176243870741,ETH,0.30673423361350444,0.7684027445572915,GOHM,0.07840176656781134,0.196404985185827,BNB,0.050490344782499176,0.12648382623441284
2024-08-07,Custom_Risk_8_positive,4,BTC,0.4556642821574435,1.1109811963914087,AAVE,0.2243983396068594,0.5471184500665647,ETH,0.20549035378681624,0.5010178063903832,BCH,0.11444702444888097,0.2790398482488947
2024-08-14,Custom_Risk_8_positive,4,BTC,0.4590794998532006,1.2107997275342783,AAVE,0.25520296231494216,0.673085331267637,GOHM,0.24289587721322514,0.6406259962446941,ETH,0.042821660618632025,0.11294003549752171
2024-08-21,Custom_Risk_8_positive,4,BTC,0.43896553423767753,1.1103740293358664,GOHM,0.3156559863613813,0.7984595193077239,AAVE,0.22384336624908194,0.5662172565637467,ETH,0.02153511315185926,0.05447359416078125
2024-08-28,Custom_Risk_8_positive,4,AAVE,0.5123354509992682,1.111282135853468,BTC,0.39169073559300915,0.8495974978792497,GOHM,0.08369638441389936,0.1815417938643169,BNB,0.012277428993823121,0.02663037954612385
2024-09-04,Custom_Risk_8_positive,4,BTC,0.4420695101871098,0.9504381278553995,AAVE,0.3213842729052511,0.6909679578058862,GOHM,0.18973697161034023,0.40792963080841566,BNB,0.04680924529729907,0.10063867885360066
2024-09-11,Custom_Risk_8_positive,4,BTC,0.44715373264114106,0.9966147370682513,AAVE,0.33216783967130764,0.7403345651197438,GOHM,0.16903972936651096,0.3767551809120101,ETH,0.05163869832104039,0.11509215733433735
2024-09-18,Custom_Risk_8_positive,4,AAVE,0.47547046721707104,1.0107103784799296,BTC,0.3274412253962456,0.6960437454448257,GOHM,0.1284434074198966,0.2730329092497515,DCR,0.06864489996678669,0.14591886901457776
2024-09-25,Custom_Risk_8_positive,4,BTC,0.559827424050791,1.0563960326549628,GOHM,0.1764880103759919,0.3330334063010294,AAVE,0.16586627691240488,0.31299016331435897,INJ,0.09781828866081217,0.18458340485478741
2024-10-02,Custom_Risk_8_positive,4,BTC,0.3813705475871596,0.8351405410551154,AAVE,0.36633485020721407,0.8022147670946632,INJ,0.22500923251066798,0.49273425378610025,ETH,0.02728536969495836,0.059750598346162365
2024-10-09,Custom_Risk_8_positive,4,BTC,0.518154500931471,1.1545982822960232,INJ,0.23433831349277714,0.5221736253347562,GOHM,0.17980466708216258,0.40065686853761373,ETH,0.06770251849358938,0.15086081741891766
2024-10-16,Custom_Risk_8_positive,4,BTC,0.6256253106390536,1.0249090839463633,BNB,0.19704157871091937,0.32279656929108147,GNO,0.16350280336829892,0.26785282752018663,GOHM,0.013830307281728236,0.02265702382202816
2024-10-23,Custom_Risk_8_positive,4,BTC,0.6588972364543371,1.103596129973317,GNO,0.22104496378422334,0.3702312790004648,ETH,0.06766938563842155,0.11334039357958278,BCH,0.05238841412301808,0.08774608221567334
2024-10-30,Custom_Risk_8_positive,4,BTC,0.5476644692987607,1.1128773597698889,GNO,0.34092136864941514,0.69276663705698,ETH,0.09329151995968095,0.1895723134177121,GOHM,0.01812264209214336,-0.0368259750525408
2024-11-06,Custom_Risk_8_positive,4,BTC,0.5939921324529496,1.4066645737422367,GNO,0.30997169330985547,0.7340605641378677,ETH,0.04594043597317228,0.108794006275586,AAVE,0.050095738264022686,-0.11863440012321363
2024-11-13,Custom_Risk_8_positive,4,BTC,0.45311643549933917,1.15227282424993,GNO,0.4016733160852854,1.0214532294362155,AAVE,0.11098376215379928,0.28223115085620704,ETH,0.03422648626157629,0.08703778300453076
2024-11-20,Custom_Risk_8_positive,4,BTC,0.5980743893562174,1.6870858185090731,GNO,0.21052388199589772,0.5938589949572539,ETH,0.17815607694976493,0.5025538565974962,BCH,0.013245651698119929,0.0373641666229232
2024-11-27,Custom_Risk_8_positive,4,BTC,0.6299701350545351,1.7114821534592128,ETH,0.15480948921412355,0.4205813311343283,GOHM,0.12413127315855514,0.3372357622614071,ETC,0.09108910257278628,0.24746787943279835
2024-12-04,Custom_Risk_8_positive,4,ETC,0.3604620774955132,0.8215635856097091,BTC,0.3441018333418296,0.784275388910244,ETH,0.2551115417328686,0.5814491066930205,INJ,0.04032454742978859,0.09190753159024966
2024-12-11,Custom_Risk_8_positive,4,ETC,0.38842566953508517,0.7105094051120702,BTC,0.3486557669794909,0.637762179523294,DCR,0.2212312289429,0.4046768305930253,ETH,0.04168733454252386,0.07625459795684557
2024-12-18,Custom_Risk_8_positive,4,AAVE,0.40805080362566853,0.8382615123477535,BTC,0.34883417687726015,0.7166123974503097,ETH,0.12853349506529543,0.2640472240305113,DCR,0.11458152443177574,0.2353855968518166
2024-12-25,Custom_Risk_8_positive,4,AAVE,0.3962929096642109,1.0851191564310128,BTC,0.3635969654607737,0.9955919543854059,ETH,0.16605298626298756,0.45468205961398833,ETC,0.07405713861202787,-0.20278137160331744
2025-01-01,Custom_Risk_8_positive,4,AAVE,0.48250147949680927,1.1377999580917493,BTC,0.4058299939296845,0.9569988273758722,ETH,0.10764762844309105,0.2538468218977454,GNO,0.004020898130415159,-0.009481790043522167
2025-01-08,Custom_Risk_8_positive,4,BTC,0.41423271923507954,0.9533246902339209,AAVE,0.3198367372200922,0.73607961002891,ETH,0.14609848398740666,0.33623440525927667,GNO,0.11983205955742181,0.2757842530368555
2025-01-15,Custom_Risk_8_positive,4,BTC,0.5900643700116208,1.2371342153601057,ETH,0.1832375333952995,0.38417744507612034,BNB,0.15895411493488612,0.33326461357827386,GOHM,0.06774398165819366,0.14203263551132272
2025-01-22,Custom_Risk_8_positive,4,BTC,0.6040381735619743,1.2088587773213817,GOHM,0.25565059806913987,0.5116323486327348,ETH,0.13782197192915044,0.27582246911949626,BNB,0.0024892564397354065,-0.004981737293908262
2025-01-29,Custom_Risk_8_positive,4,BTC,0.5484967800257814,1.3677169814361902,AAVE,0.20608064752906752,0.5138772212256619,ETH,0.1641015225415139,0.4091991917418596,GOHM,0.0813210499036371,0.20278000701516674
2025-02-05,Custom_Risk_8_positive,4,BTC,0.5819642368099355,1.4401355428641707,ETH,0.2667375831635512,0.660071959468145,GOHM,0.10208092843707373,0.252610665728616,AAVE,0.049217251589439674,0.12179358945589093
2025-02-12,Custom_Risk_8_positive,4,BTC,0.48593376968056046,1.524265820875241,GOHM,0.3225723495246448,1.0118374927164637,ETH,0.1851214259974445,0.5806846117014743,AAVE,0.006372454797350211,-0.01998896896805228
2025-02-19,Custom_Risk_8_positive,4,BTC,0.4835702766414699,1.3771202792157962,GOHM,0.26052392512176126,0.7419247994269867,BNB,0.13277468572741197,0.3781181787095031,ETH,0.12313111250935699,0.35065503450030633
2025-02-26,Custom_Risk_8_positive,4,BTC,0.5507167595604142,1.3040959095807674,DCR,0.16914453296672188,0.4005338311220459,ETH,0.14524833465925488,0.3439476932820189,BNB,0.13489037281360908,0.31942006553144464
2025-03-05,Custom_Risk_8_positive,4,BTC,0.4259187486114069,1.133913907516403,DCR,0.22391259078106818,0.5961174556941833,GOHM,0.1990872321731049,0.5300254616778914,BNB,0.1510814284344199,0.4022206898093915
2025-03-12,Custom_Risk_8_positive,4,BTC,0.5067278883784072,1.1658100808932284,BCH,0.28003162656088787,0.6442583893662055,GOHM,0.1318041047949222,0.30323682117586703,ETH,0.08143638026578272,0.18735766324036693
2025-03-19,Custom_Risk_8_positive,4,BTC,0.4697714409634161,1.3381764130752973,BCH,0.2613505969853078,0.7444752361098141,GOHM,0.22055915074767735,0.6282779826146253,BNB,0.048318811303598795,0.13763947306313018
2025-03-26,Custom_Risk_8_positive,4,BTC,0.5342588461009552,1.3324002347108788,BNB,0.20499916923276343,0.511252070404943,BCH,0.16258242946416795,0.40546800255879745,DCR,0.0981595552021135,0.24480233756522102
2025-04-02,Custom_Risk_8_positive,4,BTC,0.5046806989346894,1.196055222711645,GOHM,0.31852068875533784,0.7548700279834423,BNB,0.09761585612317344,0.2313422224825349,DCR,0.0791827561867994,0.18765716478921707
2025-04-09,Custom_Risk_8_positive,4,GOHM,0.41186895700392345,1.2734828883692433,BTC,0.40783783916757127,1.261018827899773,BNB,0.09748250638595266,0.30141214016445916,ETH,0.08281069744255266,0.2560474742601416
2025-04-16,Custom_Risk_8_positive,4,BTC,0.4868563912799745,1.4424254195984374,DCR,0.24847747163007572,0.736172365601464,GOHM,0.14762732246581356,0.43738031659009197,BNB,0.11703881462413615,0.34675473983136196
2025-04-23,Custom_Risk_8_positive,4,BTC,0.5816188750247787,1.5573659170456098,BNB,0.15475794592295425,0.41438605368872966,DCR,0.13477729637642846,0.36088506886792865,GOHM,0.1288458826758384,0.3450028787708435
2025-04-30,Custom_Risk_8_positive,4,BTC,0.5459841329347446,1.2658345610022435,TRUMP,0.23882562735147722,0.5537042469156787,DCR,0.2120417282965107,0.4916072315318559,BCH,0.0031485114172675505,-0.007299652732149567
2025-05-07,Custom_Risk_8_positive,4,TRUMP,0.3705851360642498,0.7851768597419078,ETH,0.3234966249505134,0.6854081273019877,BTC,0.26068559657294416,0.5523273282650041,BCH,0.04523264241229255,0.09583661261836203
2025-05-14,Custom_Risk_8_positive,4,BTC,0.5584928728230317,1.2579605214784246,BCH,0.2507691200439648,0.5648373835580708,ETH,0.1750472041488415,0.39427982509669723,DCR,0.015690802984161877,-0.03534227859453089
2025-05-21,Custom_Risk_8_positive,4,ETH,0.3978039527435708,0.9317969560958628,BTC,0.3747556636454783,0.8778097458715743,INJ,0.1466807789795638,0.3435780424711642,AAVE,0.08075960463138712,0.18916743599966165
2025-05-28,Custom_Risk_8_positive,4,BTC,0.3963610157863985,1.0110356782205243,ETH,0.3678207955514429,0.9382354285174564,AAVE,0.19460679010098977,0.4964020178061751,TRUMP,0.04121139856116892,-0.10512182741292081
2025-06-04,Custom_Risk_8_positive,4,BTC,0.3104180449144929,0.8787280924108538,ETH,0.28957133250007483,0.8197154411392268,AAVE,0.20441193105988856,0.5786471153626178,INJ,0.19559869152554363,0.5536986908401061
2025-06-11,Custom_Risk_8_positive,4,ETH,0.4314385806747514,1.1979347388010977,BTC,0.31913269731037014,0.8861056046436252,AAVE,0.22992984206309228,0.6384244655720179,DCR,0.019498879951786192,0.05414069744394542
2025-06-18,Custom_Risk_8_positive,4,AAVE,0.3416615179393783,1.0496363067541028,BTC,0.33419912947579156,1.0267107109371532,ETH,0.290460529238547,0.8923390582778058,INJ,0.03367882334628322,-0.10346648333772515
2025-06-25,Custom_Risk_8_positive,4,BTC,0.4110818933038335,1.133300622656554,ETH,0.26623517143170355,0.733976588294093,BCH,0.187237503729268,0.5161900414918117,AAVE,0.135445431535195,0.37340586971892964
2025-07-02,Custom_Risk_8_positive,4,BTC,0.5263617270822768,1.3766298553321172,BCH,0.32598377622165053,0.8525676841821015,ETH,0.1335785789616667,0.349357201274486,BNB,0.014075917734406059,0.03681371117500206
2025-07-09,Custom_Risk_8_positive,4,BTC,0.4195892941381094,1.0784609497756268,BCH,0.35759790452253387,0.919125871744015,ETH,0.19132992246097305,0.49177100746007074,AAVE,0.03148287887838376,0.08091973730310906
2025-07-16,Custom_Risk_8_positive,4,ETH,0.3521761463430957,0.978246308217431,BTC,0.2806217459060895,0.7794883037612744,AAVE,0.19529826709991216,0.5424836712411153,BCH,0.17190384065090264,0.4775005327059109
2025-07-23,Custom_Risk_8_positive,4,ETH,0.5876402508076745,1.6729443115296658,BTC,0.21976907039625934,0.6256573059184719,AAVE,0.17507243673796963,0.4984111226960196,GNO,0.017518242058096555,0.0498724234066875
